<?xml version="1.0" encoding="UTF-8"?>
<osm version="0.6" generator="Overpass API 0.7.62.11 87bfad18">
<note>The data included in this document is from www.openstreetmap.org. The data is made available under ODbL.</note>
<meta osm_base="2026-05-22T21:14:07Z"/>

  <node id="1954323" lat="48.1590220" lon="11.5771884"/>
  <node id="1955520" lat="48.1591582" lon="11.5754019"/>
  <node id="1955522" lat="48.1603464" lon="11.5750509">
    <tag k="TMC:cid_58:tabcd_1:Class" v="Point"/>
    <tag k="TMC:cid_58:tabcd_1:Direction" v="both"/>
    <tag k="TMC:cid_58:tabcd_1:LCLversion" v="9.00"/>
    <tag k="TMC:cid_58:tabcd_1:LocationCode" v="30269"/>
    <tag k="TMC:cid_58:tabcd_1:NextLocationCode" v="30270"/>
    <tag k="tmc" v="DE:30269"/>
  </node>
  <node id="1955571" lat="48.1639796" lon="11.5808563"/>
  <node id="1955585" lat="48.1642389" lon="11.5863635">
    <tag k="TMC:cid_58:tabcd_1:Class" v="Point"/>
    <tag k="TMC:cid_58:tabcd_1:Direction" v="positive"/>
    <tag k="TMC:cid_58:tabcd_1:LCLversion" v="9.00"/>
    <tag k="TMC:cid_58:tabcd_1:LocationCode" v="30272"/>
    <tag k="TMC:cid_58:tabcd_1:NextLocationCode" v="30273"/>
  </node>
  <node id="1955586" lat="48.1610051" lon="11.5862676"/>
  <node id="6578727" lat="48.1633329" lon="11.5863346"/>
  <node id="6578728" lat="48.1633847" lon="11.5850470"/>
  <node id="6578732" lat="48.1643408" lon="11.5845763"/>
  <node id="7983340" lat="48.1618754" lon="11.5797926"/>
  <node id="13883760" lat="48.1657014" lon="11.5838329"/>
  <node id="13883762" lat="48.1642270" lon="11.5837551"/>
  <node id="13883763" lat="48.1642845" lon="11.5840081"/>
  <node id="18575308" lat="48.1596478" lon="11.5748825"/>
  <node id="21092020" lat="48.1618087" lon="11.5863990">
    <tag k="TMC:cid_58:tabcd_1:Class" v="Point"/>
    <tag k="TMC:cid_58:tabcd_1:Direction" v="positive"/>
    <tag k="TMC:cid_58:tabcd_1:LCLversion" v="8.00"/>
    <tag k="TMC:cid_58:tabcd_1:LocationCode" v="27948"/>
    <tag k="TMC:cid_58:tabcd_1:NextLocationCode" v="46572"/>
    <tag k="TMC:cid_58:tabcd_1:PrevLocationCode" v="46571"/>
  </node>
  <node id="21092022" lat="48.1642151" lon="11.5865502">
    <tag k="TMC:cid_58:tabcd_1:Class" v="Point"/>
    <tag k="TMC:cid_58:tabcd_1:Direction" v="positive"/>
    <tag k="TMC:cid_58:tabcd_1:LCLversion" v="8.00"/>
    <tag k="TMC:cid_58:tabcd_1:LocationCode" v="46572"/>
    <tag k="TMC:cid_58:tabcd_1:NextLocationCode" v="35344"/>
    <tag k="TMC:cid_58:tabcd_1:PrevLocationCode" v="27948"/>
    <tag k="tmc" v="DE:30272"/>
  </node>
  <node id="21095006" lat="48.1657346" lon="11.5740889"/>
  <node id="21495319" lat="48.1642892" lon="11.5865491">
    <tag k="TMC:cid_58:tabcd_1:Class" v="Point"/>
    <tag k="TMC:cid_58:tabcd_1:Direction" v="negative"/>
    <tag k="TMC:cid_58:tabcd_1:LCLversion" v="9.00"/>
    <tag k="TMC:cid_58:tabcd_1:LocationCode" v="30272"/>
    <tag k="TMC:cid_58:tabcd_1:NextLocationCode" v="30273"/>
    <tag k="tmc" v="DE:30272"/>
  </node>
  <node id="21495320" lat="48.1644701" lon="11.5863619">
    <tag k="TMC:cid_58:tabcd_1:Class" v="Point"/>
    <tag k="TMC:cid_58:tabcd_1:Direction" v="negative"/>
    <tag k="TMC:cid_58:tabcd_1:LCLversion" v="8.00"/>
    <tag k="TMC:cid_58:tabcd_1:LocationCode" v="46572"/>
    <tag k="TMC:cid_58:tabcd_1:NextLocationCode" v="35344"/>
    <tag k="TMC:cid_58:tabcd_1:PrevLocationCode" v="27948"/>
    <tag k="crossing" v="no"/>
    <tag k="highway" v="traffic_signals"/>
  </node>
  <node id="21495324" lat="48.1643947" lon="11.5879028"/>
  <node id="21558309" lat="48.1601714" lon="11.5772022">
    <tag k="highway" v="traffic_signals"/>
    <tag k="traffic_signals" v="signal"/>
    <tag k="traffic_signals:direction" v="forward"/>
  </node>
  <node id="21558310" lat="48.1637063" lon="11.5774417"/>
  <node id="21558311" lat="48.1627165" lon="11.5776127"/>
  <node id="27154122" lat="48.1581818" lon="11.5848898">
    <tag k="crossing" v="no"/>
  </node>
  <node id="27154457" lat="48.1588159" lon="11.5868493"/>
  <node id="27154458" lat="48.1589128" lon="11.5865160"/>
  <node id="27154459" lat="48.1584807" lon="11.5862848"/>
  <node id="27154460" lat="48.1584182" lon="11.5867315"/>
  <node id="27154461" lat="48.1592460" lon="11.5872061"/>
  <node id="27154463" lat="48.1597670" lon="11.5875873"/>
  <node id="27154464" lat="48.1600531" lon="11.5877937"/>
  <node id="27154465" lat="48.1599794" lon="11.5868819"/>
  <node id="27154466" lat="48.1602157" lon="11.5859026"/>
  <node id="27154468" lat="48.1592294" lon="11.5853816"/>
  <node id="27194225" lat="48.1609084" lon="11.5872782"/>
  <node id="27194229" lat="48.1609691" lon="11.5864211"/>
  <node id="27479770" lat="48.1599528" lon="11.5802378">
    <tag k="highway" v="traffic_signals"/>
  </node>
  <node id="27479817" lat="48.1585948" lon="11.5829040"/>
  <node id="27479818" lat="48.1597526" lon="11.5830628"/>
  <node id="27479835" lat="48.1608659" lon="11.5832355"/>
  <node id="27479836" lat="48.1610142" lon="11.5811342"/>
  <node id="27479854" lat="48.1626781" lon="11.5771601"/>
  <node id="27735971" lat="48.1587982" lon="11.5748638"/>
  <node id="27735973" lat="48.1588555" lon="11.5740818"/>
  <node id="27735974" lat="48.1588180" lon="11.5744534"/>
  <node id="27742333" lat="48.1612939" lon="11.5775672"/>
  <node id="27742468" lat="48.1620235" lon="11.5775857"/>
  <node id="27742558" lat="48.1611304" lon="11.5796665"/>
  <node id="27744774" lat="48.1634104" lon="11.5842807"/>
  <node id="27744785" lat="48.1634519" lon="11.5839387"/>
  <node id="27744793" lat="48.1637784" lon="11.5820465"/>
  <node id="27744798" lat="48.1619726" lon="11.5812871"/>
  <node id="27745850" lat="48.1657469" lon="11.5811708"/>
  <node id="27745853" lat="48.1650821" lon="11.5810369"/>
  <node id="28090410" lat="48.1620755" lon="11.5798207"/>
  <node id="28090804" lat="48.1631791" lon="11.5842952"/>
  <node id="28092161" lat="48.1618290" lon="11.5748415"/>
  <node id="28092163" lat="48.1611376" lon="11.5749581"/>
  <node id="28092164" lat="48.1625701" lon="11.5814784"/>
  <node id="28092165" lat="48.1619769" lon="11.5854534"/>
  <node id="28092166" lat="48.1636436" lon="11.5769816"/>
  <node id="28092168" lat="48.1639629" lon="11.5794833"/>
  <node id="28092173" lat="48.1651484" lon="11.5863228"/>
  <node id="29861235" lat="48.1642733" lon="11.5873705"/>
  <node id="29861236" lat="48.1644474" lon="11.5879832"/>
  <node id="29861238" lat="48.1642089" lon="11.5873197"/>
  <node id="31861958" lat="48.1647676" lon="11.5865302"/>
  <node id="35828732" lat="48.1642866" lon="11.5865190"/>
  <node id="36717053" lat="48.1655587" lon="11.5844582"/>
  <node id="38140637" lat="48.1646476" lon="11.5760066"/>
  <node id="38140638" lat="48.1647302" lon="11.5770174"/>
  <node id="38141007" lat="48.1648136" lon="11.5779981"/>
  <node id="38141009" lat="48.1649463" lon="11.5794168"/>
  <node id="38144228" lat="48.1657863" lon="11.5792180"/>
  <node id="38144233" lat="48.1659067" lon="11.5740417">
    <tag k="crossing" v="unmarked"/>
    <tag k="crossing:markings" v="no"/>
    <tag k="highway" v="crossing"/>
    <tag k="kerb" v="lowered"/>
    <tag k="tactile_paving" v="no"/>
  </node>
  <node id="38148611" lat="48.1649288" lon="11.5793309"/>
  <node id="38151028" lat="48.1636748" lon="11.5772108"/>
  <node id="38152434" lat="48.1658186" lon="11.5771489"/>
  <node id="38155990" lat="48.1658468" lon="11.5755023"/>
  <node id="38156717" lat="48.1658428" lon="11.5757557"/>
  <node id="38158003" lat="48.1635785" lon="11.5762372"/>
  <node id="45310085" lat="48.1637050" lon="11.5879338"/>
  <node id="45352927" lat="48.1642155" lon="11.5875701"/>
  <node id="54788210" lat="48.1651731" lon="11.5876178"/>
  <node id="54788211" lat="48.1659964" lon="11.5878061"/>
  <node id="259557371" lat="48.1637325" lon="11.5840574"/>
  <node id="259667717" lat="48.1644823" lon="11.5809334"/>
  <node id="259667718" lat="48.1644441" lon="11.5815673">
    <tag k="highway" v="turning_circle"/>
  </node>
  <node id="259667726" lat="48.1653615" lon="11.5853182"/>
  <node id="260827624" lat="48.1632149" lon="11.5875756"/>
  <node id="260827627" lat="48.1622886" lon="11.5870833"/>
  <node id="261063011" lat="48.1590486" lon="11.5860119"/>
  <node id="261063012" lat="48.1596062" lon="11.5863526"/>
  <node id="261063013" lat="48.1597053" lon="11.5863890"/>
  <node id="261063015" lat="48.1600968" lon="11.5864159"/>
  <node id="261063016" lat="48.1583010" lon="11.5871494"/>
  <node id="262685662" lat="48.1635162" lon="11.5741853"/>
  <node id="282041534" lat="48.1657936" lon="11.5789354"/>
  <node id="298608001" lat="48.1646159" lon="11.5757251"/>
  <node id="312385387" lat="48.1608427" lon="11.5876558"/>
  <node id="315972786" lat="48.1588779" lon="11.5852148"/>
  <node id="337203265" lat="48.1643888" lon="11.5850380"/>
  <node id="346218635" lat="48.1634416" lon="11.5840180"/>
  <node id="349280798" lat="48.1633532" lon="11.5842706">
    <tag k="crossing" v="unmarked"/>
    <tag k="crossing:markings" v="no"/>
    <tag k="highway" v="crossing"/>
  </node>
  <node id="349281268" lat="48.1653809" lon="11.5836682"/>
  <node id="352662164" lat="48.1642981" lon="11.5876804"/>
  <node id="370998985" lat="48.1624684" lon="11.5822460">
    <tag k="bus" v="yes"/>
    <tag k="mvv:zone" v="M"/>
    <tag k="name" v="Bismarckstraße"/>
    <tag k="public_transport" v="stop_position"/>
    <tag k="ref:IFOPT" v="de:09162:455:3:BIS 1"/>
  </node>
  <node id="370999587" lat="48.1599360" lon="11.5804724">
    <tag k="bus" v="yes"/>
    <tag k="mvv:zone" v="M"/>
    <tag k="name" v="Friedrichstraße"/>
    <tag k="public_transport" v="stop_position"/>
    <tag k="wheelchair" v="yes"/>
  </node>
  <node id="371326649" lat="48.1602504" lon="11.5831460"/>
  <node id="371634670" lat="48.1603885" lon="11.5747098">
    <tag k="bicycle" v="no"/>
    <tag k="button_operated" v="no"/>
    <tag k="crossing" v="traffic_signals"/>
    <tag k="crossing_ref" v="pelican"/>
    <tag k="highway" v="crossing"/>
    <tag k="tactile_paving" v="no"/>
    <tag k="traffic_signals:sound" v="no"/>
    <tag k="traffic_signals:vibration" v="yes"/>
  </node>
  <node id="371644443" lat="48.1592892" lon="11.5852235">
    <tag k="button_operated" v="no"/>
    <tag k="crossing" v="traffic_signals"/>
    <tag k="crossing_ref" v="pelican"/>
    <tag k="highway" v="traffic_signals"/>
  </node>
  <node id="371644450" lat="48.1603606" lon="11.5857536"/>
  <node id="371644455" lat="48.1582289" lon="11.5847588"/>
  <node id="371644475" lat="48.1591810" lon="11.5855144">
    <tag k="button_operated" v="yes"/>
    <tag k="crossing" v="traffic_signals"/>
    <tag k="crossing_ref" v="pelican"/>
    <tag k="highway" v="traffic_signals"/>
  </node>
  <node id="371644481" lat="48.1601994" lon="11.5859807"/>
  <node id="371644486" lat="48.1609838" lon="11.5863548"/>
  <node id="371652027" lat="48.1581393" lon="11.5850313">
    <tag k="crossing" v="marked"/>
    <tag k="crossing:markings" v="lines"/>
    <tag k="highway" v="crossing"/>
  </node>
  <node id="371658407" lat="48.1618649" lon="11.5861135"/>
  <node id="371663701" lat="48.1633369" lon="11.5862360"/>
  <node id="371668758" lat="48.1651519" lon="11.5862079">
    <tag k="crossing:markings" v="no"/>
    <tag k="crossing:signals" v="no"/>
    <tag k="highway" v="crossing"/>
    <tag k="tactile_paving" v="no"/>
  </node>
  <node id="372802159" lat="48.1617501" lon="11.5867172">
    <tag k="button_operated" v="no"/>
    <tag k="crossing" v="traffic_signals"/>
    <tag k="highway" v="traffic_signals"/>
  </node>
  <node id="372802468" lat="48.1642119" lon="11.5866822">
    <tag k="button_operated" v="yes"/>
    <tag k="crossing:signals" v="yes"/>
    <tag k="highway" v="crossing"/>
    <tag k="tactile_paving" v="no"/>
    <tag k="traffic_signals:sound" v="yes"/>
    <tag k="traffic_signals:vibration" v="no"/>
  </node>
  <node id="372802473" lat="48.1642867" lon="11.5866756">
    <tag k="button_operated" v="yes"/>
    <tag k="crossing:signals" v="yes"/>
    <tag k="highway" v="crossing"/>
    <tag k="tactile_paving" v="no"/>
    <tag k="traffic_signals:sound" v="yes"/>
    <tag k="traffic_signals:vibration" v="no"/>
  </node>
  <node id="372811160" lat="48.1641475" lon="11.5877096">
    <tag k="crossing:markings" v="no"/>
    <tag k="crossing:signals" v="no"/>
    <tag k="highway" v="crossing"/>
  </node>
  <node id="372815647" lat="48.1643319" lon="11.5873521">
    <tag k="crossing:markings" v="no"/>
    <tag k="crossing:signals" v="no"/>
    <tag k="highway" v="crossing"/>
    <tag k="tactile_paving" v="no"/>
  </node>
  <node id="388181873" lat="48.1593976" lon="11.5847611">
    <tag k="bus" v="yes"/>
    <tag k="mvv:zone" v="M"/>
    <tag k="name" v="Hohenzollernstraße"/>
    <tag k="public_transport" v="stop_position"/>
    <tag k="wheelchair" v="yes"/>
  </node>
  <node id="392379691" lat="48.1642452" lon="11.5850874"/>
  <node id="418766170" lat="48.1594583" lon="11.5844819"/>
  <node id="429637660" lat="48.1618844" lon="11.5860042">
    <tag k="button_operated" v="yes"/>
    <tag k="crossing" v="traffic_signals"/>
    <tag k="crossing:island" v="no"/>
    <tag k="highway" v="crossing"/>
    <tag k="tactile_paving" v="no"/>
    <tag k="traffic_signals:sound" v="yes"/>
    <tag k="traffic_signals:vibration" v="no"/>
  </node>
  <node id="440222919" lat="48.1590808" lon="11.5748408"/>
  <node id="457516630" lat="48.1634062" lon="11.5844115"/>
  <node id="457516633" lat="48.1635485" lon="11.5840398"/>
  <node id="457516636" lat="48.1634739" lon="11.5838059"/>
  <node id="457516649" lat="48.1632175" lon="11.5838715"/>
  <node id="506827150" lat="48.1638476" lon="11.5877021"/>
  <node id="506827152" lat="48.1637610" lon="11.5876859"/>
  <node id="559544811" lat="48.1644258" lon="11.5873751">
    <tag k="crossing" v="unmarked"/>
    <tag k="crossing:island" v="no"/>
    <tag k="crossing:markings" v="no"/>
    <tag k="highway" v="crossing"/>
    <tag k="kerb" v="lowered"/>
    <tag k="tactile_paving" v="no"/>
  </node>
  <node id="595311112" lat="48.1642204" lon="11.5864285"/>
  <node id="595311113" lat="48.1642658" lon="11.5864260"/>
  <node id="595311114" lat="48.1642156" lon="11.5865169"/>
  <node id="622117757" lat="48.1643787" lon="11.5865470">
    <tag k="button_operated" v="yes"/>
    <tag k="crossing" v="marked"/>
    <tag k="crossing:markings" v="lines"/>
    <tag k="highway" v="crossing"/>
    <tag k="tactile_paving" v="no"/>
  </node>
  <node id="638765406" lat="48.1658638" lon="11.5743049">
    <tag k="bicycle" v="yes"/>
    <tag k="crossing" v="unmarked"/>
    <tag k="crossing:markings" v="no"/>
    <tag k="foot" v="yes"/>
    <tag k="highway" v="crossing"/>
    <tag k="tactile_paving" v="no"/>
  </node>
  <node id="638765713" lat="48.1645107" lon="11.5742292">
    <tag k="button_operated" v="no"/>
    <tag k="crossing:signals" v="yes"/>
    <tag k="highway" v="crossing"/>
    <tag k="tactile_paving" v="no"/>
    <tag k="traffic_signals:sound" v="yes"/>
    <tag k="traffic_signals:vibration" v="yes"/>
  </node>
  <node id="667321236" lat="48.1611502" lon="11.5750651">
    <tag k="traffic_sign" v="DE:274.1:30"/>
  </node>
  <node id="667321239" lat="48.1603231" lon="11.5752278"/>
  <node id="667321240" lat="48.1603153" lon="11.5750016"/>
  <node id="667321243" lat="48.1618354" lon="11.5749287">
    <tag k="crossing:island" v="no"/>
    <tag k="crossing:markings" v="no"/>
    <tag k="crossing:signals" v="no"/>
    <tag k="highway" v="crossing"/>
    <tag k="tactile_paving" v="no"/>
  </node>
  <node id="667321260" lat="48.1634847" lon="11.5744282"/>
  <node id="673998817" lat="48.1626256" lon="11.5776052">
    <tag k="traffic_sign" v="DE:274.1:30"/>
  </node>
  <node id="675088780" lat="48.1591603" lon="11.5755132">
    <tag k="crossing" v="informal"/>
  </node>
  <node id="800203786" lat="48.1611055" lon="11.5800954">
    <tag k="crossing" v="unmarked"/>
    <tag k="crossing:markings" v="no"/>
    <tag k="highway" v="crossing"/>
  </node>
  <node id="800203818" lat="48.1610559" lon="11.5806999">
    <tag k="crossing" v="unmarked"/>
    <tag k="crossing:markings" v="no"/>
    <tag k="highway" v="crossing"/>
  </node>
  <node id="800527285" lat="48.1630770" lon="11.5817160"/>
  <node id="815844800" lat="48.1621619" lon="11.5864176">
    <tag k="bus" v="yes"/>
    <tag k="description" v="Münchner Freiheit, Stop Bus 59/142/N40/N41 Richtung Giesing Bahnhof/Scheidplatz/Kieferngarten/Dülferstraße und Ausstieg Bus 54/N45"/>
    <tag k="highway" v="bus_stop"/>
    <tag k="local_ref" v="3"/>
    <tag k="mvv:zone" v="M"/>
    <tag k="name" v="Münchner Freiheit"/>
    <tag k="public_transport" v="stop_position"/>
    <tag k="ref" v="8"/>
    <tag k="ref:IFOPT" v="de:09162:500:1:8"/>
    <tag k="wheelchair" v="yes"/>
  </node>
  <node id="866123048" lat="48.1635376" lon="11.5757692"/>
  <node id="939058079" lat="48.1637970" lon="11.5819328">
    <tag k="crossing" v="uncontrolled"/>
    <tag k="crossing_ref" v="zebra"/>
    <tag k="highway" v="crossing"/>
  </node>
  <node id="983179157" lat="48.1596878" lon="11.5772920"/>
  <node id="1078797514" lat="48.1595111" lon="11.5753301">
    <tag k="crossing" v="unmarked"/>
    <tag k="crossing:markings" v="no"/>
    <tag k="highway" v="crossing"/>
  </node>
  <node id="1078797524" lat="48.1617431" lon="11.5862079">
    <tag k="button_operated" v="no"/>
    <tag k="crossing" v="traffic_signals"/>
    <tag k="highway" v="crossing"/>
    <tag k="tactile_paving" v="no"/>
  </node>
  <node id="1078797525" lat="48.1587480" lon="11.5868301"/>
  <node id="1078797527" lat="48.1596165" lon="11.5749782"/>
  <node id="1078797551" lat="48.1617190" lon="11.5863861">
    <tag k="button_operated" v="no"/>
    <tag k="crossing" v="traffic_signals"/>
    <tag k="highway" v="traffic_signals"/>
    <tag k="tactile_paving" v="no"/>
  </node>
  <node id="1078797555" lat="48.1582069" lon="11.5770576"/>
  <node id="1078797560" lat="48.1596202" lon="11.5750714"/>
  <node id="1078797562" lat="48.1585152" lon="11.5867269"/>
  <node id="1078797571" lat="48.1596797" lon="11.5752048"/>
  <node id="1078797581" lat="48.1588480" lon="11.5867575"/>
  <node id="1078797582" lat="48.1597849" lon="11.5752776"/>
  <node id="1078797590" lat="48.1588967" lon="11.5869648"/>
  <node id="1078797596" lat="48.1596038" lon="11.5751794"/>
  <node id="1078797600" lat="48.1583659" lon="11.5868257"/>
  <node id="1078797615" lat="48.1594335" lon="11.5748160"/>
  <node id="1078797621" lat="48.1621794" lon="11.5853948"/>
  <node id="1078797622" lat="48.1584107" lon="11.5865861"/>
  <node id="1078797630" lat="48.1587235" lon="11.5879002"/>
  <node id="1078808647" lat="48.1585787" lon="11.5830287"/>
  <node id="1106546579" lat="48.1608761" lon="11.5830936">
    <tag k="check_date:crossing" v="2021-04-18"/>
    <tag k="crossing" v="uncontrolled"/>
    <tag k="crossing:island" v="no"/>
    <tag k="highway" v="crossing"/>
    <tag k="tactile_paving" v="yes"/>
  </node>
  <node id="1115606321" lat="48.1658452" lon="11.5756218"/>
  <node id="1159881598" lat="48.1595845" lon="11.5749088"/>
  <node id="1159881603" lat="48.1597402" lon="11.5747876"/>
  <node id="1213358933" lat="48.1639692" lon="11.5851048"/>
  <node id="1213358936" lat="48.1638164" lon="11.5840231"/>
  <node id="1249710063" lat="48.1591062" lon="11.5748387"/>
  <node id="1305559155" lat="48.1643188" lon="11.5877509"/>
  <node id="1305559163" lat="48.1644015" lon="11.5863632">
    <tag k="button_operated" v="yes"/>
    <tag k="check_date:crossing" v="2022-02-09"/>
    <tag k="crossing" v="marked"/>
    <tag k="crossing:markings" v="lines"/>
    <tag k="highway" v="crossing"/>
    <tag k="tactile_paving" v="no"/>
  </node>
  <node id="1305559167" lat="48.1653004" lon="11.5855774">
    <tag k="crossing" v="marked"/>
    <tag k="crossing:island" v="no"/>
    <tag k="crossing:markings" v="yes"/>
    <tag k="highway" v="crossing"/>
    <tag k="kerb" v="lowered"/>
    <tag k="tactile_paving" v="no"/>
  </node>
  <node id="1305559169" lat="48.1642750" lon="11.5875211"/>
  <node id="1374436770" lat="48.1625064" lon="11.5743837"/>
  <node id="1375023447" lat="48.1656477" lon="11.5838065">
    <tag k="crossing" v="unmarked"/>
    <tag k="crossing:markings" v="no"/>
    <tag k="highway" v="crossing"/>
    <tag k="kerb" v="lowered"/>
    <tag k="tactile_paving" v="no"/>
  </node>
  <node id="1375023503" lat="48.1656248" lon="11.5844910">
    <tag k="crossing:markings" v="no"/>
    <tag k="crossing:signals" v="no"/>
    <tag k="highway" v="crossing"/>
    <tag k="tactile_paving" v="no"/>
  </node>
  <node id="1375023542" lat="48.1655917" lon="11.5843074">
    <tag k="crossing" v="uncontrolled"/>
    <tag k="crossing:island" v="no"/>
    <tag k="crossing_ref" v="zebra"/>
    <tag k="highway" v="crossing"/>
    <tag k="tactile_paving" v="no"/>
  </node>
  <node id="1404398534" lat="48.1627843" lon="11.5797223">
    <tag k="highway" v="traffic_signals"/>
    <tag k="traffic_signals" v="signal"/>
    <tag k="traffic_signals:direction" v="forward"/>
  </node>
  <node id="1404398535" lat="48.1626591" lon="11.5815110">
    <tag k="button_operated" v="no"/>
    <tag k="crossing:signals" v="yes"/>
    <tag k="highway" v="crossing"/>
    <tag k="tactile_paving" v="yes"/>
    <tag k="traffic_signals:sound" v="yes"/>
    <tag k="traffic_signals:vibration" v="yes"/>
  </node>
  <node id="1404398536" lat="48.1628675" lon="11.5799216">
    <tag k="button_operated" v="no"/>
    <tag k="crossing" v="traffic_signals"/>
    <tag k="crossing:island" v="no"/>
    <tag k="crossing:markings" v="dashes"/>
    <tag k="crossing:signals" v="yes"/>
    <tag k="highway" v="crossing"/>
    <tag k="tactile_paving" v="no"/>
    <tag k="traffic_signals:sound" v="yes"/>
    <tag k="traffic_signals:vibration" v="yes"/>
  </node>
  <node id="1404411554" lat="48.1627334" lon="11.5847481"/>
  <node id="1404411555" lat="48.1619201" lon="11.5857919">
    <tag k="bus" v="yes"/>
    <tag k="description" v="Münchner Freiheit, Stop Bus N43 Richtung Ostbahnhof (Ringlinie) und Ausstieg Bus 53"/>
    <tag k="local_ref" v="4"/>
    <tag k="mvv:zone" v="M"/>
    <tag k="name" v="Münchner Freiheit"/>
    <tag k="public_transport" v="stop_position"/>
    <tag k="ref" v="6"/>
    <tag k="ref:IFOPT" v="de:09162:500:2:6"/>
    <tag k="wheelchair" v="yes"/>
  </node>
  <node id="1415228598" lat="48.1617413" lon="11.5867708"/>
  <node id="1452318363" lat="48.1595567" lon="11.5840249"/>
  <node id="1452318374" lat="48.1595468" lon="11.5840755"/>
  <node id="1452374268" lat="48.1597170" lon="11.5855349"/>
  <node id="1452374288" lat="48.1603446" lon="11.5858342"/>
  <node id="1452950503" lat="48.1598907" lon="11.5856281">
    <tag k="highway" v="traffic_signals"/>
  </node>
  <node id="1474437275" lat="48.1593728" lon="11.5748187"/>
  <node id="1506391591" lat="48.1627260" lon="11.5778027">
    <tag k="highway" v="traffic_signals"/>
    <tag k="traffic_signals" v="signal"/>
    <tag k="traffic_signals:direction" v="backward"/>
  </node>
  <node id="1562831828" lat="48.1624871" lon="11.5747112">
    <tag k="railway" v="tram_level_crossing"/>
  </node>
  <node id="1562831832" lat="48.1644980" lon="11.5743443"/>
  <node id="1562853073" lat="48.1603101" lon="11.5753513"/>
  <node id="1586637609" lat="48.1643308" lon="11.5780882"/>
  <node id="1643559079" lat="48.1601268" lon="11.5857346"/>
  <node id="1643559082" lat="48.1606525" lon="11.5861171"/>
  <node id="1643559084" lat="48.1606777" lon="11.5859935"/>
  <node id="1643559086" lat="48.1610573" lon="11.5861230"/>
  <node id="1643559089" lat="48.1613391" lon="11.5861725"/>
  <node id="1644583589" lat="48.1624433" lon="11.5864349">
    <tag k="highway" v="traffic_signals"/>
  </node>
  <node id="1644583591" lat="48.1632837" lon="11.5864855"/>
  <node id="1645965282" lat="48.1602240" lon="11.5751886"/>
  <node id="1666127040" lat="48.1608581" lon="11.5833506"/>
  <node id="1679383773" lat="48.1622745" lon="11.5876962"/>
  <node id="1679832033" lat="48.1587989" lon="11.5748414"/>
  <node id="1679832057" lat="48.1595185" lon="11.5748513"/>
  <node id="1679832062" lat="48.1595211" lon="11.5748092"/>
  <node id="1679832075" lat="48.1596811" lon="11.5748442"/>
  <node id="1679832077" lat="48.1602640" lon="11.5749293"/>
  <node id="1679832079" lat="48.1602943" lon="11.5749683"/>
  <node id="1680006248" lat="48.1604426" lon="11.5740658">
    <tag k="bus" v="yes"/>
    <tag k="description" v="Kurfürstenplatz, Stop Bus 53/59/N43"/>
    <tag k="highway" v="bus_stop"/>
    <tag k="mvv:zone" v="M"/>
    <tag k="name" v="Kurfürstenplatz"/>
    <tag k="network" v="Münchner Verkehrs- und Tarifverbund"/>
    <tag k="network:guid" v="DE-BY-MVV"/>
    <tag k="network:short" v="MVV"/>
    <tag k="network:wikidata" v="Q259000"/>
    <tag k="public_transport" v="stop_position"/>
    <tag k="wheelchair" v="yes"/>
  </node>
  <node id="1680006268" lat="48.1602011" lon="11.5748754"/>
  <node id="1680006274" lat="48.1602653" lon="11.5748116"/>
  <node id="1680006278" lat="48.1602813" lon="11.5748207"/>
  <node id="1680006280" lat="48.1602870" lon="11.5747621"/>
  <node id="1680006283" lat="48.1602889" lon="11.5748989"/>
  <node id="1680006290" lat="48.1603045" lon="11.5749560"/>
  <node id="1680006293" lat="48.1603156" lon="11.5749853"/>
  <node id="1680006296" lat="48.1603330" lon="11.5745006"/>
  <node id="1680006299" lat="48.1603663" lon="11.5748991"/>
  <node id="1680006305" lat="48.1603994" lon="11.5742702"/>
  <node id="1680006307" lat="48.1604332" lon="11.5743132"/>
  <node id="1693273956" lat="48.1648932" lon="11.5789903"/>
  <node id="1693399457" lat="48.1627624" lon="11.5800827">
    <tag k="highway" v="traffic_signals"/>
    <tag k="traffic_signals" v="signal"/>
    <tag k="traffic_signals:direction" v="backward"/>
  </node>
  <node id="1693994289" lat="48.1648991" lon="11.5830537"/>
  <node id="1693994290" lat="48.1649180" lon="11.5821471"/>
  <node id="1693994293" lat="48.1653282" lon="11.5825734"/>
  <node id="1693994295" lat="48.1658100" lon="11.5819710"/>
  <node id="1693994296" lat="48.1659042" lon="11.5819382"/>
  <node id="1701728524" lat="48.1624940" lon="11.5749752">
    <tag k="highway" v="traffic_signals"/>
    <tag k="traffic_signals" v="signal"/>
    <tag k="traffic_signals:direction" v="backward"/>
  </node>
  <node id="1701728527" lat="48.1634617" lon="11.5745581"/>
  <node id="1701728528" lat="48.1634650" lon="11.5745393"/>
  <node id="1701728529" lat="48.1644995" lon="11.5743637">
    <tag k="highway" v="traffic_signals"/>
  </node>
  <node id="1701728530" lat="48.1645200" lon="11.5743384"/>
  <node id="1701728531" lat="48.1645691" lon="11.5742803"/>
  <node id="1701728532" lat="48.1645813" lon="11.5744072"/>
  <node id="1701728536" lat="48.1647382" lon="11.5742278"/>
  <node id="1701728539" lat="48.1659460" lon="11.5742194">
    <tag k="crossing" v="unmarked"/>
    <tag k="crossing:markings" v="no"/>
    <tag k="highway" v="crossing"/>
    <tag k="kerb" v="lowered"/>
    <tag k="tactile_paving" v="no"/>
  </node>
  <node id="1701728540" lat="48.1659823" lon="11.5742157"/>
  <node id="1701847425" lat="48.1624109" lon="11.5862583">
    <tag k="highway" v="traffic_signals"/>
  </node>
  <node id="1703216450" lat="48.1596096" lon="11.5749585"/>
  <node id="1703216455" lat="48.1596114" lon="11.5751468"/>
  <node id="1703216469" lat="48.1596197" lon="11.5749564"/>
  <node id="1703216471" lat="48.1596694" lon="11.5751774"/>
  <node id="1703216475" lat="48.1597087" lon="11.5752502"/>
  <node id="1703216494" lat="48.1603363" lon="11.5750361"/>
  <node id="1703216497" lat="48.1602951" lon="11.5751423"/>
  <node id="1703216500" lat="48.1603396" lon="11.5750373">
    <tag k="railway" v="tram_level_crossing"/>
  </node>
  <node id="1703216505" lat="48.1603422" lon="11.5750822"/>
  <node id="1703216513" lat="48.1603482" lon="11.5750400"/>
  <node id="1703216542" lat="48.1604052" lon="11.5750605"/>
  <node id="1703216549" lat="48.1604461" lon="11.5750652"/>
  <node id="1703216560" lat="48.1604856" lon="11.5750685"/>
  <node id="1703216597" lat="48.1611411" lon="11.5749845">
    <tag k="railway" v="tram_level_crossing"/>
  </node>
  <node id="1703216604" lat="48.1618304" lon="11.5748644">
    <tag k="railway" v="tram_level_crossing"/>
  </node>
  <node id="1703216607" lat="48.1624861" lon="11.5747462">
    <tag k="railway" v="tram_level_crossing"/>
  </node>
  <node id="1703216622" lat="48.1634584" lon="11.5745768"/>
  <node id="1703216623" lat="48.1645011" lon="11.5743831"/>
  <node id="1703216626" lat="48.1645262" lon="11.5743773"/>
  <node id="1706016491" lat="48.1587894" lon="11.5872774"/>
  <node id="1706016500" lat="48.1588325" lon="11.5870015"/>
  <node id="1706016502" lat="48.1588092" lon="11.5875621"/>
  <node id="1824126058" lat="48.1623924" lon="11.5747443">
    <tag k="bicycle" v="yes"/>
    <tag k="button_operated" v="no"/>
    <tag k="crossing" v="traffic_signals"/>
    <tag k="crossing:island" v="no"/>
    <tag k="crossing:markings" v="dashes"/>
    <tag k="crossing_ref" v="pelican"/>
    <tag k="highway" v="crossing"/>
    <tag k="tactile_paving" v="no"/>
    <tag k="traffic_signals:sound" v="no"/>
    <tag k="traffic_signals:vibration" v="yes"/>
  </node>
  <node id="1842043029" lat="48.1590962" lon="11.5853198">
    <tag k="bus" v="yes"/>
    <tag k="mvv:zone" v="M"/>
    <tag k="name" v="Hohenzollernstraße"/>
    <tag k="public_transport" v="stop_position"/>
  </node>
  <node id="1842043030" lat="48.1589724" lon="11.5852566">
    <tag k="bus" v="yes"/>
    <tag k="mvv:zone" v="M"/>
    <tag k="name" v="Hohenzollernstraße"/>
    <tag k="public_transport" v="stop_position"/>
    <tag k="wheelchair" v="yes"/>
  </node>
  <node id="1851814657" lat="48.1626594" lon="11.5769610">
    <tag k="bus" v="yes"/>
    <tag k="mvv:zone" v="M"/>
    <tag k="name" v="Pündterplatz"/>
    <tag k="public_transport" v="stop_position"/>
    <tag k="ref:IFOPT" v="de:09162:452:3:PUN 1"/>
    <tag k="wheelchair" v="yes"/>
  </node>
  <node id="1854999673" lat="48.1643112" lon="11.5879006"/>
  <node id="1918378851" lat="48.1591116" lon="11.5754100">
    <tag k="check_date:crossing" v="2021-08-08"/>
    <tag k="crossing" v="uncontrolled"/>
    <tag k="crossing:island" v="no"/>
    <tag k="highway" v="crossing"/>
    <tag k="kerb" v="lowered"/>
    <tag k="tactile_paving" v="no"/>
  </node>
  <node id="2036265386" lat="48.1584673" lon="11.5867134"/>
  <node id="2119981362" lat="48.1654200" lon="11.5876762"/>
  <node id="2203963782" lat="48.1633402" lon="11.5861525">
    <tag k="crossing:island" v="no"/>
    <tag k="crossing:markings" v="no"/>
    <tag k="crossing:signals" v="no"/>
    <tag k="highway" v="crossing"/>
    <tag k="tactile_paving" v="no"/>
  </node>
  <node id="2203963796" lat="48.1603744" lon="11.5856870">
    <tag k="crossing:island" v="no"/>
    <tag k="crossing:markings" v="no"/>
    <tag k="crossing:signals" v="no"/>
    <tag k="highway" v="crossing"/>
    <tag k="tactile_paving" v="no"/>
  </node>
  <node id="2203963799" lat="48.1582468" lon="11.5846738">
    <tag k="crossing" v="informal"/>
  </node>
  <node id="2203963817" lat="48.1593056" lon="11.5851643">
    <tag k="button_operated" v="no"/>
    <tag k="crossing" v="traffic_signals"/>
    <tag k="highway" v="crossing"/>
    <tag k="tactile_paving" v="no"/>
    <tag k="traffic_signals:sound" v="no"/>
    <tag k="traffic_signals:vibration" v="yes"/>
  </node>
  <node id="2242609945" lat="48.1581175" lon="11.5851051">
    <tag k="crossing" v="informal"/>
  </node>
  <node id="2242609954" lat="48.1601820" lon="11.5860556"/>
  <node id="2242609956" lat="48.1591677" lon="11.5855676">
    <tag k="button_operated" v="yes"/>
    <tag k="crossing" v="traffic_signals"/>
    <tag k="crossing:island" v="no"/>
    <tag k="highway" v="crossing"/>
    <tag k="tactile_paving" v="no"/>
    <tag k="traffic_signals:sound" v="no"/>
    <tag k="traffic_signals:vibration" v="yes"/>
  </node>
  <node id="2280537506" lat="48.1601759" lon="11.5752016">
    <tag k="button_operated" v="no"/>
    <tag k="crossing" v="traffic_signals"/>
    <tag k="crossing:bicycle" v="no"/>
    <tag k="crossing_ref" v="pelican"/>
    <tag k="highway" v="traffic_signals"/>
    <tag k="tactile_paving" v="no"/>
    <tag k="traffic_signals:sound" v="yes"/>
    <tag k="traffic_signals:vibration" v="yes"/>
  </node>
  <node id="2280537511" lat="48.1601681" lon="11.5748578">
    <tag k="bicycle" v="no"/>
    <tag k="button_operated" v="no"/>
    <tag k="check_date:tactile_paving" v="2022-07-27"/>
    <tag k="crossing" v="traffic_signals"/>
    <tag k="crossing_ref" v="pelican"/>
    <tag k="highway" v="crossing"/>
    <tag k="tactile_paving" v="no"/>
    <tag k="traffic_signals:sound" v="yes"/>
    <tag k="traffic_signals:vibration" v="yes"/>
  </node>
  <node id="2280545515" lat="48.1624906" lon="11.5748613">
    <tag k="button_operated" v="no"/>
    <tag k="crossing" v="unmarked"/>
    <tag k="crossing:island" v="no"/>
    <tag k="crossing:markings" v="no"/>
    <tag k="crossing:signals" v="yes"/>
    <tag k="highway" v="crossing"/>
    <tag k="tactile_paving" v="no"/>
    <tag k="traffic_signals:sound" v="yes"/>
    <tag k="traffic_signals:vibration" v="yes"/>
  </node>
  <node id="2280545532" lat="48.1634416" lon="11.5746713">
    <tag k="button_operated" v="no"/>
    <tag k="crossing" v="traffic_signals"/>
    <tag k="crossing_ref" v="pelican"/>
    <tag k="highway" v="traffic_signals"/>
    <tag k="tactile_paving" v="no"/>
    <tag k="traffic_signals:sound" v="yes"/>
    <tag k="traffic_signals:vibration" v="yes"/>
  </node>
  <node id="2280545538" lat="48.1645102" lon="11.5744774">
    <tag k="button_operated" v="no"/>
    <tag k="crossing:signals" v="yes"/>
    <tag k="highway" v="crossing"/>
    <tag k="tactile_paving" v="no"/>
    <tag k="traffic_signals:sound" v="yes"/>
    <tag k="traffic_signals:vibration" v="yes"/>
  </node>
  <node id="2280563832" lat="48.1634742" lon="11.5744874">
    <tag k="button_operated" v="no"/>
    <tag k="crossing" v="traffic_signals"/>
    <tag k="crossing_ref" v="pelican"/>
    <tag k="highway" v="traffic_signals"/>
    <tag k="tactile_paving" v="no"/>
    <tag k="traffic_signals:sound" v="yes"/>
    <tag k="traffic_signals:vibration" v="yes"/>
  </node>
  <node id="2280563865" lat="48.1624946" lon="11.5745659">
    <tag k="button_operated" v="no"/>
    <tag k="crossing" v="traffic_signals"/>
    <tag k="crossing:island" v="no"/>
    <tag k="crossing:markings" v="dashes"/>
    <tag k="crossing:signals" v="yes"/>
    <tag k="highway" v="crossing"/>
    <tag k="tactile_paving" v="no"/>
    <tag k="traffic_signals:sound" v="yes"/>
    <tag k="traffic_signals:vibration" v="yes"/>
  </node>
  <node id="2329213041" lat="48.1610807" lon="11.5804091"/>
  <node id="2396591569" lat="48.1624253" lon="11.5825791"/>
  <node id="2396591571" lat="48.1626396" lon="11.5809760"/>
  <node id="2396591573" lat="48.1626470" lon="11.5809229"/>
  <node id="2398525099" lat="48.1623841" lon="11.5829055"/>
  <node id="2403974119" lat="48.1628201" lon="11.5815876"/>
  <node id="2481335050" lat="48.1597244" lon="11.5772977"/>
  <node id="2481335052" lat="48.1600900" lon="11.5783200"/>
  <node id="2481363133" lat="48.1587689" lon="11.5805197"/>
  <node id="2481363135" lat="48.1588029" lon="11.5800517"/>
  <node id="2483709351" lat="48.1608726" lon="11.5774957"/>
  <node id="2483709378" lat="48.1611897" lon="11.5787902"/>
  <node id="2483776374" lat="48.1593885" lon="11.5801474"/>
  <node id="2484942149" lat="48.1604540" lon="11.5803090"/>
  <node id="2484948255" lat="48.1612967" lon="11.5774743">
    <tag k="crossing" v="unmarked"/>
    <tag k="crossing:markings" v="no"/>
    <tag k="highway" v="crossing"/>
    <tag k="kerb" v="lowered"/>
    <tag k="tactile_paving" v="no"/>
  </node>
  <node id="2484948262" lat="48.1612815" lon="11.5776781">
    <tag k="crossing" v="unmarked"/>
    <tag k="crossing:markings" v="no"/>
    <tag k="highway" v="crossing"/>
    <tag k="kerb" v="lowered"/>
    <tag k="tactile_paving" v="no"/>
  </node>
  <node id="2485085544" lat="48.1600536" lon="11.5788294"/>
  <node id="2485085549" lat="48.1600869" lon="11.5783634"/>
  <node id="2485185147" lat="48.1611499" lon="11.5793412"/>
  <node id="2485185398" lat="48.1598231" lon="11.5820494"/>
  <node id="2485185553" lat="48.1609095" lon="11.5825845"/>
  <node id="2485185561" lat="48.1609158" lon="11.5825067"/>
  <node id="2493799993" lat="48.1586218" lon="11.5825844"/>
  <node id="2495053291" lat="48.1602082" lon="11.5766936"/>
  <node id="2495053313" lat="48.1612427" lon="11.5766199"/>
  <node id="2495053356" lat="48.1602167" lon="11.5765807"/>
  <node id="2495190868" lat="48.1620228" lon="11.5774989">
    <tag k="crossing" v="unmarked"/>
    <tag k="crossing:markings" v="no"/>
    <tag k="highway" v="crossing"/>
    <tag k="kerb" v="lowered"/>
  </node>
  <node id="2495190869" lat="48.1620219" lon="11.5777072">
    <tag k="crossing" v="unmarked"/>
    <tag k="crossing:markings" v="no"/>
    <tag k="highway" v="crossing"/>
  </node>
  <node id="2495339082" lat="48.1627108" lon="11.5775105">
    <tag k="button_operated" v="no"/>
    <tag k="crossing" v="traffic_signals"/>
    <tag k="crossing:island" v="no"/>
    <tag k="crossing:markings" v="dashes"/>
    <tag k="highway" v="crossing"/>
  </node>
  <node id="2495339083" lat="48.1627219" lon="11.5777303"/>
  <node id="2502762475" lat="48.1589164" lon="11.5786298"/>
  <node id="2502762477" lat="48.1590126" lon="11.5773162">
    <tag k="crossing" v="unmarked"/>
    <tag k="crossing:markings" v="no"/>
    <tag k="highway" v="crossing"/>
    <tag k="kerb" v="lowered"/>
    <tag k="tactile_paving" v="no"/>
  </node>
  <node id="2502762478" lat="48.1590294" lon="11.5770986">
    <tag k="crossing" v="unmarked"/>
    <tag k="crossing:markings" v="no"/>
    <tag k="highway" v="crossing"/>
    <tag k="kerb" v="lowered"/>
    <tag k="tactile_paving" v="no"/>
  </node>
  <node id="2502762481" lat="48.1601489" lon="11.5774973">
    <tag k="button_operated" v="no"/>
    <tag k="crossing" v="traffic_signals"/>
    <tag k="crossing:island" v="no"/>
    <tag k="crossing:markings" v="dashes"/>
    <tag k="highway" v="crossing"/>
    <tag k="kerb" v="lowered"/>
    <tag k="tactile_paving" v="no"/>
    <tag k="traffic_signals:sound" v="yes"/>
    <tag k="traffic_signals:vibration" v="yes"/>
  </node>
  <node id="2502762482" lat="48.1601654" lon="11.5772855">
    <tag k="button_operated" v="no"/>
    <tag k="crossing" v="traffic_signals"/>
    <tag k="crossing:island" v="no"/>
    <tag k="crossing:markings" v="dashes"/>
    <tag k="highway" v="crossing"/>
    <tag k="kerb" v="lowered"/>
    <tag k="tactile_paving" v="no"/>
    <tag k="traffic_signals:sound" v="yes"/>
    <tag k="traffic_signals:vibration" v="yes"/>
  </node>
  <node id="2502842243" lat="48.1619391" lon="11.5761919"/>
  <node id="2502842247" lat="48.1619894" lon="11.5768775"/>
  <node id="2502930306" lat="48.1619642" lon="11.5787920"/>
  <node id="2503091009" lat="48.1599486" lon="11.5773325"/>
  <node id="2503091022" lat="48.1598023" lon="11.5773098"/>
  <node id="2509329312" lat="48.1613693" lon="11.5833634"/>
  <node id="2509329314" lat="48.1618477" lon="11.5834865"/>
  <node id="2509329348" lat="48.1609131" lon="11.5825350"/>
  <node id="2509348142" lat="48.1609731" lon="11.5860943"/>
  <node id="2509348158" lat="48.1607415" lon="11.5839161"/>
  <node id="2509348167" lat="48.1606539" lon="11.5843368"/>
  <node id="2509512204" lat="48.1619717" lon="11.5835165"/>
  <node id="2509512209" lat="48.1606104" lon="11.5845469"/>
  <node id="2509512211" lat="48.1606228" lon="11.5844872"/>
  <node id="2510456142" lat="48.1595309" lon="11.5841485"/>
  <node id="2518385484" lat="48.1582792" lon="11.5872583"/>
  <node id="2518516427" lat="48.1588837" lon="11.5866304"/>
  <node id="2518516428" lat="48.1584521" lon="11.5864036"/>
  <node id="2579748000" lat="48.1581678" lon="11.5878170"/>
  <node id="2584356321" lat="48.1588591" lon="11.5793852"/>
  <node id="2584356324" lat="48.1588888" lon="11.5790061"/>
  <node id="2584356326" lat="48.1594697" lon="11.5844291"/>
  <node id="2584356329" lat="48.1599866" lon="11.5797653"/>
  <node id="2589310212" lat="48.1588807" lon="11.5869410"/>
  <node id="2607185468" lat="48.1609182" lon="11.5871450"/>
  <node id="2611129300" lat="48.1619998" lon="11.5808761"/>
  <node id="2611129306" lat="48.1615511" lon="11.5797403"/>
  <node id="2611264244" lat="48.1607941" lon="11.5832251"/>
  <node id="2619993447" lat="48.1615731" lon="11.5877951"/>
  <node id="2677444958" lat="48.1611601" lon="11.5791844"/>
  <node id="2709447006" lat="48.1628278" lon="11.5862883">
    <tag k="bus" v="yes"/>
    <tag k="description" v="Münchner Freiheit, Stop Bus 54/N40/N41/N45 Richtung Lorettoplatz/Klinikum Großhadern/Fürstenried West/Waldperlach und Ausstieg Bus 142 (Endhaltestelle)"/>
    <tag k="local_ref" v="5"/>
    <tag k="mvv:zone" v="M"/>
    <tag k="name" v="Münchner Freiheit"/>
    <tag k="public_transport" v="stop_position"/>
    <tag k="ref" v="41"/>
    <tag k="ref:IFOPT" v="de:09162:500:41:41"/>
    <tag k="wheelchair" v="yes"/>
  </node>
  <node id="2827731321" lat="48.1582022" lon="11.5749196"/>
  <node id="2829430006" lat="48.1588380" lon="11.5742172"/>
  <node id="2836569213" lat="48.1634980" lon="11.5753157"/>
  <node id="2836569231" lat="48.1635308" lon="11.5756914"/>
  <node id="2889697959" lat="48.1630934" lon="11.5775664"/>
  <node id="2904937024" lat="48.1615304" lon="11.5879910"/>
  <node id="2962877948" lat="48.1625059" lon="11.5862659">
    <tag k="button_operated" v="yes"/>
    <tag k="crossing" v="traffic_signals"/>
    <tag k="highway" v="traffic_signals"/>
    <tag k="tactile_paving" v="no"/>
    <tag k="traffic_signals:sound" v="yes"/>
    <tag k="traffic_signals:vibration" v="yes"/>
  </node>
  <node id="2962877950" lat="48.1625282" lon="11.5864401">
    <tag k="button_operated" v="yes"/>
    <tag k="crossing" v="traffic_signals"/>
    <tag k="highway" v="traffic_signals"/>
    <tag k="tactile_paving" v="no"/>
    <tag k="traffic_signals:sound" v="yes"/>
    <tag k="traffic_signals:vibration" v="yes"/>
  </node>
  <node id="3022426836" lat="48.1655580" lon="11.5771153"/>
  <node id="3022426838" lat="48.1656005" lon="11.5789305"/>
  <node id="3022426839" lat="48.1656287" lon="11.5792412"/>
  <node id="3044120565" lat="48.1620067" lon="11.5783110"/>
  <node id="3044120587" lat="48.1627621" lon="11.5789911"/>
  <node id="3044120589" lat="48.1636754" lon="11.5840587"/>
  <node id="3044120612" lat="48.1648760" lon="11.5786814"/>
  <node id="3044120613" lat="48.1649864" lon="11.5799110"/>
  <node id="3046332205" lat="48.1609049" lon="11.5803810"/>
  <node id="3046332619" lat="48.1628478" lon="11.5816017"/>
  <node id="3046332637" lat="48.1631858" lon="11.5817659"/>
  <node id="3050373047" lat="48.1648363" lon="11.5826206"/>
  <node id="3050373050" lat="48.1650298" lon="11.5835526"/>
  <node id="3050373052" lat="48.1649917" lon="11.5829501"/>
  <node id="3050624439" lat="48.1601142" lon="11.5779831"/>
  <node id="3050624441" lat="48.1602567" lon="11.5760051"/>
  <node id="3050624538" lat="48.1614234" lon="11.5812063"/>
  <node id="3050661405" lat="48.1615523" lon="11.5812237"/>
  <node id="3050661414" lat="48.1618140" lon="11.5812626"/>
  <node id="3050661415" lat="48.1619897" lon="11.5853793"/>
  <node id="3050661416" lat="48.1621646" lon="11.5843638"/>
  <node id="3050661417" lat="48.1621767" lon="11.5842933"/>
  <node id="3050661420" lat="48.1623784" lon="11.5829508"/>
  <node id="3065699091" lat="48.1600127" lon="11.5794004"/>
  <node id="3065699120" lat="48.1627643" lon="11.5790638"/>
  <node id="3092935679" lat="48.1640668" lon="11.5823970"/>
  <node id="3092935680" lat="48.1640981" lon="11.5824254"/>
  <node id="3092935681" lat="48.1641192" lon="11.5824473"/>
  <node id="3092935683" lat="48.1643016" lon="11.5826804"/>
  <node id="3097624155" lat="48.1642860" lon="11.5837165"/>
  <node id="3100330933" lat="48.1649587" lon="11.5818840"/>
  <node id="3100330936" lat="48.1650217" lon="11.5814781"/>
  <node id="3100330942" lat="48.1655060" lon="11.5811323"/>
  <node id="3100330947" lat="48.1652672" lon="11.5836282"/>
  <node id="3100330951" lat="48.1650822" lon="11.5828527"/>
  <node id="3100330956" lat="48.1655304" lon="11.5823216"/>
  <node id="3100331034" lat="48.1643848" lon="11.5828049"/>
  <node id="3100331230" lat="48.1652836" lon="11.5810915"/>
  <node id="3100331231" lat="48.1659217" lon="11.5811989"/>
  <node id="3100331233" lat="48.1653647" lon="11.5825277"/>
  <node id="3100331331" lat="48.1657258" lon="11.5811674"/>
  <node id="3100331530" lat="48.1659773" lon="11.5812078"/>
  <node id="3100374932" lat="48.1648940" lon="11.5823017"/>
  <node id="3100814033" lat="48.1637367" lon="11.5850897"/>
  <node id="3100831730" lat="48.1637020" lon="11.5850855"/>
  <node id="3109102033" lat="48.1627503" lon="11.5786647"/>
  <node id="3109102135" lat="48.1627528" lon="11.5787192"/>
  <node id="3109102829" lat="48.1627419" lon="11.5784181"/>
  <node id="3109102830" lat="48.1627364" lon="11.5782353"/>
  <node id="3109103033" lat="48.1627352" lon="11.5781853"/>
  <node id="3109103038" lat="48.1622846" lon="11.5775965"/>
  <node id="3109257667" lat="48.1634555" lon="11.5839140">
    <tag k="crossing" v="unmarked"/>
    <tag k="crossing:markings" v="no"/>
    <tag k="highway" v="crossing"/>
  </node>
  <node id="3109257668" lat="48.1635505" lon="11.5833991"/>
  <node id="3111039939" lat="48.1649114" lon="11.5821891"/>
  <node id="3112875029" lat="48.1623696" lon="11.5836236">
    <tag k="button_operated" v="yes"/>
    <tag k="crossing" v="traffic_signals"/>
    <tag k="crossing:markings" v="dashes"/>
    <tag k="crossing:signals" v="yes"/>
    <tag k="highway" v="crossing"/>
    <tag k="tactile_paving" v="no"/>
    <tag k="traffic_signals:sound" v="yes"/>
    <tag k="traffic_signals:vibration" v="yes"/>
  </node>
  <node id="3112875036" lat="48.1628128" lon="11.5776130">
    <tag k="crossing" v="traffic_signals"/>
    <tag k="crossing:island" v="no"/>
    <tag k="crossing:markings" v="dashes"/>
    <tag k="highway" v="crossing"/>
  </node>
  <node id="3115486631" lat="48.1624678" lon="11.5822507"/>
  <node id="3117065833" lat="48.1638730" lon="11.5839861"/>
  <node id="3122562232" lat="48.1620799" lon="11.5848555"/>
  <node id="3122562233" lat="48.1620671" lon="11.5849294"/>
  <node id="3124029893" lat="48.1632463" lon="11.5797815"/>
  <node id="3125501929" lat="48.1644095" lon="11.5760715"/>
  <node id="3125502630" lat="48.1644919" lon="11.5770526"/>
  <node id="3147634930" lat="48.1657373" lon="11.5836853"/>
  <node id="3213296427" lat="48.1651466" lon="11.5863518"/>
  <node id="3213296428" lat="48.1651597" lon="11.5864674"/>
  <node id="3213296429" lat="48.1651469" lon="11.5865128"/>
  <node id="3239382671" lat="48.1603009" lon="11.5746807">
    <tag k="button_operated" v="no"/>
    <tag k="crossing" v="traffic_signals"/>
    <tag k="crossing_ref" v="pelican"/>
    <tag k="highway" v="traffic_signals"/>
    <tag k="tactile_paving" v="no"/>
    <tag k="traffic_signals:sound" v="no"/>
    <tag k="traffic_signals:vibration" v="yes"/>
  </node>
  <node id="3239382674" lat="48.1603152" lon="11.5753047">
    <tag k="button_operated" v="no"/>
    <tag k="crossing" v="traffic_signals"/>
    <tag k="crossing_ref" v="toucan"/>
    <tag k="highway" v="traffic_signals"/>
    <tag k="tactile_paving" v="no"/>
    <tag k="traffic_signals:sound" v="no"/>
    <tag k="traffic_signals:vibration" v="yes"/>
  </node>
  <node id="3242684217" lat="48.1598955" lon="11.5747887"/>
  <node id="3254321057" lat="48.1630510" lon="11.5817031"/>
  <node id="3307664661" lat="48.1625859" lon="11.5761076"/>
  <node id="3307665161" lat="48.1625805" lon="11.5760357"/>
  <node id="3392905426" lat="48.1620455" lon="11.5854724">
    <tag k="crossing" v="unmarked"/>
    <tag k="crossing:markings" v="no"/>
    <tag k="crossing:signals" v="no"/>
    <tag k="highway" v="crossing"/>
  </node>
  <node id="3392905429" lat="48.1626750" lon="11.5864529"/>
  <node id="3415747867" lat="48.1655808" lon="11.5877124"/>
  <node id="3457559767" lat="48.1658634" lon="11.5742308"/>
  <node id="3516862359" lat="48.1647772" lon="11.5775947"/>
  <node id="3556420409" lat="48.1633798" lon="11.5745752">
    <tag k="button_operated" v="no"/>
    <tag k="crossing" v="traffic_signals"/>
    <tag k="crossing_ref" v="pelican"/>
    <tag k="highway" v="traffic_signals"/>
    <tag k="tactile_paving" v="no"/>
    <tag k="traffic_signals:sound" v="yes"/>
    <tag k="traffic_signals:vibration" v="yes"/>
  </node>
  <node id="3556420412" lat="48.1635755" lon="11.5745387">
    <tag k="button_operated" v="no"/>
    <tag k="crossing" v="traffic_signals"/>
    <tag k="crossing_ref" v="pelican"/>
    <tag k="highway" v="traffic_signals"/>
    <tag k="tactile_paving" v="no"/>
    <tag k="traffic_signals:sound" v="no"/>
    <tag k="traffic_signals:vibration" v="yes"/>
  </node>
  <node id="3569802606" lat="48.1625796" lon="11.5862724"/>
  <node id="3580090173" lat="48.1580364" lon="11.5749372">
    <tag k="kerb" v="raised"/>
  </node>
  <node id="3586755989" lat="48.1626033" lon="11.5747075">
    <tag k="bicycle" v="yes"/>
    <tag k="button_operated" v="no"/>
    <tag k="crossing" v="traffic_signals"/>
    <tag k="crossing:island" v="no"/>
    <tag k="crossing:markings" v="dashes"/>
    <tag k="crossing_ref" v="pelican"/>
    <tag k="highway" v="crossing"/>
    <tag k="tactile_paving" v="no"/>
    <tag k="traffic_signals:sound" v="yes"/>
    <tag k="traffic_signals:vibration" v="yes"/>
  </node>
  <node id="3609157656" lat="48.1586877" lon="11.5863955"/>
  <node id="3664784293" lat="48.1595633" lon="11.5839926"/>
  <node id="3664786040" lat="48.1581866" lon="11.5799511"/>
  <node id="3664786046" lat="48.1584889" lon="11.5800004"/>
  <node id="3689041240" lat="48.1622102" lon="11.5835763">
    <tag k="button_operated" v="yes"/>
    <tag k="crossing" v="traffic_signals"/>
    <tag k="crossing:markings" v="dashes"/>
    <tag k="crossing:signals" v="yes"/>
    <tag k="highway" v="crossing"/>
    <tag k="tactile_paving" v="no"/>
    <tag k="traffic_signals:sound" v="no"/>
    <tag k="traffic_signals:vibration" v="yes"/>
  </node>
  <node id="3691000711" lat="48.1616423" lon="11.5874107">
    <tag k="crossing" v="informal"/>
  </node>
  <node id="3779376101" lat="48.1618672" lon="11.5864019">
    <tag k="railway" v="level_crossing"/>
  </node>
  <node id="3779376106" lat="48.1619577" lon="11.5864068">
    <tag k="button_operated" v="no"/>
    <tag k="check_date:crossing" v="2022-02-10"/>
    <tag k="crossing" v="traffic_signals"/>
    <tag k="highway" v="crossing"/>
    <tag k="tactile_paving" v="no"/>
    <tag k="traffic_signals:sound" v="yes"/>
    <tag k="traffic_signals:vibration" v="yes"/>
  </node>
  <node id="3779376107" lat="48.1619661" lon="11.5862244">
    <tag k="button_operated" v="no"/>
    <tag k="crossing" v="traffic_signals"/>
    <tag k="highway" v="traffic_signals"/>
    <tag k="tactile_paving" v="no"/>
    <tag k="traffic_signals:sound" v="yes"/>
    <tag k="traffic_signals:vibration" v="yes"/>
  </node>
  <node id="3953447071" lat="48.1593576" lon="11.5854994">
    <tag k="button_operated" v="no"/>
    <tag k="crossing" v="traffic_signals"/>
    <tag k="highway" v="crossing"/>
    <tag k="tactile_paving" v="no"/>
    <tag k="traffic_signals:sound" v="yes"/>
    <tag k="traffic_signals:vibration" v="yes"/>
  </node>
  <node id="3953447073" lat="48.1593818" lon="11.5853841">
    <tag k="button_operated" v="no"/>
    <tag k="crossing" v="traffic_signals"/>
    <tag k="highway" v="crossing"/>
    <tag k="tactile_paving" v="no"/>
    <tag k="traffic_signals:sound" v="yes"/>
    <tag k="traffic_signals:vibration" v="yes"/>
  </node>
  <node id="3953447076" lat="48.1599428" lon="11.5803764"/>
  <node id="3953746968" lat="48.1623114" lon="11.5834798">
    <tag k="button_operated" v="yes"/>
    <tag k="crossing" v="traffic_signals"/>
    <tag k="crossing:island" v="no"/>
    <tag k="crossing:markings" v="dashes"/>
    <tag k="highway" v="crossing"/>
    <tag k="tactile_paving" v="no"/>
    <tag k="traffic_signals:sound" v="yes"/>
    <tag k="traffic_signals:vibration" v="yes"/>
  </node>
  <node id="3953746971" lat="48.1626627" lon="11.5776075">
    <tag k="crossing" v="traffic_signals"/>
    <tag k="crossing:island" v="no"/>
    <tag k="crossing:markings" v="dashes"/>
    <tag k="crossing:signals" v="yes"/>
    <tag k="highway" v="crossing"/>
  </node>
  <node id="3953746975" lat="48.1627238" lon="11.5777593">
    <tag k="button_operated" v="no"/>
    <tag k="crossing" v="traffic_signals"/>
    <tag k="crossing:island" v="no"/>
    <tag k="crossing:markings" v="dashes"/>
    <tag k="highway" v="crossing"/>
    <tag k="tactile_paving" v="no"/>
    <tag k="traffic_signals:sound" v="yes"/>
    <tag k="traffic_signals:vibration" v="yes"/>
  </node>
  <node id="4080970216" lat="48.1653840" lon="11.5876691"/>
  <node id="4209636482" lat="48.1639685" lon="11.5877385"/>
  <node id="4209636487" lat="48.1640285" lon="11.5877558"/>
  <node id="4209636488" lat="48.1641063" lon="11.5877961"/>
  <node id="4209636489" lat="48.1641099" lon="11.5877397"/>
  <node id="4209636492" lat="48.1641628" lon="11.5878243">
    <tag k="crossing:markings" v="no"/>
    <tag k="crossing:signals" v="no"/>
    <tag k="highway" v="crossing"/>
  </node>
  <node id="4209636493" lat="48.1641698" lon="11.5876653"/>
  <node id="4209636494" lat="48.1641860" lon="11.5876224"/>
  <node id="4209636495" lat="48.1641850" lon="11.5873846"/>
  <node id="4209636496" lat="48.1642081" lon="11.5874574"/>
  <node id="4209636497" lat="48.1642323" lon="11.5876670"/>
  <node id="4209636498" lat="48.1642405" lon="11.5878725"/>
  <node id="4209636499" lat="48.1642663" lon="11.5877904"/>
  <node id="4209636500" lat="48.1642816" lon="11.5879188"/>
  <node id="4209636501" lat="48.1643112" lon="11.5879536"/>
  <node id="4209636503" lat="48.1643407" lon="11.5879691"/>
  <node id="4696951069" lat="48.1605510" lon="11.5871257"/>
  <node id="4696951072" lat="48.1603272" lon="11.5870303"/>
  <node id="4738366487" lat="48.1609062" lon="11.5775012"/>
  <node id="4738366489" lat="48.1627036" lon="11.5774409">
    <tag k="highway" v="traffic_signals"/>
    <tag k="traffic_signals" v="signal"/>
    <tag k="traffic_signals:direction" v="forward"/>
  </node>
  <node id="4738777387" lat="48.1658542" lon="11.5819460"/>
  <node id="4738777419" lat="48.1645584" lon="11.5835600"/>
  <node id="4738777420" lat="48.1646848" lon="11.5833300"/>
  <node id="4738778721" lat="48.1646667" lon="11.5831599"/>
  <node id="4738778742" lat="48.1647508" lon="11.5832221"/>
  <node id="4738783237" lat="48.1646443" lon="11.5831371"/>
  <node id="4738783241" lat="48.1649539" lon="11.5835159"/>
  <node id="4738783242" lat="48.1649101" lon="11.5834650"/>
  <node id="4956635662" lat="48.1618442" lon="11.5862151">
    <tag k="TMC:cid_58:tabcd_1:Class" v="Point"/>
    <tag k="TMC:cid_58:tabcd_1:Direction" v="negative"/>
    <tag k="TMC:cid_58:tabcd_1:LCLversion" v="8.00"/>
    <tag k="TMC:cid_58:tabcd_1:LocationCode" v="27948"/>
    <tag k="TMC:cid_58:tabcd_1:NextLocationCode" v="46572"/>
    <tag k="TMC:cid_58:tabcd_1:PrevLocationCode" v="46571"/>
  </node>
  <node id="4956635667" lat="48.1622958" lon="11.5835986"/>
  <node id="4956945180" lat="48.1638123" lon="11.5782447"/>
  <node id="5216312449" lat="48.1643546" lon="11.5878303"/>
  <node id="5216312450" lat="48.1642826" lon="11.5876003"/>
  <node id="5216312451" lat="48.1642097" lon="11.5868157"/>
  <node id="5227653195" lat="48.1588028" lon="11.5747605"/>
  <node id="5517234979" lat="48.1603750" lon="11.5748224"/>
  <node id="6397269594" lat="48.1597974" lon="11.5824192"/>
  <node id="6397269625" lat="48.1600632" lon="11.5786944"/>
  <node id="6397269627" lat="48.1600667" lon="11.5786454"/>
  <node id="6397269637" lat="48.1601165" lon="11.5779501"/>
  <node id="6681354529" lat="48.1659037" lon="11.5757522">
    <tag k="crossing" v="unmarked"/>
    <tag k="crossing:markings" v="no"/>
    <tag k="highway" v="crossing"/>
  </node>
  <node id="6681354530" lat="48.1657388" lon="11.5757790"/>
  <node id="6681354532" lat="48.1658407" lon="11.5758789"/>
  <node id="6681354533" lat="48.1658205" lon="11.5770404"/>
  <node id="6681354535" lat="48.1657448" lon="11.5771394"/>
  <node id="6681354537" lat="48.1658169" lon="11.5772402"/>
  <node id="6681354539" lat="48.1658696" lon="11.5771557"/>
  <node id="7276448433" lat="48.1586777" lon="11.5817994"/>
  <node id="7388700069" lat="48.1633911" lon="11.5848888"/>
  <node id="7430311134" lat="48.1581656" lon="11.5749232"/>
  <node id="7949372504" lat="48.1627620" lon="11.5746832"/>
  <node id="7949372505" lat="48.1622736" lon="11.5747635"/>
  <node id="8409511720" lat="48.1642851" lon="11.5867591">
    <tag k="crossing" v="no"/>
    <tag k="highway" v="traffic_signals"/>
  </node>
  <node id="8409511721" lat="48.1641059" lon="11.5865500">
    <tag k="crossing" v="no"/>
    <tag k="highway" v="traffic_signals"/>
  </node>
  <node id="8461370942" lat="48.1631675" lon="11.5863194"/>
  <node id="9020447580" lat="48.1588742" lon="11.5791919"/>
  <node id="9966726895" lat="48.1657598" lon="11.5742288"/>
  <node id="9991554932" lat="48.1635334" lon="11.5757211"/>
  <node id="9991554933" lat="48.1635421" lon="11.5758203"/>
  <node id="10930050296" lat="48.1626490" lon="11.5864515">
    <tag k="railway" v="tram_level_crossing"/>
  </node>
  <node id="11047663435" lat="48.1596553" lon="11.5863766"/>
  <node id="11114514903" lat="48.1652784" lon="11.5865012">
    <tag k="crossing" v="uncontrolled"/>
    <tag k="crossing:markings" v="yes"/>
    <tag k="highway" v="crossing"/>
    <tag k="tactile_paving" v="no"/>
  </node>
  <node id="11114514904" lat="48.1652720" lon="11.5863077">
    <tag k="crossing" v="uncontrolled"/>
    <tag k="crossing:markings" v="yes"/>
    <tag k="highway" v="crossing"/>
    <tag k="tactile_paving" v="no"/>
  </node>
  <node id="11258801997" lat="48.1595936" lon="11.5752123"/>
  <node id="11258801998" lat="48.1596149" lon="11.5751208"/>
  <node id="11258801999" lat="48.1595827" lon="11.5752416"/>
  <node id="11258802000" lat="48.1595717" lon="11.5752684"/>
  <node id="11258802001" lat="48.1595566" lon="11.5752932"/>
  <node id="11258802002" lat="48.1595445" lon="11.5753078"/>
  <node id="11258802003" lat="48.1595313" lon="11.5753190"/>
  <node id="11258802004" lat="48.1595998" lon="11.5749336"/>
  <node id="11258802005" lat="48.1595701" lon="11.5748895"/>
  <node id="11258802006" lat="48.1595528" lon="11.5748734"/>
  <node id="11258802007" lat="48.1595340" lon="11.5748609"/>
  <node id="11258802008" lat="48.1594909" lon="11.5748375"/>
  <node id="11258802009" lat="48.1594691" lon="11.5748279"/>
  <node id="11258802010" lat="48.1596268" lon="11.5749309"/>
  <node id="11258802011" lat="48.1596344" lon="11.5749082"/>
  <node id="11258802012" lat="48.1596414" lon="11.5748927"/>
  <node id="11258802015" lat="48.1596604" lon="11.5748657"/>
  <node id="11258802016" lat="48.1598181" lon="11.5747841"/>
  <node id="11258802017" lat="48.1598588" lon="11.5747852"/>
  <node id="11258802021" lat="48.1602733" lon="11.5747948"/>
  <node id="11258802022" lat="48.1602549" lon="11.5748270"/>
  <node id="11258802023" lat="48.1602416" lon="11.5748426"/>
  <node id="11258802024" lat="48.1602259" lon="11.5748565"/>
  <node id="11258802025" lat="48.1602821" lon="11.5747999"/>
  <node id="11258802026" lat="48.1602818" lon="11.5748515"/>
  <node id="11258802027" lat="48.1602841" lon="11.5748718"/>
  <node id="11258802035" lat="48.1602801" lon="11.5749484"/>
  <node id="11258809440" lat="48.1602947" lon="11.5749239"/>
  <node id="11258809441" lat="48.1603000" lon="11.5749423"/>
  <node id="11258809472" lat="48.1603287" lon="11.5750154"/>
  <node id="11258809473" lat="48.1599602" lon="11.5747969"/>
  <node id="11258809474" lat="48.1600277" lon="11.5748102"/>
  <node id="11258809475" lat="48.1600868" lon="11.5748261"/>
  <node id="11258809476" lat="48.1601308" lon="11.5748408"/>
  <node id="11258809477" lat="48.1602367" lon="11.5749024"/>
  <node id="11258809478" lat="48.1602477" lon="11.5751785"/>
  <node id="11258809479" lat="48.1602722" lon="11.5751633"/>
  <node id="11258809481" lat="48.1603120" lon="11.5751196"/>
  <node id="11258809482" lat="48.1603288" lon="11.5750897"/>
  <node id="11258809485" lat="48.1603332" lon="11.5751512"/>
  <node id="11258809489" lat="48.1603485" lon="11.5744420"/>
  <node id="11258809490" lat="48.1603611" lon="11.5744024"/>
  <node id="11258809491" lat="48.1603757" lon="11.5743536"/>
  <node id="11258809492" lat="48.1604523" lon="11.5740155"/>
  <node id="11258809493" lat="48.1604042" lon="11.5742502"/>
  <node id="11258809494" lat="48.1603403" lon="11.5744718"/>
  <node id="11258809495" lat="48.1603868" lon="11.5743162"/>
  <node id="11258809496" lat="48.1604107" lon="11.5742232"/>
  <node id="11258809497" lat="48.1604516" lon="11.5740989"/>
  <node id="11258809498" lat="48.1604166" lon="11.5741949"/>
  <node id="11258809499" lat="48.1596178" lon="11.5750923"/>
  <node id="11258809500" lat="48.1596280" lon="11.5750242"/>
  <node id="11258809501" lat="48.1596204" lon="11.5749966"/>
  <node id="11258809502" lat="48.1596621" lon="11.5751532"/>
  <node id="11258809503" lat="48.1596871" lon="11.5752193"/>
  <node id="11258809504" lat="48.1596946" lon="11.5752319"/>
  <node id="11258809505" lat="48.1597357" lon="11.5752705"/>
  <node id="11258809506" lat="48.1597514" lon="11.5752758"/>
  <node id="11258809507" lat="48.1597684" lon="11.5752788"/>
  <node id="11258809508" lat="48.1597199" lon="11.5752603"/>
  <node id="11258809509" lat="48.1596213" lon="11.5750486"/>
  <node id="11258809510" lat="48.1596214" lon="11.5750234"/>
  <node id="11258809527" lat="48.1603821" lon="11.5747633">
    <tag k="railway" v="tram_level_crossing"/>
  </node>
  <node id="11258809528" lat="48.1604198" lon="11.5741790">
    <tag k="railway" v="tram_level_crossing"/>
  </node>
  <node id="11258809529" lat="48.1604691" lon="11.5750673">
    <tag k="button_operated" v="no"/>
    <tag k="crossing" v="traffic_signals"/>
    <tag k="crossing_ref" v="toucan"/>
    <tag k="highway" v="traffic_signals"/>
    <tag k="tactile_paving" v="no"/>
  </node>
  <node id="11258809534" lat="48.1604391" lon="11.5742443">
    <tag k="railway" v="tram_level_crossing"/>
  </node>
  <node id="11258809536" lat="48.1603334" lon="11.5750795">
    <tag k="railway" v="tram_level_crossing"/>
  </node>
  <node id="11258921445" lat="48.1605358" lon="11.5750627"/>
  <node id="11258921448" lat="48.1605165" lon="11.5750660"/>
  <node id="11970810713" lat="48.1591541" lon="11.5748347"/>
  <node id="11984297274" lat="48.1633530" lon="11.5858345"/>
  <node id="11985031610" lat="48.1636994" lon="11.5865357"/>
  <node id="12123063548" lat="48.1638159" lon="11.5782728">
    <tag k="crossing" v="unmarked"/>
    <tag k="crossing:markings" v="no"/>
    <tag k="highway" v="crossing"/>
  </node>
  <node id="12124683386" lat="48.1638745" lon="11.5787157"/>
  <node id="12351884627" lat="48.1604608" lon="11.5803100"/>
  <node id="12351884628" lat="48.1604356" lon="11.5803062"/>
  <node id="12730737266" lat="48.1587954" lon="11.5801858"/>
  <node id="12815504324" lat="48.1639619" lon="11.5794059">
    <tag k="crossing" v="unmarked"/>
    <tag k="crossing:markings" v="no"/>
    <tag k="highway" v="crossing"/>
  </node>
  <node id="12815504325" lat="48.1639590" lon="11.5793577"/>
  <node id="12815504326" lat="48.1638308" lon="11.5820847"/>
  <node id="12815504327" lat="48.1638521" lon="11.5821123">
    <tag k="crossing" v="unmarked"/>
    <tag k="crossing:markings" v="no"/>
    <tag k="highway" v="crossing"/>
  </node>
  <node id="12815504333" lat="48.1609648" lon="11.5749881"/>
  <node id="12829938405" lat="48.1643634" lon="11.5743895"/>
  <node id="12829938406" lat="48.1641728" lon="11.5744256"/>
  <node id="13037895978" lat="48.1610342" lon="11.5809247"/>
  <node id="13037926629" lat="48.1611145" lon="11.5799483"/>
  <node id="13061562898" lat="48.1650218" lon="11.5770256"/>
  <node id="13103603150" lat="48.1633415" lon="11.5842690">
    <tag k="direction" v="forward"/>
    <tag k="highway" v="give_way"/>
  </node>
  <node id="13103603151" lat="48.1635191" lon="11.5840349">
    <tag k="direction" v="forward"/>
    <tag k="highway" v="give_way"/>
  </node>
  <node id="13103603156" lat="48.1634005" lon="11.5839240">
    <tag k="crossing" v="unmarked"/>
    <tag k="crossing:markings" v="no"/>
    <tag k="highway" v="crossing"/>
  </node>
  <node id="13103603172" lat="48.1585891" lon="11.5850830"/>
  <node id="13103603173" lat="48.1591084" lon="11.5853254">
    <tag k="highway" v="traffic_signals"/>
    <tag k="traffic_signals:direction" v="backward"/>
  </node>
  <node id="13103603174" lat="48.1619089" lon="11.5858585">
    <tag k="highway" v="traffic_signals"/>
    <tag k="traffic_signals:direction" v="forward"/>
  </node>
  <node id="13103603176" lat="48.1622785" lon="11.5836995">
    <tag k="button_operated" v="yes"/>
    <tag k="crossing" v="traffic_signals"/>
    <tag k="crossing:island" v="yes"/>
    <tag k="crossing:markings" v="dashes"/>
    <tag k="highway" v="crossing"/>
    <tag k="tactile_paving" v="no"/>
    <tag k="traffic_signals:sound" v="yes"/>
    <tag k="traffic_signals:vibration" v="yes"/>
  </node>
  <node id="13103639118" lat="48.1641707" lon="11.5837919"/>
  <node id="13103639146" lat="48.1634595" lon="11.5850561">
    <tag k="crossing" v="unmarked"/>
    <tag k="crossing:markings" v="no"/>
    <tag k="highway" v="crossing"/>
  </node>
  <node id="13103639149" lat="48.1634987" lon="11.5840299">
    <tag k="crossing" v="unmarked"/>
    <tag k="crossing:island" v="no"/>
    <tag k="crossing:markings" v="no"/>
    <tag k="highway" v="crossing"/>
    <tag k="tactile_paving" v="no"/>
  </node>
  <node id="13103639158" lat="48.1642474" lon="11.5838447">
    <tag k="highway" v="crossing"/>
  </node>
  <node id="13103639165" lat="48.1634149" lon="11.5842113">
    <tag k="crossing" v="unmarked"/>
    <tag k="crossing:markings" v="no"/>
    <tag k="highway" v="crossing"/>
  </node>
  <node id="13103639166" lat="48.1632731" lon="11.5842642"/>
  <node id="13103639167" lat="48.1632196" lon="11.5842682"/>
  <node id="13103639173" lat="48.1621338" lon="11.5854494"/>
  <node id="13103639174" lat="48.1620952" lon="11.5854698"/>
  <node id="13288414308" lat="48.1590634" lon="11.5748422"/>
  <node id="13288414320" lat="48.1585087" lon="11.5748909"/>
  <node id="13288414324" lat="48.1581335" lon="11.5749271"/>
  <node id="13509629435" lat="48.1607026" lon="11.5841031"/>
  <node id="13677180757" lat="48.1598006" lon="11.5855797"/>
  <node id="13677180760" lat="48.1598196" lon="11.5855899"/>
  <node id="13677216044" lat="48.1609955" lon="11.5813570"/>
  <node id="13677216046" lat="48.1609570" lon="11.5818942"/>
  <node id="13681161215" lat="48.1634884" lon="11.5752059"/>
  <node id="13681187558" lat="48.1652696" lon="11.5758627"/>
  <node id="13681187559" lat="48.1650660" lon="11.5758971"/>
  <node id="13681262032" lat="48.1658367" lon="11.5761718"/>
  <node id="13681373326" lat="48.1643246" lon="11.5794255"/>
  <node id="13681373328" lat="48.1643695" lon="11.5794181"/>
  <node id="13681536614" lat="48.1633966" lon="11.5797179"/>
  <node id="13681622260" lat="48.1620119" lon="11.5798106">
    <tag k="crossing" v="unmarked"/>
    <tag k="crossing:markings" v="no"/>
    <tag k="highway" v="crossing"/>
  </node>
  <node id="13681622261" lat="48.1619652" lon="11.5787806"/>
  <node id="13681631407" lat="48.1627399" lon="11.5783503"/>
  <node id="13681644549" lat="48.1626018" lon="11.5798769"/>
  <node id="13681644550" lat="48.1624198" lon="11.5798557"/>
  <node id="13681701032" lat="48.1620078" lon="11.5782679"/>
  <node id="13681708915" lat="48.1619449" lon="11.5762712"/>
  <node id="13681708918" lat="48.1619420" lon="11.5762311"/>
  <node id="13684255231" lat="48.1616138" lon="11.5812360"/>
  <node id="13684255232" lat="48.1616372" lon="11.5797542"/>
  <node id="13684255233" lat="48.1613448" lon="11.5797070"/>
  <node id="13684634728" lat="48.1643149" lon="11.5836999"/>
  <node id="13684690978" lat="48.1638959" lon="11.5851000"/>
  <node id="13684723317" lat="48.1641020" lon="11.5850964"/>
  <node id="13700618839" lat="48.1636685" lon="11.5826986"/>
  <node id="13703939655" lat="48.1594463" lon="11.5772544"/>
  <node id="13704368474" lat="48.1624979" lon="11.5814314"/>
  <node id="13704493993" lat="48.1594892" lon="11.5772611"/>
  <node id="13707561342" lat="48.1627038" lon="11.5798960">
    <tag k="button_operated" v="yes"/>
    <tag k="crossing" v="traffic_signals"/>
    <tag k="crossing:island" v="no"/>
    <tag k="crossing:markings" v="dashes"/>
    <tag k="highway" v="crossing"/>
    <tag k="tactile_paving" v="no"/>
    <tag k="traffic_signals:sound" v="yes"/>
    <tag k="traffic_signals:vibration" v="yes"/>
  </node>
  <node id="13709655059" lat="48.1627833" lon="11.5797756">
    <tag k="button_operated" v="yes"/>
    <tag k="crossing" v="traffic_signals"/>
    <tag k="crossing:island" v="no"/>
    <tag k="crossing:markings" v="dashes"/>
    <tag k="highway" v="crossing"/>
    <tag k="tactile_paving" v="no"/>
    <tag k="traffic_signals:sound" v="yes"/>
    <tag k="traffic_signals:vibration" v="yes"/>
  </node>
  <node id="13709655071" lat="48.1625864" lon="11.5813604">
    <tag k="highway" v="crossing"/>
  </node>
  <node id="13709655074" lat="48.1625122" lon="11.5814407">
    <tag k="highway" v="crossing"/>
  </node>
  <node id="13709655088" lat="48.1611086" lon="11.5811508">
    <tag k="crossing:markings" v="no"/>
    <tag k="crossing:signals" v="no"/>
    <tag k="highway" v="crossing"/>
    <tag k="tactile_paving" v="no"/>
  </node>
  <node id="13709655094" lat="48.1625548" lon="11.5815936">
    <tag k="highway" v="crossing"/>
  </node>
  <node id="13709893309" lat="48.1637225" lon="11.5820201">
    <tag k="crossing" v="unmarked"/>
    <tag k="crossing:markings" v="no"/>
    <tag k="highway" v="crossing"/>
  </node>
  <node id="13710879601" lat="48.1629417" lon="11.5799053"/>
  <node id="13710879603" lat="48.1639018" lon="11.5795113"/>
  <node id="13710879604" lat="48.1640409" lon="11.5794687"/>
  <node id="13710879605" lat="48.1639610" lon="11.5798407"/>
  <node id="13712247861" lat="48.1610492" lon="11.5807696"/>
  <node id="13712247862" lat="48.1611087" lon="11.5800432"/>
  <node id="13716068883" lat="48.1636204" lon="11.5879617">
    <tag k="crossing" v="unmarked"/>
    <tag k="crossing:markings" v="no"/>
    <tag k="highway" v="crossing"/>
  </node>
  <node id="13720195193" lat="48.1624714" lon="11.5850394"/>
  <node id="13720195194" lat="48.1628951" lon="11.5845768"/>
  <node id="13720195195" lat="48.1625392" lon="11.5849607"/>
  <node id="13720238923" lat="48.1648669" lon="11.5834134"/>
  <node id="13720238927" lat="48.1647884" lon="11.5830545"/>
  <node id="13720238945" lat="48.1648183" lon="11.5827474"/>
  <node id="13720238947" lat="48.1648175" lon="11.5833417"/>
  <node id="13721348080" lat="48.1619710" lon="11.5787099"/>
  <node id="13723831370" lat="48.1619985" lon="11.5784026"/>
  <node id="13723866365" lat="48.1616680" lon="11.5834403"/>
  <node id="13725549394" lat="48.1604353" lon="11.5774200"/>
  <node id="13726089032" lat="48.1636253" lon="11.5774582">
    <tag k="crossing" v="unmarked"/>
    <tag k="crossing:markings" v="no"/>
    <tag k="highway" v="crossing"/>
  </node>
  <node id="13726089034" lat="48.1635874" lon="11.5769920">
    <tag k="crossing" v="unmarked"/>
    <tag k="crossing:markings" v="no"/>
    <tag k="highway" v="crossing"/>
  </node>
  <node id="13726089051" lat="48.1627791" lon="11.5771414">
    <tag k="crossing" v="unmarked"/>
    <tag k="crossing:markings" v="no"/>
    <tag k="highway" v="crossing"/>
  </node>
  <node id="13740348502" lat="48.1634832" lon="11.5796813"/>
  <node id="13740348519" lat="48.1635094" lon="11.5796702"/>
  <node id="13740348523" lat="48.1636047" lon="11.5796299"/>
  <node id="13740486104" lat="48.1655691" lon="11.5789319"/>
  <node id="13740486136" lat="48.1654236" lon="11.5789381"/>
  <node id="13740486167" lat="48.1652128" lon="11.5789539"/>
  <node id="13740576875" lat="48.1657425" lon="11.5789338">
    <tag k="crossing:markings" v="no"/>
    <tag k="crossing:signals" v="no"/>
    <tag k="highway" v="crossing"/>
    <tag k="tactile_paving" v="no"/>
  </node>
  <node id="13740576891" lat="48.1649924" lon="11.5789790">
    <tag k="crossing" v="unmarked"/>
    <tag k="crossing:markings" v="no"/>
    <tag k="highway" v="crossing"/>
  </node>
  <node id="13740669602" lat="48.1657887" lon="11.5791257">
    <tag k="crossing" v="unmarked"/>
    <tag k="crossing:markings" v="no"/>
    <tag k="highway" v="crossing"/>
  </node>
  <node id="13740705314" lat="48.1649941" lon="11.5793391"/>
  <node id="13740705316" lat="48.1648201" lon="11.5780696">
    <tag k="crossing" v="unmarked"/>
    <tag k="crossing:markings" v="no"/>
    <tag k="highway" v="crossing"/>
  </node>
  <node id="13740705317" lat="48.1649194" lon="11.5792410">
    <tag k="crossing" v="unmarked"/>
    <tag k="crossing:markings" v="no"/>
    <tag k="highway" v="crossing"/>
    <tag k="tactile_paving" v="no"/>
  </node>
  <node id="13741128820" lat="48.1639623" lon="11.5796039">
    <tag k="crossing" v="unmarked"/>
    <tag k="crossing:markings" v="no"/>
    <tag k="highway" v="crossing"/>
  </node>
  <node id="13741128838" lat="48.1640283" lon="11.5794711">
    <tag k="crossing" v="unmarked"/>
    <tag k="crossing:markings" v="no"/>
    <tag k="highway" v="crossing"/>
  </node>
  <node id="13741128839" lat="48.1638872" lon="11.5795171">
    <tag k="crossing" v="unmarked"/>
    <tag k="crossing:markings" v="no"/>
    <tag k="highway" v="crossing"/>
  </node>
  <node id="13741128846" lat="48.1640592" lon="11.5808689">
    <tag k="crossing" v="unmarked"/>
    <tag k="crossing:markings" v="no"/>
    <tag k="highway" v="crossing"/>
  </node>
  <node id="13741138425" lat="48.1657320" lon="11.5792260">
    <tag k="crossing" v="unmarked"/>
    <tag k="crossing:markings" v="no"/>
    <tag k="highway" v="crossing"/>
  </node>
  <node id="13741138443" lat="48.1657844" lon="11.5793110">
    <tag k="crossing" v="unmarked"/>
    <tag k="crossing:markings" v="no"/>
    <tag k="highway" v="crossing"/>
  </node>
  <node id="13741138444" lat="48.1658449" lon="11.5792079">
    <tag k="crossing" v="unmarked"/>
    <tag k="crossing:markings" v="no"/>
    <tag k="highway" v="crossing"/>
  </node>
  <node id="13741138445" lat="48.1657490" lon="11.5810691">
    <tag k="crossing" v="unmarked"/>
    <tag k="crossing:markings" v="no"/>
    <tag k="highway" v="crossing"/>
    <tag k="tactile_paving" v="no"/>
  </node>
  <node id="13741138446" lat="48.1650750" lon="11.5809535">
    <tag k="crossing" v="unmarked"/>
    <tag k="crossing:markings" v="no"/>
    <tag k="highway" v="crossing"/>
    <tag k="tactile_paving" v="no"/>
  </node>
  <node id="13741209740" lat="48.1638748" lon="11.5782258">
    <tag k="crossing" v="unmarked"/>
    <tag k="crossing:markings" v="no"/>
    <tag k="highway" v="crossing"/>
  </node>
  <node id="13741209742" lat="48.1637404" lon="11.5771981">
    <tag k="crossing" v="unmarked"/>
    <tag k="crossing:markings" v="no"/>
    <tag k="highway" v="crossing"/>
  </node>
  <node id="13741209755" lat="48.1646543" lon="11.5760914">
    <tag k="crossing" v="unmarked"/>
    <tag k="crossing:markings" v="no"/>
    <tag k="highway" v="crossing"/>
  </node>
  <node id="13741209770" lat="48.1647152" lon="11.5759619">
    <tag k="crossing" v="unmarked"/>
    <tag k="crossing:markings" v="no"/>
    <tag k="highway" v="crossing"/>
  </node>
  <node id="13741209771" lat="48.1646156" lon="11.5760278"/>
  <node id="13741209772" lat="48.1646809" lon="11.5759762"/>
  <node id="13741209773" lat="48.1659026" lon="11.5754857">
    <tag k="crossing" v="unmarked"/>
    <tag k="crossing:markings" v="no"/>
    <tag k="highway" v="crossing"/>
  </node>
  <node id="13741225745" lat="48.1650031" lon="11.5793377">
    <tag k="crossing" v="unmarked"/>
    <tag k="crossing:markings" v="no"/>
    <tag k="highway" v="crossing"/>
  </node>
  <node id="13741225746" lat="48.1649489" lon="11.5794487">
    <tag k="crossing" v="unmarked"/>
    <tag k="crossing:markings" v="no"/>
    <tag k="highway" v="crossing"/>
  </node>
  <node id="13741225747" lat="48.1648787" lon="11.5793387">
    <tag k="crossing" v="unmarked"/>
    <tag k="crossing:island" v="no"/>
    <tag k="crossing:markings" v="no"/>
    <tag k="highway" v="crossing"/>
    <tag k="tactile_paving" v="no"/>
  </node>
  <node id="13741227258" lat="48.1609468" lon="11.5832561">
    <tag k="crossing" v="unmarked"/>
    <tag k="crossing:markings" v="no"/>
    <tag k="highway" v="crossing"/>
    <tag k="tactile_paving" v="no"/>
  </node>
  <node id="13741250716" lat="48.1646935" lon="11.5757110">
    <tag k="crossing" v="unmarked"/>
    <tag k="crossing:markings" v="no"/>
    <tag k="highway" v="crossing"/>
  </node>
  <node id="13741250717" lat="48.1648149" lon="11.5770198">
    <tag k="crossing" v="unmarked"/>
    <tag k="crossing:markings" v="no"/>
    <tag k="highway" v="crossing"/>
  </node>
  <node id="13741250718" lat="48.1647208" lon="11.5769034">
    <tag k="crossing" v="unmarked"/>
    <tag k="crossing:markings" v="no"/>
    <tag k="highway" v="crossing"/>
  </node>
  <node id="13741250719" lat="48.1646734" lon="11.5770258">
    <tag k="crossing" v="unmarked"/>
    <tag k="crossing:markings" v="no"/>
    <tag k="highway" v="crossing"/>
  </node>
  <node id="13741250721" lat="48.1647392" lon="11.5771278">
    <tag k="crossing" v="unmarked"/>
    <tag k="crossing:markings" v="no"/>
    <tag k="highway" v="crossing"/>
  </node>
  <node id="13741250723" lat="48.1648069" lon="11.5779242">
    <tag k="crossing" v="unmarked"/>
    <tag k="crossing:markings" v="no"/>
    <tag k="highway" v="crossing"/>
  </node>
  <node id="13741250725" lat="48.1647504" lon="11.5780099">
    <tag k="crossing" v="unmarked"/>
    <tag k="crossing:markings" v="no"/>
    <tag k="highway" v="crossing"/>
  </node>
  <node id="13741250727" lat="48.1636644" lon="11.5771345">
    <tag k="crossing" v="unmarked"/>
    <tag k="crossing:markings" v="no"/>
    <tag k="highway" v="crossing"/>
  </node>
  <node id="13741250729" lat="48.1637154" lon="11.5775103">
    <tag k="crossing" v="unmarked"/>
    <tag k="crossing:markings" v="no"/>
    <tag k="highway" v="crossing"/>
  </node>
  <node id="13741250731" lat="48.1635846" lon="11.5763072">
    <tag k="crossing" v="unmarked"/>
    <tag k="crossing:markings" v="no"/>
    <tag k="highway" v="crossing"/>
  </node>
  <node id="13741326549" lat="48.1620692" lon="11.5799084">
    <tag k="crossing" v="unmarked"/>
    <tag k="crossing:markings" v="no"/>
    <tag k="highway" v="crossing"/>
  </node>
  <node id="13741326550" lat="48.1619788" lon="11.5811933">
    <tag k="crossing" v="unmarked"/>
    <tag k="crossing:markings" v="no"/>
    <tag k="highway" v="crossing"/>
  </node>
  <node id="13741326551" lat="48.1620006" lon="11.5812948">
    <tag k="crossing" v="unmarked"/>
    <tag k="crossing:markings" v="no"/>
    <tag k="highway" v="crossing"/>
  </node>
  <node id="13741331257" lat="48.1612233" lon="11.5796841">
    <tag k="crossing" v="unmarked"/>
    <tag k="crossing:markings" v="no"/>
    <tag k="highway" v="crossing"/>
  </node>
  <node id="13741376712" lat="48.1602243" lon="11.5773844">
    <tag k="crossing" v="traffic_signals"/>
    <tag k="crossing:island" v="yes"/>
    <tag k="crossing:markings" v="dashes"/>
    <tag k="highway" v="crossing"/>
  </node>
  <node id="13741376715" lat="48.1600873" lon="11.5773586">
    <tag k="crossing" v="traffic_signals"/>
    <tag k="crossing:island" v="no"/>
    <tag k="crossing:markings" v="dashes"/>
    <tag k="highway" v="crossing"/>
  </node>
  <node id="13741378863" lat="48.1609281" lon="11.5803847">
    <tag k="crossing" v="unmarked"/>
    <tag k="crossing:island" v="no"/>
    <tag k="crossing:markings" v="no"/>
    <tag k="highway" v="crossing"/>
    <tag k="tactile_paving" v="no"/>
  </node>
  <node id="13743122199" lat="48.1639414" lon="11.5877317"/>
  <node id="13764692070" lat="48.1653364" lon="11.5854248"/>
  <node id="13773648690" lat="48.1589673" lon="11.5771795">
    <tag k="crossing" v="unmarked"/>
    <tag k="crossing:markings" v="no"/>
    <tag k="highway" v="crossing"/>
  </node>
  <node id="13773648693" lat="48.1588904" lon="11.5800660">
    <tag k="crossing" v="unmarked"/>
    <tag k="crossing:markings" v="no"/>
    <tag k="highway" v="crossing"/>
  </node>
  <node id="13773648700" lat="48.1597593" lon="11.5829669">
    <tag k="crossing" v="unmarked"/>
    <tag k="crossing:markings" v="no"/>
    <tag k="highway" v="crossing"/>
    <tag k="tactile_paving" v="no"/>
  </node>
  <node id="13773649103" lat="48.1590974" lon="11.5772001">
    <tag k="crossing" v="unmarked"/>
    <tag k="crossing:markings" v="no"/>
    <tag k="highway" v="crossing"/>
  </node>
  <node id="13773649111" lat="48.1612129" lon="11.5775534">
    <tag k="crossing" v="unmarked"/>
    <tag k="crossing:markings" v="no"/>
    <tag k="highway" v="crossing"/>
  </node>
  <node id="13807982498" lat="48.1627669" lon="11.5800382">
    <tag k="button_operated" v="yes"/>
    <tag k="crossing" v="traffic_signals"/>
    <tag k="crossing:island" v="no"/>
    <tag k="highway" v="crossing"/>
    <tag k="tactile_paving" v="no"/>
    <tag k="traffic_signals:sound" v="yes"/>
    <tag k="traffic_signals:vibration" v="yes"/>
  </node>
  <node id="13807982499" lat="48.1627793" lon="11.5799077"/>
  <node id="13807982500" lat="48.1629158" lon="11.5799110">
    <tag k="highway" v="traffic_signals"/>
    <tag k="traffic_signals" v="signal"/>
    <tag k="traffic_signals:direction" v="forward"/>
  </node>
  <node id="13807990601" lat="48.1626740" lon="11.5798898">
    <tag k="bicycle" v="designated"/>
    <tag k="highway" v="traffic_signals"/>
    <tag k="traffic_signals" v="signal"/>
    <tag k="traffic_signals:direction" v="backward"/>
  </node>
  <node id="13807990602" lat="48.1626027" lon="11.5776046">
    <tag k="highway" v="traffic_signals"/>
    <tag k="traffic_signals" v="signal"/>
    <tag k="traffic_signals:direction" v="forward"/>
  </node>
  <node id="13807990604" lat="48.1601579" lon="11.5773719"/>
  <node id="13807990605" lat="48.1601448" lon="11.5775542">
    <tag k="highway" v="traffic_signals"/>
    <tag k="traffic_signals" v="signal"/>
    <tag k="traffic_signals:direction" v="backward"/>
  </node>
  <node id="13807990606" lat="48.1602649" lon="11.5773913">
    <tag k="highway" v="traffic_signals"/>
    <tag k="traffic_signals" v="signal"/>
    <tag k="traffic_signals:direction" v="backward"/>
  </node>
  <node id="13807990607" lat="48.1600415" lon="11.5773500">
    <tag k="highway" v="traffic_signals"/>
    <tag k="traffic_signals" v="signal"/>
    <tag k="traffic_signals:direction" v="forward"/>
  </node>
  <node id="13807990608" lat="48.1581219" lon="11.5770506"/>
  <node id="13807990609" lat="48.1624868" lon="11.5747288"/>
  <node id="13807990610" lat="48.1624979" lon="11.5745146">
    <tag k="highway" v="traffic_signals"/>
    <tag k="traffic_signals" v="signal"/>
    <tag k="traffic_signals:direction" v="forward"/>
  </node>
  <node id="13807990611" lat="48.1623654" lon="11.5747487">
    <tag k="highway" v="traffic_signals"/>
    <tag k="traffic_signals" v="signal"/>
    <tag k="traffic_signals:direction" v="forward"/>
  </node>
  <node id="13807990612" lat="48.1626503" lon="11.5747003">
    <tag k="highway" v="traffic_signals"/>
    <tag k="traffic_signals" v="signal"/>
    <tag k="traffic_signals:direction" v="backward"/>
  </node>
  <node id="13840752606" lat="48.1639760" lon="11.5809381"/>
  <node id="13840752607" lat="48.1638648" lon="11.5816051"/>
  <node id="13840752608" lat="48.1638389" lon="11.5816876"/>
  <node id="13840752610" lat="48.1639677" lon="11.5802070">
    <tag k="crossing" v="unmarked"/>
    <tag k="crossing:markings" v="no"/>
    <tag k="highway" v="crossing"/>
  </node>
  <node id="13840752613" lat="48.1638489" lon="11.5816555">
    <tag k="crossing" v="unmarked"/>
    <tag k="crossing:markings" v="no"/>
    <tag k="highway" v="crossing"/>
  </node>
  <node id="13850375981" lat="48.1611466" lon="11.5793970"/>
  <node id="13850375987" lat="48.1611324" lon="11.5796327"/>
  <way id="4005735">
    <nd ref="13807990609"/>
    <nd ref="1703216607"/>
    <nd ref="2280545515"/>
    <nd ref="1701728524"/>
    <tag k="class:bicycle" v="-2"/>
    <tag k="cycleway:both" v="no"/>
    <tag k="highway" v="residential"/>
    <tag k="lanes" v="2"/>
    <tag k="lit" v="yes"/>
    <tag k="maxspeed" v="50"/>
    <tag k="name" v="Herzogstraße"/>
    <tag k="name:etymology:wikidata" v="Q62280"/>
    <tag k="sidewalk" v="both"/>
    <tag k="surface" v="asphalt"/>
  </way>
  <way id="4427576">
    <nd ref="27154115"/>
    <nd ref="27154119"/>
    <nd ref="2242609945"/>
    <nd ref="371652027"/>
    <nd ref="27154122"/>
    <tag k="cycleway:both" v="no"/>
    <tag k="highway" v="residential"/>
    <tag k="lit" v="yes"/>
    <tag k="maxspeed" v="30"/>
    <tag k="name" v="Trautenwolfstraße"/>
    <tag k="oneway" v="yes"/>
    <tag k="oneway:bicycle" v="no"/>
    <tag k="parking:both" v="yes"/>
    <tag k="parking:both:orientation" v="parallel"/>
    <tag k="sidewalk:left" v="separate"/>
    <tag k="sidewalk:right" v="yes"/>
    <tag k="surface" v="asphalt"/>
  </way>
  <way id="4649337">
    <nd ref="2329213041"/>
    <nd ref="13741378863"/>
    <nd ref="3046332205"/>
    <nd ref="12351884627"/>
    <tag k="class:bicycle" v="-1"/>
    <tag k="cycleway:both" v="no"/>
    <tag k="highway" v="residential"/>
    <tag k="lit" v="yes"/>
    <tag k="maxspeed" v="30"/>
    <tag k="name" v="Friedrichstraße"/>
    <tag k="parking:condition:both" v="ticket"/>
    <tag k="parking:condition:both:residents" v="Schwabing Mitte"/>
    <tag k="parking:left" v="yes"/>
    <tag k="parking:left:orientation" v="parallel"/>
    <tag k="parking:right" v="yes"/>
    <tag k="parking:right:orientation" v="perpendicular"/>
    <tag k="sidewalk" v="both"/>
    <tag k="sidewalk:both:surface" v="paving_stones"/>
    <tag k="smoothness" v="good"/>
    <tag k="source:maxspeed" v="DE:zone30"/>
    <tag k="surface" v="asphalt"/>
  </way>
  <way id="4649339">
    <nd ref="12730737266"/>
    <nd ref="2481363133"/>
    <tag k="cycleway:both" v="no"/>
    <tag k="highway" v="residential"/>
    <tag k="maxspeed" v="30"/>
    <tag k="name" v="Ainmillerstraße"/>
    <tag k="parking:left" v="yes"/>
    <tag k="parking:left:orientation" v="diagonal"/>
    <tag k="parking:right" v="yes"/>
    <tag k="parking:right:orientation" v="parallel"/>
    <tag k="sidewalk" v="both"/>
    <tag k="sidewalk:both:surface" v="paving_stones"/>
    <tag k="smoothness" v="bad"/>
    <tag k="surface" v="sett"/>
  </way>
  <way id="4649342">
    <nd ref="1954313"/>
    <nd ref="922831067"/>
    <nd ref="13807990608"/>
    <nd ref="1078797555"/>
    <nd ref="13773648690"/>
    <nd ref="1954323"/>
    <nd ref="13773649103"/>
    <nd ref="13703939655"/>
    <nd ref="13704493993"/>
    <nd ref="983179157"/>
    <nd ref="2481335050"/>
    <nd ref="2503091022"/>
    <nd ref="2503091009"/>
    <nd ref="13807990607"/>
    <nd ref="13741376715"/>
    <nd ref="13807990604"/>
    <nd ref="13741376712"/>
    <nd ref="13807990606"/>
    <nd ref="13725549394"/>
    <nd ref="2483709351"/>
    <nd ref="4738366487"/>
    <nd ref="13773649111"/>
    <nd ref="27742333"/>
    <tag k="class:bicycle" v="1"/>
    <tag k="cycleway:both" v="separate"/>
    <tag k="foot" v="use_sidepath"/>
    <tag k="highway" v="residential"/>
    <tag k="lanes" v="2"/>
    <tag k="lit" v="yes"/>
    <tag k="maxspeed" v="30"/>
    <tag k="name" v="Römerstraße"/>
    <tag k="sidewalk" v="separate"/>
    <tag k="source:maxspeed" v="DE:zone30"/>
    <tag k="surface" v="asphalt"/>
  </way>
  <way id="4649398">
    <nd ref="27744785"/>
    <nd ref="13103603156"/>
    <nd ref="457516649"/>
    <tag k="class:bicycle" v="-1"/>
    <tag k="highway" v="residential"/>
    <tag k="lit" v="yes"/>
    <tag k="maxspeed" v="30"/>
    <tag k="name" v="Wilhelmstraße"/>
    <tag k="oneway" v="yes"/>
    <tag k="oneway:bicycle" v="no"/>
    <tag k="parking:both" v="yes"/>
    <tag k="parking:both:orientation" v="parallel"/>
    <tag k="parking:condition:both:residents" v="Clemenstraße"/>
    <tag k="surface" v="paving_stones"/>
  </way>
  <way id="4649455">
    <nd ref="28092161"/>
    <nd ref="1703216604"/>
    <nd ref="667321243"/>
    <nd ref="2502842243"/>
    <nd ref="13681708918"/>
    <nd ref="13681708915"/>
    <nd ref="2502842247"/>
    <nd ref="2495190868"/>
    <nd ref="27742468"/>
    <nd ref="2495190869"/>
    <nd ref="13681701032"/>
    <nd ref="3044120565"/>
    <nd ref="13723831370"/>
    <nd ref="13721348080"/>
    <nd ref="13681622261"/>
    <nd ref="2502930306"/>
    <nd ref="7983340"/>
    <tag k="cycleway:both" v="no"/>
    <tag k="highway" v="residential"/>
    <tag k="lanes" v="1"/>
    <tag k="lit" v="yes"/>
    <tag k="maxspeed" v="30"/>
    <tag k="name" v="Viktor-Scheffel-Straße"/>
    <tag k="name:etymology:wikidata" v="Q94806440"/>
    <tag k="postal_code" v="80803"/>
    <tag k="sidewalk" v="both"/>
    <tag k="smoothness" v="intermediate"/>
    <tag k="surface" v="cobblestone"/>
  </way>
  <way id="4649465">
    <nd ref="6578727"/>
    <nd ref="371663701"/>
    <tag k="bicycle" v="designated"/>
    <tag k="bicycle_road" v="yes"/>
    <tag k="highway" v="residential"/>
    <tag k="lit" v="yes"/>
    <tag k="maxspeed" v="30"/>
    <tag k="motor_vehicle" v="yes"/>
    <tag k="name" v="Clemensstraße"/>
    <tag k="oneway" v="no"/>
    <tag k="sidewalk" v="no"/>
    <tag k="smoothness" v="excellent"/>
    <tag k="surface" v="asphalt"/>
    <tag k="width" v="3"/>
  </way>
  <way id="4649467">
    <nd ref="27735971"/>
    <nd ref="1679832033"/>
    <nd ref="5227653195"/>
    <nd ref="27735974"/>
    <nd ref="2829430006"/>
    <nd ref="27735973"/>
    <nd ref="1249710076"/>
    <nd ref="27735972"/>
    <tag k="highway" v="residential"/>
    <tag k="lit" v="yes"/>
    <tag k="maxspeed" v="30"/>
    <tag k="name" v="Bauerstraße"/>
    <tag k="name:etymology:wikidata" v="Q1670917"/>
    <tag k="parking:both" v="yes"/>
    <tag k="parking:both:orientation" v="parallel"/>
    <tag k="sidewalk" v="both"/>
    <tag k="surface" v="sett"/>
  </way>
  <way id="4649472">
    <nd ref="27154457"/>
    <nd ref="2589310212"/>
    <nd ref="1078797590"/>
    <nd ref="27154461"/>
    <nd ref="27154463"/>
    <tag k="highway" v="residential"/>
    <tag k="maxspeed" v="30"/>
    <tag k="name" v="Siegesstraße"/>
    <tag k="oneway" v="yes"/>
    <tag k="sidewalk" v="both"/>
    <tag k="smoothness" v="intermediate"/>
    <tag k="surface" v="asphalt"/>
  </way>
  <way id="4649473">
    <nd ref="27154463"/>
    <nd ref="27154465"/>
    <tag k="highway" v="residential"/>
    <tag k="maxspeed" v="30"/>
    <tag k="maxspeed:type" v="DE:zone30"/>
    <tag k="name" v="Fendstraße"/>
    <tag k="oneway" v="yes"/>
    <tag k="oneway:bicycle" v="no"/>
    <tag k="sidewalk" v="both"/>
    <tag k="smoothness" v="intermediate"/>
    <tag k="surface" v="asphalt"/>
  </way>
  <way id="4651573">
    <nd ref="1701728529"/>
    <nd ref="1562831832"/>
    <nd ref="638765713"/>
    <nd ref="3685743453"/>
    <nd ref="27741697"/>
    <nd ref="10840415247"/>
    <nd ref="2858941713"/>
    <nd ref="27741695"/>
    <nd ref="2604478063"/>
    <nd ref="3424844517"/>
    <nd ref="2604732898"/>
    <nd ref="27741721"/>
    <tag k="class:bicycle" v="1"/>
    <tag k="cycleway:both" v="no"/>
    <tag k="highway" v="residential"/>
    <tag k="lit" v="yes"/>
    <tag k="maxspeed" v="30"/>
    <tag k="name" v="Destouchesstraße"/>
    <tag k="name:etymology:wikidata" v="Q111895"/>
    <tag k="parking:both" v="yes"/>
    <tag k="parking:both:orientation" v="parallel"/>
    <tag k="sidewalk" v="both"/>
    <tag k="sidewalk:both:surface" v="paving_stones"/>
    <tag k="smoothness" v="good"/>
    <tag k="surface" v="asphalt"/>
  </way>
  <way id="4662541">
    <nd ref="1955586"/>
    <nd ref="371644486"/>
    <nd ref="27194229"/>
    <nd ref="2607185468"/>
    <nd ref="27194225"/>
    <tag k="highway" v="residential"/>
    <tag k="lit" v="yes"/>
    <tag k="maxspeed" v="30"/>
    <tag k="maxspeed:type" v="DE:zone30"/>
    <tag k="name" v="Franzstraße"/>
    <tag k="sidewalk" v="both"/>
    <tag k="sidewalk:both:surface" v="paving_stones"/>
    <tag k="surface" v="asphalt"/>
    <tag k="width" v="4.53"/>
  </way>
  <way id="4662543">
    <nd ref="27154119"/>
    <nd ref="27154459"/>
    <tag k="cycleway:both" v="no"/>
    <tag k="highway" v="residential"/>
    <tag k="lit" v="yes"/>
    <tag k="maxspeed" v="30"/>
    <tag k="name" v="Dillisstraße"/>
    <tag k="oneway" v="yes"/>
    <tag k="oneway:bicycle" v="no"/>
    <tag k="sidewalk" v="both"/>
    <tag k="surface" v="sett"/>
  </way>
  <way id="4662544">
    <nd ref="27154460"/>
    <nd ref="2036265386"/>
    <nd ref="1078797562"/>
    <nd ref="1078797525"/>
    <nd ref="27154457"/>
    <tag k="class:bicycle" v="1"/>
    <tag k="cycleway:both" v="no"/>
    <tag k="highway" v="residential"/>
    <tag k="lit" v="yes"/>
    <tag k="maxspeed" v="30"/>
    <tag k="name" v="Nikolaiplatz"/>
    <tag k="sidewalk" v="both"/>
    <tag k="surface" v="asphalt"/>
  </way>
  <way id="4662545">
    <nd ref="27153714"/>
    <nd ref="1240882433"/>
    <nd ref="11971976668"/>
    <nd ref="1240882434"/>
    <nd ref="27194825"/>
    <nd ref="13473637905"/>
    <nd ref="27194823"/>
    <nd ref="2518213185"/>
    <nd ref="27194820"/>
    <nd ref="27194817"/>
    <nd ref="2579748000"/>
    <nd ref="2518385484"/>
    <nd ref="261063016"/>
    <nd ref="1078797600"/>
    <nd ref="27154460"/>
    <tag k="class:bicycle" v="1"/>
    <tag k="highway" v="residential"/>
    <tag k="lit" v="yes"/>
    <tag k="maxspeed" v="30"/>
    <tag k="name" v="Maria-Josepha-Straße"/>
    <tag k="name:etymology" v="Maria Josepha von Portugal"/>
    <tag k="name:etymology:wikidata" v="Q242180"/>
    <tag k="oneway" v="no"/>
    <tag k="sidewalk:both" v="separate"/>
    <tag k="smoothness" v="good"/>
    <tag k="source:maxspeed" v="DE:zone30"/>
    <tag k="surface" v="asphalt"/>
    <tag k="traffic_sign" v="DE:274.1[30]"/>
    <tag k="wikipedia" v="de:Maria-Josepha-Straße"/>
    <tag k="zone:maxspeed" v="DE:30"/>
  </way>
  <way id="4662587">
    <nd ref="29861238"/>
    <nd ref="4209636495"/>
    <nd ref="4209636494"/>
    <nd ref="4209636493"/>
    <nd ref="372811160"/>
    <nd ref="4209636489"/>
    <nd ref="4209636487"/>
    <tag k="bicycle" v="yes"/>
    <tag k="cycleway:both" v="separate"/>
    <tag k="highway" v="residential"/>
    <tag k="lanes" v="1"/>
    <tag k="lit" v="yes"/>
    <tag k="maxspeed" v="30"/>
    <tag k="name" v="Marschallstraße"/>
    <tag k="oneway" v="yes"/>
    <tag k="sidewalk:left" v="no"/>
    <tag k="sidewalk:right" v="separate"/>
    <tag k="smoothness" v="good"/>
    <tag k="surface" v="asphalt"/>
  </way>
  <way id="4662588">
    <nd ref="1078797621"/>
    <nd ref="13720195193"/>
    <nd ref="13720195195"/>
    <nd ref="1404411554"/>
    <nd ref="13720195194"/>
    <nd ref="28090804"/>
    <tag k="bicycle" v="designated"/>
    <tag k="bicycle_road" v="yes"/>
    <tag k="class:bicycle" v="1"/>
    <tag k="highway" v="residential"/>
    <tag k="lanes" v="1"/>
    <tag k="lit" v="yes"/>
    <tag k="maxspeed" v="30"/>
    <tag k="name" v="Siegfriedstraße"/>
    <tag k="oneway" v="yes"/>
    <tag k="oneway:bicycle" v="no"/>
    <tag k="parking:condition:left" v="residents"/>
    <tag k="parking:condition:right" v="residents"/>
    <tag k="parking:left" v="yes"/>
    <tag k="parking:left:orientation" v="parallel"/>
    <tag k="parking:right" v="yes"/>
    <tag k="parking:right:orientation" v="diagonal"/>
    <tag k="sidewalk" v="both"/>
    <tag k="smoothness" v="good"/>
    <tag k="source:maxspeed" v="DE:bicycle_road"/>
    <tag k="surface" v="sett"/>
    <tag k="traffic_sign" v="DE:244.1"/>
    <tag k="vehicle" v="yes"/>
  </way>
  <way id="4662590">
    <nd ref="337203265"/>
    <nd ref="6578732"/>
    <nd ref="13883763"/>
    <nd ref="13103639158"/>
    <nd ref="13883762"/>
    <tag k="class:bicycle" v="1"/>
    <tag k="highway" v="residential"/>
    <tag k="lit" v="yes"/>
    <tag k="maxspeed" v="30"/>
    <tag k="name" v="Sturystraße"/>
    <tag k="oneway" v="yes"/>
    <tag k="parking:both" v="yes"/>
    <tag k="parking:both:orientation" v="parallel"/>
    <tag k="parking:condition:both" v="residents"/>
    <tag k="sidewalk" v="both"/>
    <tag k="surface" v="asphalt"/>
  </way>
  <way id="4662591">
    <nd ref="6578728"/>
    <nd ref="13103639146"/>
    <nd ref="3100831730"/>
    <nd ref="3100814033"/>
    <nd ref="13684690978"/>
    <nd ref="1213358933"/>
    <nd ref="13684723317"/>
    <nd ref="392379691"/>
    <nd ref="337203265"/>
    <tag k="class:bicycle" v="1"/>
    <tag k="highway" v="residential"/>
    <tag k="lit" v="yes"/>
    <tag k="maxspeed" v="30"/>
    <tag k="name" v="Morawitzkystraße"/>
    <tag k="oneway" v="yes"/>
    <tag k="parking:both" v="yes"/>
    <tag k="parking:both:orientation" v="parallel"/>
    <tag k="parking:condition:both" v="residents"/>
    <tag k="sidewalk" v="both"/>
    <tag k="source:maxspeed" v="DE:zone30"/>
    <tag k="surface" v="asphalt"/>
  </way>
  <way id="4701144">
    <nd ref="31861958"/>
    <nd ref="3213296429"/>
    <tag k="bicycle" v="use_sidepath"/>
    <tag k="foot" v="use_sidepath"/>
    <tag k="highway" v="secondary"/>
    <tag k="lanes" v="3"/>
    <tag k="lit" v="yes"/>
    <tag k="maxspeed" v="30"/>
    <tag k="name" v="Leopoldstraße"/>
    <tag k="name:etymology:wikidata" v="Q61015"/>
    <tag k="oneway" v="yes"/>
    <tag k="parking:left" v="no"/>
    <tag k="parking:right" v="street_side"/>
    <tag k="parking:right:orientation" v="parallel"/>
    <tag k="sidewalk:left" v="no"/>
    <tag k="sidewalk:right" v="separate"/>
    <tag k="smoothness" v="good"/>
    <tag k="surface" v="asphalt"/>
    <tag k="tmc" v="DE:46572/35344"/>
    <tag k="turn:lanes" v="left|none|none"/>
    <tag k="wikidata" v="Q877933"/>
    <tag k="wikipedia" v="de:Leopoldstraße"/>
  </way>
  <way id="5342641">
    <nd ref="27745850"/>
    <nd ref="13741138445"/>
    <nd ref="13741138443"/>
    <nd ref="38144228"/>
    <tag k="class:bicycle" v="-1"/>
    <tag k="highway" v="residential"/>
    <tag k="lit" v="yes"/>
    <tag k="maxspeed" v="30"/>
    <tag k="name" v="Unertlstraße"/>
    <tag k="oneway" v="yes"/>
    <tag k="sidewalk" v="both"/>
    <tag k="smoothness" v="intermediate"/>
    <tag k="source:width" v="ARCore"/>
    <tag k="surface" v="sett"/>
    <tag k="width" v="6"/>
  </way>
  <way id="5343456">
    <nd ref="21558311"/>
    <nd ref="3112875036"/>
    <nd ref="2889697959"/>
    <nd ref="13726089032"/>
    <nd ref="21558310"/>
    <tag k="class:bicycle" v="-1"/>
    <tag k="highway" v="residential"/>
    <tag k="lit" v="yes"/>
    <tag k="maxspeed" v="30"/>
    <tag k="name" v="Pündterplatz"/>
    <tag k="oneway" v="yes"/>
    <tag k="sidewalk" v="both"/>
    <tag k="smoothness" v="intermediate"/>
    <tag k="source:maxspeed" v="DE:zone30"/>
    <tag k="surface" v="sett"/>
  </way>
  <way id="5343763">
    <nd ref="3046338257"/>
    <nd ref="13681161213"/>
    <nd ref="13681161212"/>
    <nd ref="11775520414"/>
    <nd ref="2710035229"/>
    <nd ref="13741209773"/>
    <nd ref="38155990"/>
    <tag k="class:bicycle" v="1"/>
    <tag k="highway" v="residential"/>
    <tag k="lit" v="yes"/>
    <tag k="maxspeed" v="30"/>
    <tag k="name" v="Degenfeldstraße"/>
    <tag k="name:etymology:wikidata" v="Q91117"/>
    <tag k="oneway" v="yes"/>
    <tag k="sidewalk" v="right"/>
    <tag k="surface" v="sett"/>
  </way>
  <way id="5343829">
    <nd ref="38140637"/>
    <nd ref="13741209772"/>
    <nd ref="13741209770"/>
    <nd ref="13681187559"/>
    <nd ref="13681187558"/>
    <nd ref="6681354530"/>
    <nd ref="38156717"/>
    <nd ref="6681354529"/>
    <nd ref="1115606371"/>
    <nd ref="6681354528"/>
    <nd ref="1115606469"/>
    <nd ref="433008544"/>
    <nd ref="1373906089"/>
    <nd ref="38156718"/>
    <tag k="class:bicycle" v="1"/>
    <tag k="highway" v="residential"/>
    <tag k="lit" v="yes"/>
    <tag k="maxspeed" v="30"/>
    <tag k="name" v="Degenfeldstraße"/>
    <tag k="name:etymology:wikidata" v="Q91117"/>
    <tag k="oneway" v="yes"/>
    <tag k="sidewalk" v="right"/>
    <tag k="smoothness" v="intermediate"/>
    <tag k="surface" v="sett"/>
  </way>
  <way id="5343951">
    <nd ref="38140637"/>
    <nd ref="13741209771"/>
    <nd ref="3125501929"/>
    <nd ref="38158003"/>
    <tag k="class:bicycle" v="-1"/>
    <tag k="highway" v="residential"/>
    <tag k="lit" v="yes"/>
    <tag k="maxspeed" v="30"/>
    <tag k="name" v="Rossinistraße"/>
    <tag k="name:etymology:wikidata" v="Q9726"/>
    <tag k="oneway" v="yes"/>
    <tag k="parking:both" v="yes"/>
    <tag k="parking:both:orientation" v="parallel"/>
    <tag k="sidewalk" v="both"/>
    <tag k="smoothness" v="intermediate"/>
    <tag k="surface" v="paving_stones"/>
  </way>
  <way id="5344067">
    <nd ref="38141007"/>
    <nd ref="13741250725"/>
    <nd ref="1586637609"/>
    <nd ref="13741209740"/>
    <nd ref="4956945180"/>
    <tag k="highway" v="residential"/>
    <tag k="lit" v="yes"/>
    <tag k="maxspeed" v="30"/>
    <tag k="name" v="Cherubinistraße"/>
    <tag k="name:etymology:wikidata" v="Q20721"/>
    <tag k="oneway" v="yes"/>
    <tag k="sidewalk" v="both"/>
    <tag k="surface" v="asphalt"/>
  </way>
  <way id="5785606">
    <nd ref="45310085"/>
    <nd ref="13716068881"/>
    <nd ref="658951458"/>
    <tag k="class:bicycle" v="1"/>
    <tag k="cycleway:both" v="no"/>
    <tag k="highway" v="residential"/>
    <tag k="lanes" v="2"/>
    <tag k="lit" v="yes"/>
    <tag k="maxspeed" v="30"/>
    <tag k="name" v="Marschallstraße"/>
    <tag k="sidewalk" v="both"/>
    <tag k="surface" v="sett"/>
  </way>
  <way id="7386776">
    <nd ref="29861235"/>
    <nd ref="372815647"/>
    <nd ref="559544811"/>
    <nd ref="54788210"/>
    <nd ref="4080970216"/>
    <nd ref="2119981362"/>
    <nd ref="3415747867"/>
    <nd ref="54788211"/>
    <nd ref="54794234"/>
    <nd ref="8187702152"/>
    <nd ref="13100964920"/>
    <nd ref="13100965059"/>
    <nd ref="13100965061"/>
    <nd ref="54788228"/>
    <tag k="class:bicycle" v="1"/>
    <tag k="cycleway:both" v="no"/>
    <tag k="highway" v="residential"/>
    <tag k="lit" v="yes"/>
    <tag k="maxspeed" v="30"/>
    <tag k="name" v="Germaniastraße"/>
    <tag k="parking:both" v="yes"/>
    <tag k="parking:both:orientation" v="parallel"/>
    <tag k="sidewalk" v="both"/>
    <tag k="sidewalk:both:surface" v="paving_stones"/>
    <tag k="smoothness" v="good"/>
    <tag k="surface" v="asphalt"/>
  </way>
  <way id="26416346">
    <nd ref="1701728529"/>
    <nd ref="1703216626"/>
    <nd ref="1701728532"/>
    <nd ref="9966726895"/>
    <nd ref="3457559767"/>
    <nd ref="1701728539"/>
    <nd ref="1701728540"/>
    <tag k="bicycle" v="use_sidepath"/>
    <tag k="foot" v="use_sidepath"/>
    <tag k="highway" v="secondary"/>
    <tag k="lanes" v="1"/>
    <tag k="lit" v="yes"/>
    <tag k="maxspeed" v="50"/>
    <tag k="name" v="Belgradstraße"/>
    <tag k="oneway" v="yes"/>
    <tag k="parking:left" v="no"/>
    <tag k="parking:right" v="street_side"/>
    <tag k="parking:right:orientation" v="parallel"/>
    <tag k="sidewalk:left" v="no"/>
    <tag k="sidewalk:right" v="separate"/>
    <tag k="surface" v="asphalt"/>
    <tag k="tmc" v="DE:30269/30270"/>
  </way>
  <way id="27135800">
    <nd ref="21092022"/>
    <nd ref="21495319"/>
    <tag k="bicycle" v="use_sidepath"/>
    <tag k="foot" v="use_sidepath"/>
    <tag k="highway" v="secondary"/>
    <tag k="lanes" v="2"/>
    <tag k="lit" v="yes"/>
    <tag k="maxspeed" v="30"/>
    <tag k="name" v="Leopoldstraße"/>
    <tag k="name:etymology:wikidata" v="Q61015"/>
    <tag k="oneway" v="yes"/>
    <tag k="sidewalk:left" v="no"/>
    <tag k="sidewalk:right" v="separate"/>
    <tag k="smoothness" v="good"/>
    <tag k="surface" v="asphalt"/>
    <tag k="tmc" v="DE:46572"/>
    <tag k="wikidata" v="Q877933"/>
    <tag k="wikipedia" v="de:Leopoldstraße"/>
  </way>
  <way id="29418700">
    <nd ref="38151028"/>
    <nd ref="13741209742"/>
    <nd ref="3125502630"/>
    <nd ref="13741250719"/>
    <nd ref="38140638"/>
    <nd ref="13741250717"/>
    <nd ref="13061562898"/>
    <nd ref="3022426836"/>
    <nd ref="6681354535"/>
    <nd ref="38152434"/>
    <tag k="class:bicycle" v="1"/>
    <tag k="highway" v="residential"/>
    <tag k="lit" v="yes"/>
    <tag k="maxspeed" v="30"/>
    <tag k="name" v="Ansprengerstraße"/>
    <tag k="oneway" v="yes"/>
    <tag k="parking:both" v="yes"/>
    <tag k="parking:both:orientation" v="parallel"/>
    <tag k="sidewalk" v="both"/>
    <tag k="sidewalk:both:surface" v="paving_stones"/>
    <tag k="smoothness" v="good"/>
    <tag k="source:maxspeed" v="DE:zone30"/>
    <tag k="surface" v="asphalt"/>
  </way>
  <way id="30816863">
    <nd ref="1078797615"/>
    <nd ref="11258802009"/>
    <nd ref="11258802008"/>
    <nd ref="1679832057"/>
    <nd ref="11258802007"/>
    <nd ref="11258802006"/>
    <nd ref="11258802005"/>
    <nd ref="1159881598"/>
    <nd ref="11258802004"/>
    <nd ref="1703216450"/>
    <nd ref="1078797527"/>
    <tag k="check_date:cycleway" v="2025-04-26"/>
    <tag k="class:bicycle" v="-2"/>
    <tag k="cycleway:both" v="no"/>
    <tag k="highway" v="secondary"/>
    <tag k="lanes" v="1"/>
    <tag k="lit" v="yes"/>
    <tag k="maxspeed" v="50"/>
    <tag k="name" v="Kurfürstenplatz"/>
    <tag k="oneway" v="yes"/>
    <tag k="source:maxspeed" v="DE:urban"/>
    <tag k="surface" v="asphalt"/>
  </way>
  <way id="30816864">
    <nd ref="1955522"/>
    <nd ref="1703216494"/>
    <nd ref="667321240"/>
    <nd ref="1679832079"/>
    <nd ref="11258802035"/>
    <nd ref="1679832077"/>
    <nd ref="11258809477"/>
    <nd ref="1680006268"/>
    <tag k="class:bicycle" v="-2"/>
    <tag k="cycleway:left" v="no"/>
    <tag k="cycleway:right" v="lane"/>
    <tag k="cycleway:right:lane" v="exclusive"/>
    <tag k="foot" v="no"/>
    <tag k="highway" v="secondary"/>
    <tag k="lanes" v="2"/>
    <tag k="lit" v="yes"/>
    <tag k="maxspeed" v="50"/>
    <tag k="name" v="Kurfürstenplatz"/>
    <tag k="name:etymology:wikidata" v="Q57628"/>
    <tag k="oneway" v="yes"/>
    <tag k="sidewalk" v="no"/>
    <tag k="smoothness" v="good"/>
    <tag k="source:maxspeed" v="DE:urban"/>
    <tag k="surface" v="asphalt"/>
  </way>
  <way id="30816874">
    <nd ref="1955522"/>
    <nd ref="1703216513"/>
    <nd ref="1680006299"/>
    <nd ref="5517234979"/>
    <nd ref="11258809527"/>
    <nd ref="371634670"/>
    <nd ref="1680006307"/>
    <nd ref="11258809534"/>
    <nd ref="11258809497"/>
    <nd ref="21543939"/>
    <tag k="class:bicycle" v="-2"/>
    <tag k="cycleway:both" v="no"/>
    <tag k="foot" v="use_sidepath"/>
    <tag k="highway" v="tertiary"/>
    <tag k="lanes" v="1"/>
    <tag k="lit" v="yes"/>
    <tag k="maxspeed" v="50"/>
    <tag k="name" v="Hohenzollernstraße"/>
    <tag k="name:etymology:wikidata" v="Q83969"/>
    <tag k="oneway" v="yes"/>
    <tag k="sidewalk:left" v="no"/>
    <tag k="sidewalk:right" v="separate"/>
    <tag k="source:maxspeed" v="DE:urban"/>
    <tag k="surface" v="asphalt"/>
  </way>
  <way id="30816875">
    <nd ref="1955522"/>
    <nd ref="1703216505"/>
    <nd ref="11258809485"/>
    <nd ref="667321239"/>
    <nd ref="3239382674"/>
    <nd ref="1562853073"/>
    <tag k="class:bicycle" v="-2"/>
    <tag k="cycleway:both" v="no"/>
    <tag k="highway" v="tertiary"/>
    <tag k="lanes" v="2"/>
    <tag k="lit" v="yes"/>
    <tag k="maxspeed" v="50"/>
    <tag k="name" v="Hohenzollernstraße"/>
    <tag k="name:etymology:wikidata" v="Q83969"/>
    <tag k="smoothness" v="intermediate"/>
    <tag k="source:maxspeed" v="DE:urban"/>
    <tag k="surface" v="asphalt"/>
  </way>
  <way id="30816876">
    <nd ref="1955522"/>
    <nd ref="1703216542"/>
    <nd ref="1703216549"/>
    <nd ref="11258809529"/>
    <nd ref="1703216560"/>
    <nd ref="11258921448"/>
    <nd ref="11258921445"/>
    <nd ref="12815504333"/>
    <tag k="bicycle" v="yes"/>
    <tag k="class:bicycle" v="-2"/>
    <tag k="cycleway:left" v="lane"/>
    <tag k="cycleway:left:lane" v="exclusive"/>
    <tag k="cycleway:right" v="no"/>
    <tag k="foot" v="use_sidepath"/>
    <tag k="highway" v="secondary"/>
    <tag k="lanes" v="2"/>
    <tag k="lit" v="yes"/>
    <tag k="maxspeed" v="50"/>
    <tag k="name" v="Belgradstraße"/>
    <tag k="sidewalk:both" v="separate"/>
    <tag k="smoothness" v="good"/>
    <tag k="source:maxspeed" v="DE:urban"/>
    <tag k="surface" v="asphalt"/>
    <tag k="tmc" v="DE:30269/30270"/>
  </way>
  <way id="30816921">
    <nd ref="28092161"/>
    <nd ref="7949372505"/>
    <nd ref="13807990611"/>
    <nd ref="1824126058"/>
    <nd ref="13807990609"/>
    <tag k="bicycle" v="yes"/>
    <tag k="class:bicycle" v="-2"/>
    <tag k="cycleway:both" v="no"/>
    <tag k="foot" v="use_sidepath"/>
    <tag k="highway" v="secondary"/>
    <tag k="lanes" v="2"/>
    <tag k="lit" v="yes"/>
    <tag k="maxspeed" v="50"/>
    <tag k="name" v="Belgradstraße"/>
    <tag k="sidewalk:both" v="separate"/>
    <tag k="smoothness" v="good"/>
    <tag k="surface" v="asphalt"/>
    <tag k="tmc" v="DE:30269/30270"/>
  </way>
  <way id="30816922">
    <nd ref="13807990609"/>
    <nd ref="3586755989"/>
    <nd ref="13807990612"/>
    <nd ref="7949372504"/>
    <nd ref="3556420409"/>
    <nd ref="1701728527"/>
    <nd ref="3556420412"/>
    <nd ref="12829938406"/>
    <tag k="bicycle" v="yes"/>
    <tag k="class:bicycle" v="-2"/>
    <tag k="cycleway:both" v="no"/>
    <tag k="foot" v="use_sidepath"/>
    <tag k="highway" v="secondary"/>
    <tag k="lanes" v="2"/>
    <tag k="lit" v="yes"/>
    <tag k="maxspeed" v="50"/>
    <tag k="name" v="Belgradstraße"/>
    <tag k="parking:both" v="yes"/>
    <tag k="parking:both:orientation" v="parallel"/>
    <tag k="sidewalk:both" v="separate"/>
    <tag k="smoothness" v="good"/>
    <tag k="surface" v="asphalt"/>
    <tag k="tmc" v="DE:30269/30270"/>
  </way>
  <way id="32880000">
    <nd ref="27154465"/>
    <nd ref="261063015"/>
    <nd ref="2242609954"/>
    <nd ref="371644481"/>
    <nd ref="27154466"/>
    <tag k="highway" v="residential"/>
    <tag k="lit" v="yes"/>
    <tag k="maxspeed" v="30"/>
    <tag k="maxspeed:type" v="DE:zone30"/>
    <tag k="name" v="Fendstraße"/>
    <tag k="oneway" v="yes"/>
    <tag k="oneway:bicycle" v="no"/>
    <tag k="sidewalk" v="both"/>
    <tag k="smoothness" v="intermediate"/>
    <tag k="surface" v="asphalt;cobblestone"/>
  </way>
  <way id="33487026">
    <nd ref="371663701"/>
    <nd ref="2203963782"/>
    <nd ref="11984297274"/>
    <nd ref="6578728"/>
    <nd ref="7388700069"/>
    <nd ref="457516630"/>
    <tag k="bicycle" v="designated"/>
    <tag k="bicycle_road" v="yes"/>
    <tag k="class:bicycle" v="2"/>
    <tag k="highway" v="residential"/>
    <tag k="lit" v="yes"/>
    <tag k="maxspeed" v="30"/>
    <tag k="motor_vehicle" v="yes"/>
    <tag k="name" v="Clemensstraße"/>
    <tag k="parking:condition:both:residents" v="*"/>
    <tag k="parking:condition:left" v="ticket"/>
    <tag k="parking:condition:right" v="ticket"/>
    <tag k="parking:left" v="yes"/>
    <tag k="parking:left:orientation" v="parallel"/>
    <tag k="parking:right" v="yes"/>
    <tag k="parking:right:orientation" v="perpendicular"/>
    <tag k="sidewalk" v="both"/>
    <tag k="smoothness" v="good"/>
    <tag k="surface" v="asphalt"/>
  </way>
  <way id="33487027">
    <nd ref="28092165"/>
    <nd ref="1404411555"/>
    <tag k="access:lanes:forward" v="||no"/>
    <tag k="class:bicycle" v="1"/>
    <tag k="cycleway:left" v="separate"/>
    <tag k="cycleway:right" v="no"/>
    <tag k="foot" v="use_sidepath"/>
    <tag k="highway" v="residential"/>
    <tag k="lanes" v="3"/>
    <tag k="lanes:forward" v="2"/>
    <tag k="lit" v="yes"/>
    <tag k="maxspeed" v="50"/>
    <tag k="name" v="Herzogstraße"/>
    <tag k="name:etymology:wikidata" v="Q62280"/>
    <tag k="psv:lanes:forward" v="||designated"/>
    <tag k="sidewalk:both" v="separate"/>
    <tag k="smoothness" v="good"/>
    <tag k="surface" v="asphalt"/>
    <tag k="turn:lanes:forward" v="left|through;right|"/>
  </way>
  <way id="33487028">
    <nd ref="372802159"/>
    <nd ref="1415228598"/>
    <nd ref="3691000711"/>
    <nd ref="2619993447"/>
    <nd ref="2904937024"/>
    <nd ref="312385385"/>
    <nd ref="13714791414"/>
    <nd ref="13715974582"/>
    <nd ref="27194086"/>
    <tag k="class:bicycle" v="1"/>
    <tag k="highway" v="residential"/>
    <tag k="lit" v="yes"/>
    <tag k="maxspeed" v="30"/>
    <tag k="name" v="Feilitzschstraße"/>
    <tag k="name:etymology" v="Maximilian von Feilitzsch"/>
    <tag k="name:etymology:wikidata" v="Q1914135"/>
    <tag k="sidewalk" v="both"/>
    <tag k="smoothness" v="excellent"/>
    <tag k="source:maxspeed" v="DE:zone30"/>
    <tag k="surface" v="asphalt"/>
    <tag k="traffic_sign" v="DE:274.1[30]"/>
    <tag k="wikipedia" v="de:Feilitzschstraße"/>
    <tag k="zone:maxspeed" v="DE:30"/>
  </way>
  <way id="33487032">
    <nd ref="371644443"/>
    <nd ref="2203963817"/>
    <nd ref="388181873"/>
    <tag k="class:bicycle" v="-1"/>
    <tag k="cycleway:both" v="no"/>
    <tag k="highway" v="tertiary"/>
    <tag k="lane_markings" v="no"/>
    <tag k="lit" v="yes"/>
    <tag k="maxspeed" v="30"/>
    <tag k="name" v="Hohenzollernstraße"/>
    <tag k="name:etymology:wikidata" v="Q83969"/>
    <tag k="oneway" v="yes"/>
    <tag k="oneway:bicycle" v="no"/>
    <tag k="sidewalk" v="both"/>
    <tag k="sidewalk:both:surface" v="paving_stones"/>
    <tag k="surface" v="asphalt"/>
    <tag k="width" v="6"/>
  </way>
  <way id="33487033">
    <nd ref="27154460"/>
    <nd ref="1078797622"/>
    <nd ref="2518516428"/>
    <nd ref="27154459"/>
    <tag k="highway" v="residential"/>
    <tag k="lit" v="yes"/>
    <tag k="maxspeed" v="30"/>
    <tag k="name" v="Maria-Josepha-Straße"/>
    <tag k="name:etymology" v="Maria Josepha von Portugal"/>
    <tag k="name:etymology:wikidata" v="Q242180"/>
    <tag k="sidewalk" v="both"/>
    <tag k="source:maxspeed" v="DE:zone30"/>
    <tag k="surface" v="asphalt"/>
    <tag k="traffic_sign" v="DE:274.1[30]"/>
    <tag k="wikipedia" v="de:Maria-Josepha-Straße"/>
    <tag k="zone:maxspeed" v="DE:30"/>
  </way>
  <way id="34140425">
    <nd ref="4209636503"/>
    <nd ref="45356301"/>
    <nd ref="45353710"/>
    <nd ref="13678338508"/>
    <nd ref="3697603866"/>
    <tag k="bicycle" v="use_sidepath"/>
    <tag k="foot" v="use_sidepath"/>
    <tag k="highway" v="secondary"/>
    <tag k="lanes" v="2"/>
    <tag k="lit" v="yes"/>
    <tag k="maxspeed" v="50"/>
    <tag k="name" v="Ungererstraße"/>
    <tag k="name:etymology:wikidata" v="Q54556659"/>
    <tag k="oneway" v="yes"/>
    <tag k="sidewalk:left" v="no"/>
    <tag k="sidewalk:right" v="separate"/>
    <tag k="surface" v="asphalt"/>
    <tag k="tmc" v="DE:30272/30273"/>
    <tag k="wikidata" v="Q21640196"/>
  </way>
  <way id="34140428">
    <nd ref="21495321"/>
    <nd ref="54794239"/>
    <nd ref="29861236"/>
    <nd ref="21495324"/>
    <nd ref="5216312449"/>
    <nd ref="1305559155"/>
    <nd ref="352662164"/>
    <nd ref="5216312450"/>
    <nd ref="1305559169"/>
    <nd ref="29861235"/>
    <tag k="bicycle" v="use_sidepath"/>
    <tag k="dual_carriageway" v="yes"/>
    <tag k="foot" v="use_sidepath"/>
    <tag k="highway" v="secondary"/>
    <tag k="lanes" v="2"/>
    <tag k="lit" v="yes"/>
    <tag k="maxspeed" v="50"/>
    <tag k="maxspeed:conditional" v="30 @ (Mo-Fr 07:00-18:00)"/>
    <tag k="name" v="Ungererstraße"/>
    <tag k="name:etymology:wikidata" v="Q54556659"/>
    <tag k="oneway" v="yes"/>
    <tag k="sidewalk:left" v="no"/>
    <tag k="sidewalk:right" v="separate"/>
    <tag k="source:maxspeed" v="DE:urban"/>
    <tag k="surface" v="asphalt"/>
    <tag k="tmc" v="DE:30272/30273"/>
    <tag k="wikidata" v="Q21640196"/>
  </way>
  <way id="34262561">
    <nd ref="392954797"/>
    <nd ref="1078797548"/>
    <nd ref="13678887813"/>
    <nd ref="13678887810"/>
    <nd ref="27154115"/>
    <nd ref="13678887807"/>
    <nd ref="2578892840"/>
    <nd ref="261063016"/>
    <tag k="bicycle" v="yes"/>
    <tag k="class:bicycle" v="2"/>
    <tag k="highway" v="residential"/>
    <tag k="lit" v="yes"/>
    <tag k="maxspeed" v="30"/>
    <tag k="name" v="Kaulbachstraße"/>
    <tag k="name:etymology" v="Wilhelm von Kaulbach"/>
    <tag k="name:etymology:wikidata" v="Q604107"/>
    <tag k="sidewalk:both" v="separate"/>
    <tag k="smoothness" v="good"/>
    <tag k="source:maxspeed" v="DE:zone30"/>
    <tag k="surface" v="asphalt"/>
    <tag k="traffic_sign" v="DE:274.1[30]"/>
    <tag k="wikipedia" v="de:Kaulbachstraße (München)"/>
    <tag k="zone:maxspeed" v="DE:30"/>
  </way>
  <way id="38307884">
    <nd ref="4738778742"/>
    <nd ref="1693994289"/>
    <tag k="class:bicycle" v="1"/>
    <tag k="highway" v="residential"/>
    <tag k="lit" v="yes"/>
    <tag k="maxspeed" v="30"/>
    <tag k="name" v="Muffatstraße"/>
    <tag k="surface" v="asphalt"/>
  </way>
  <way id="38626587">
    <nd ref="457516636"/>
    <nd ref="3109257668"/>
    <nd ref="13700618839"/>
    <nd ref="27744793"/>
    <nd ref="939058079"/>
    <nd ref="13840752608"/>
    <nd ref="13840752613"/>
    <nd ref="13840752607"/>
    <nd ref="13840752606"/>
    <nd ref="1955571"/>
    <nd ref="13840752610"/>
    <nd ref="13710879605"/>
    <nd ref="13741128820"/>
    <nd ref="28092168"/>
    <tag k="bicycle" v="designated"/>
    <tag k="bicycle_road" v="yes"/>
    <tag k="class:bicycle" v="1"/>
    <tag k="highway" v="residential"/>
    <tag k="lanes" v="2"/>
    <tag k="lit" v="yes"/>
    <tag k="maxspeed" v="30"/>
    <tag k="motor_vehicle" v="yes"/>
    <tag k="name" v="Clemensstraße"/>
    <tag k="name:etymology:wikidata" v="Q215086"/>
    <tag k="parking:condition:both:residents" v="*"/>
    <tag k="parking:condition:left" v="ticket"/>
    <tag k="parking:condition:right" v="ticket"/>
    <tag k="parking:left" v="yes"/>
    <tag k="parking:left:orientation" v="parallel"/>
    <tag k="parking:right" v="yes"/>
    <tag k="parking:right:orientation" v="diagonal"/>
    <tag k="sidewalk" v="both"/>
    <tag k="smoothness" v="good"/>
    <tag k="source:maxspeed" v="DE:bicycle_road"/>
    <tag k="surface" v="asphalt"/>
  </way>
  <way id="38626592">
    <nd ref="27744774"/>
    <nd ref="13103639165"/>
    <nd ref="346218635"/>
    <nd ref="27744785"/>
    <nd ref="3109257667"/>
    <nd ref="457516636"/>
    <tag k="bicycle" v="designated"/>
    <tag k="bicycle_road" v="yes"/>
    <tag k="class:bicycle" v="-1"/>
    <tag k="highway" v="residential"/>
    <tag k="lit" v="yes"/>
    <tag k="maxspeed" v="30"/>
    <tag k="motor_vehicle" v="yes"/>
    <tag k="name" v="Clemensstraße"/>
    <tag k="smoothness" v="intermediate"/>
    <tag k="surface" v="paving_stones"/>
  </way>
  <way id="38626593">
    <nd ref="457516633"/>
    <nd ref="13103603151"/>
    <nd ref="13103639149"/>
    <nd ref="346218635"/>
    <tag k="highway" v="residential"/>
    <tag k="lit" v="yes"/>
    <tag k="maxspeed" v="30"/>
    <tag k="name" v="Siegfriedstraße"/>
    <tag k="surface" v="paving_stones"/>
  </way>
  <way id="38626594">
    <nd ref="28090804"/>
    <nd ref="13103639167"/>
    <nd ref="13103639166"/>
    <nd ref="13103603150"/>
    <nd ref="349280798"/>
    <nd ref="27744774"/>
    <tag k="bicycle" v="designated"/>
    <tag k="bicycle_road" v="yes"/>
    <tag k="class:bicycle" v="-1"/>
    <tag k="highway" v="residential"/>
    <tag k="lane_markings" v="no"/>
    <tag k="lit" v="yes"/>
    <tag k="maxspeed" v="30"/>
    <tag k="name" v="Siegfriedstraße"/>
    <tag k="oneway" v="yes"/>
    <tag k="oneway:bicycle" v="no"/>
    <tag k="sidewalk" v="both"/>
    <tag k="smoothness" v="intermediate"/>
    <tag k="source:maxspeed" v="DE:bicycle_road"/>
    <tag k="surface" v="paving_stones"/>
    <tag k="traffic_sign" v="DE:244.1"/>
    <tag k="vehicle" v="yes"/>
  </way>
  <way id="38626602">
    <nd ref="457516649"/>
    <nd ref="3112875029"/>
    <nd ref="4956635667"/>
    <tag k="class:bicycle" v="-1"/>
    <tag k="cycleway:both" v="no"/>
    <tag k="highway" v="residential"/>
    <tag k="lanes" v="1"/>
    <tag k="lit" v="yes"/>
    <tag k="maxspeed" v="30"/>
    <tag k="name" v="Wilhelmstraße"/>
    <tag k="oneway" v="yes"/>
    <tag k="oneway:bicycle" v="no"/>
    <tag k="parking:both" v="yes"/>
    <tag k="parking:both:orientation" v="parallel"/>
    <tag k="parking:condition:both:residents" v="Clemenstraße"/>
    <tag k="sidewalk" v="both"/>
    <tag k="surface" v="asphalt"/>
  </way>
  <way id="38906715">
    <nd ref="1955518"/>
    <nd ref="967091775"/>
    <nd ref="9672733471"/>
    <nd ref="1918378851"/>
    <nd ref="1955520"/>
    <nd ref="1078797514"/>
    <tag k="class:bicycle" v="-1"/>
    <tag k="cycleway:both" v="separate"/>
    <tag k="highway" v="residential"/>
    <tag k="lit" v="yes"/>
    <tag k="maxspeed" v="30"/>
    <tag k="name" v="Kurfürstenstraße"/>
    <tag k="name:etymology:wikidata" v="Q57628"/>
    <tag k="sidewalk" v="no"/>
    <tag k="smoothness" v="good"/>
    <tag k="surface" v="asphalt"/>
  </way>
  <way id="42446213">
    <nd ref="1851814657"/>
    <nd ref="27479854"/>
    <nd ref="4738366489"/>
    <nd ref="2495339082"/>
    <nd ref="21558311"/>
    <nd ref="2495339083"/>
    <tag k="class:bicycle" v="-2"/>
    <tag k="cycleway:both" v="no"/>
    <tag k="foot" v="use_sidepath"/>
    <tag k="highway" v="residential"/>
    <tag k="lanes" v="2"/>
    <tag k="lit" v="yes"/>
    <tag k="maxspeed" v="50"/>
    <tag k="name" v="Herzogstraße"/>
    <tag k="name:etymology:wikidata" v="Q62280"/>
    <tag k="sidewalk" v="both"/>
    <tag k="source:maxspeed" v="DE:urban"/>
    <tag k="surface" v="asphalt"/>
  </way>
  <way id="47634455">
    <nd ref="433008538"/>
    <nd ref="9966726900"/>
    <nd ref="9966726899"/>
    <nd ref="1701728541"/>
    <nd ref="9966726898"/>
    <nd ref="38144233"/>
    <nd ref="21095006"/>
    <nd ref="1701728536"/>
    <nd ref="1701728531"/>
    <nd ref="1701728530"/>
    <nd ref="1701728529"/>
    <tag k="bicycle" v="use_sidepath"/>
    <tag k="dual_carriageway" v="yes"/>
    <tag k="foot" v="use_sidepath"/>
    <tag k="highway" v="secondary"/>
    <tag k="lanes" v="1"/>
    <tag k="lit" v="yes"/>
    <tag k="maxspeed" v="50"/>
    <tag k="name" v="Belgradstraße"/>
    <tag k="oneway" v="yes"/>
    <tag k="parking:left" v="no"/>
    <tag k="parking:right" v="street_side"/>
    <tag k="parking:right:orientation" v="parallel"/>
    <tag k="sidewalk:left" v="no"/>
    <tag k="sidewalk:right" v="separate"/>
    <tag k="smoothness" v="good"/>
    <tag k="source:maxspeed" v="DE:urban"/>
    <tag k="surface" v="asphalt"/>
    <tag k="tmc" v="DE:30269/30270"/>
  </way>
  <way id="53267456">
    <nd ref="7983340"/>
    <nd ref="13684255232"/>
    <nd ref="2611129306"/>
    <nd ref="13684255233"/>
    <nd ref="13741331257"/>
    <nd ref="27742558"/>
    <tag k="class:bicycle" v="-1"/>
    <tag k="cycleway:both" v="no"/>
    <tag k="highway" v="residential"/>
    <tag k="lanes" v="1"/>
    <tag k="lit" v="yes"/>
    <tag k="maxspeed" v="30"/>
    <tag k="name" v="Kaiserplatz"/>
    <tag k="oneway" v="yes"/>
    <tag k="oneway:bicycle" v="no"/>
    <tag k="sidewalk" v="both"/>
    <tag k="smoothness" v="good"/>
    <tag k="surface" v="asphalt"/>
  </way>
  <way id="53267457">
    <nd ref="27742333"/>
    <nd ref="27742468"/>
    <nd ref="3109103038"/>
    <nd ref="13807990602"/>
    <nd ref="673998817"/>
    <nd ref="3953746971"/>
    <nd ref="21558311"/>
    <tag k="bicycle" v="yes"/>
    <tag k="class:bicycle" v="1"/>
    <tag k="cycleway:both" v="separate"/>
    <tag k="foot" v="use_sidepath"/>
    <tag k="highway" v="residential"/>
    <tag k="lit" v="yes"/>
    <tag k="maxspeed" v="30"/>
    <tag k="name" v="Römerstraße"/>
    <tag k="sidewalk" v="separate"/>
    <tag k="source:maxspeed" v="DE:zone30"/>
    <tag k="surface" v="asphalt"/>
  </way>
  <way id="60363514">
    <nd ref="13103603172"/>
    <nd ref="315972786"/>
    <nd ref="1842043030"/>
    <nd ref="1842043029"/>
    <nd ref="13103603173"/>
    <nd ref="27154468"/>
    <tag k="bicycle" v="use_sidepath"/>
    <tag k="foot" v="use_sidepath"/>
    <tag k="highway" v="secondary"/>
    <tag k="lanes" v="5"/>
    <tag k="lanes:forward" v="3"/>
    <tag k="lit" v="yes"/>
    <tag k="maxspeed" v="30"/>
    <tag k="name" v="Leopoldstraße"/>
    <tag k="name:etymology:wikidata" v="Q61015"/>
    <tag k="psv" v="yes"/>
    <tag k="sidewalk" v="separate"/>
    <tag k="smoothness" v="good"/>
    <tag k="surface" v="asphalt"/>
    <tag k="tmc" v="DE:46571/27948"/>
    <tag k="turn:lanes:forward" v="left|through|through;right"/>
    <tag k="wikidata" v="Q877933"/>
    <tag k="wikipedia" v="de:Leopoldstraße"/>
  </way>
  <way id="71360468">
    <nd ref="1452374288"/>
    <nd ref="371644450"/>
    <nd ref="2203963796"/>
    <nd ref="2509512209"/>
    <nd ref="2509512211"/>
    <nd ref="2509348167"/>
    <nd ref="13509629435"/>
    <nd ref="2509348158"/>
    <nd ref="1666127040"/>
    <nd ref="27479835"/>
    <tag k="bicycle" v="yes"/>
    <tag k="class:bicycle" v="1"/>
    <tag k="cycleway:both" v="no"/>
    <tag k="highway" v="residential"/>
    <tag k="lit" v="yes"/>
    <tag k="maxspeed" v="30"/>
    <tag k="name" v="Kaiserstraße"/>
    <tag k="postal_code" v="80801"/>
    <tag k="sidewalk" v="both"/>
    <tag k="smoothness" v="good"/>
    <tag k="surface" v="asphalt"/>
  </way>
  <way id="80239247">
    <nd ref="2481363135"/>
    <nd ref="3664786046"/>
    <nd ref="3664786040"/>
    <nd ref="416078808"/>
    <nd ref="1954316"/>
    <tag k="class:bicycle" v="-1"/>
    <tag k="cycleway:both" v="no"/>
    <tag k="highway" v="residential"/>
    <tag k="lit" v="yes"/>
    <tag k="maxspeed" v="30"/>
    <tag k="name" v="Habsburgerplatz"/>
    <tag k="sidewalk" v="both"/>
    <tag k="sidewalk:both:surface" v="paving_stones"/>
    <tag k="smoothness" v="good"/>
    <tag k="surface" v="asphalt"/>
  </way>
  <way id="80239249">
    <nd ref="2481363133"/>
    <nd ref="7276448433"/>
    <nd ref="2493799993"/>
    <nd ref="27479817"/>
    <tag k="cycleway:both" v="no"/>
    <tag k="highway" v="residential"/>
    <tag k="maxspeed" v="30"/>
    <tag k="name" v="Ainmillerstraße"/>
    <tag k="parking:both" v="yes"/>
    <tag k="parking:both:orientation" v="diagonal"/>
    <tag k="sidewalk" v="both"/>
    <tag k="sidewalk:both:surface" v="paving_stones"/>
    <tag k="smoothness" v="bad"/>
    <tag k="surface" v="sett"/>
  </way>
  <way id="80737020">
    <nd ref="4956635667"/>
    <nd ref="13103603176"/>
    <nd ref="3050661417"/>
    <nd ref="3050661416"/>
    <nd ref="3122562232"/>
    <nd ref="3122562233"/>
    <nd ref="3050661415"/>
    <nd ref="28092165"/>
    <tag k="access:lanes:forward" v="|no"/>
    <tag k="bicycle:lanes:forward" v="|yes"/>
    <tag k="class:bicycle" v="-2"/>
    <tag k="cycleway:both" v="no"/>
    <tag k="highway" v="residential"/>
    <tag k="lanes" v="3"/>
    <tag k="lanes:forward" v="2"/>
    <tag k="lit" v="yes"/>
    <tag k="maxspeed" v="50"/>
    <tag k="name" v="Herzogstraße"/>
    <tag k="name:etymology:wikidata" v="Q62280"/>
    <tag k="placement:forward" v="left_of:1"/>
    <tag k="psv:lanes:forward" v="|designated"/>
    <tag k="sidewalk:both" v="separate"/>
    <tag k="surface" v="asphalt"/>
  </way>
  <way id="80737021">
    <nd ref="4956635667"/>
    <nd ref="3689041240"/>
    <nd ref="2509512204"/>
    <nd ref="2509329314"/>
    <nd ref="13723866365"/>
    <nd ref="2509329312"/>
    <nd ref="13741227258"/>
    <nd ref="27479835"/>
    <tag k="class:bicycle" v="-1"/>
    <tag k="cycleway:both" v="no"/>
    <tag k="highway" v="residential"/>
    <tag k="lit" v="yes"/>
    <tag k="maxspeed" v="30"/>
    <tag k="name" v="Wilhelmstraße"/>
    <tag k="oneway" v="yes"/>
    <tag k="oneway:bicycle" v="no"/>
    <tag k="parking:both" v="lane"/>
    <tag k="parking:both:orientation" v="parallel"/>
    <tag k="parking:lane:both" v="parallel"/>
    <tag k="sidewalk" v="both"/>
    <tag k="surface" v="asphalt"/>
  </way>
  <way id="80737022">
    <nd ref="28092164"/>
    <nd ref="13709655094"/>
    <nd ref="370998985"/>
    <nd ref="3115486631"/>
    <nd ref="2396591569"/>
    <nd ref="2398525099"/>
    <nd ref="3050661420"/>
    <nd ref="3953746968"/>
    <nd ref="4956635667"/>
    <tag k="class:bicycle" v="-2"/>
    <tag k="cycleway:both" v="no"/>
    <tag k="foot" v="use_sidepath"/>
    <tag k="highway" v="residential"/>
    <tag k="lanes" v="2"/>
    <tag k="lit" v="yes"/>
    <tag k="maxspeed" v="50"/>
    <tag k="name" v="Herzogstraße"/>
    <tag k="name:etymology:wikidata" v="Q62280"/>
    <tag k="parking:condition:both" v="ticket"/>
    <tag k="parking:condition:left:residents" v="Clemenstraße"/>
    <tag k="parking:left" v="yes"/>
    <tag k="parking:left:orientation" v="perpendicular"/>
    <tag k="parking:right" v="yes"/>
    <tag k="parking:right:orientation" v="parallel"/>
    <tag k="sidewalk:left" v="separate"/>
    <tag k="sidewalk:right" v="yes"/>
    <tag k="surface" v="asphalt"/>
  </way>
  <way id="80819304">
    <nd ref="800203818"/>
    <nd ref="2329213041"/>
    <tag k="bicycle" v="yes"/>
    <tag k="cycleway:both" v="no"/>
    <tag k="highway" v="residential"/>
    <tag k="lit" v="yes"/>
    <tag k="maxspeed" v="30"/>
    <tag k="name" v="Kaiserstraße"/>
    <tag k="parking:condition:both" v="ticket"/>
    <tag k="parking:condition:both:residents" v="Schwabing Mitte"/>
    <tag k="postal_code" v="80801"/>
    <tag k="sidewalk" v="right"/>
    <tag k="sidewalk:right:surface" v="paving_stones"/>
    <tag k="smoothness" v="good"/>
    <tag k="source:maxspeed" v="DE:zone30"/>
    <tag k="surface" v="asphalt"/>
  </way>
  <way id="80819305">
    <nd ref="27479835"/>
    <nd ref="1106546579"/>
    <nd ref="2485185553"/>
    <nd ref="2509329348"/>
    <nd ref="2485185561"/>
    <nd ref="13677216046"/>
    <nd ref="13677216044"/>
    <nd ref="27479836"/>
    <tag k="bicycle" v="yes"/>
    <tag k="class:bicycle" v="1"/>
    <tag k="cycleway:both" v="no"/>
    <tag k="highway" v="residential"/>
    <tag k="lit" v="yes"/>
    <tag k="maxspeed" v="30"/>
    <tag k="name" v="Kaiserstraße"/>
    <tag k="parking:condition:both" v="ticket"/>
    <tag k="parking:condition:both:residents" v="Schwabing Mitte"/>
    <tag k="postal_code" v="80801"/>
    <tag k="sidewalk" v="both"/>
    <tag k="smoothness" v="good"/>
    <tag k="surface" v="asphalt"/>
  </way>
  <way id="80819309">
    <nd ref="2329213041"/>
    <nd ref="800203786"/>
    <tag k="bicycle" v="yes"/>
    <tag k="class:bicycle" v="1"/>
    <tag k="cycleway:both" v="no"/>
    <tag k="highway" v="residential"/>
    <tag k="lit" v="yes"/>
    <tag k="maxspeed" v="30"/>
    <tag k="name" v="Kaiserstraße"/>
    <tag k="oneway" v="no"/>
    <tag k="postal_code" v="80801"/>
    <tag k="sidewalk" v="right"/>
    <tag k="sidewalk:right:surface" v="paving_stones"/>
    <tag k="smoothness" v="good"/>
    <tag k="source:maxspeed" v="DE:zone30"/>
    <tag k="surface" v="asphalt"/>
  </way>
  <way id="80819310">
    <nd ref="27479770"/>
    <nd ref="2483776374"/>
    <nd ref="13773648693"/>
    <nd ref="2481363135"/>
    <tag k="class:bicycle" v="-1"/>
    <tag k="cycleway:both" v="no"/>
    <tag k="highway" v="residential"/>
    <tag k="lit" v="yes"/>
    <tag k="maxspeed" v="30"/>
    <tag k="name" v="Friedrichstraße"/>
    <tag k="sidewalk" v="both"/>
    <tag k="sidewalk:both:surface" v="paving_stones"/>
    <tag k="smoothness" v="good"/>
    <tag k="surface" v="asphalt"/>
  </way>
  <way id="80819311">
    <nd ref="27479836"/>
    <nd ref="13037895978"/>
    <tag k="bicycle" v="yes"/>
    <tag k="class:bicycle" v="1"/>
    <tag k="cycleway:both" v="no"/>
    <tag k="highway" v="residential"/>
    <tag k="lit" v="yes"/>
    <tag k="maxspeed" v="30"/>
    <tag k="name" v="Kaiserstraße"/>
    <tag k="parking:both" v="yes"/>
    <tag k="parking:both:orientation" v="parallel"/>
    <tag k="parking:condition:both" v="ticket"/>
    <tag k="parking:condition:both:residents" v="Schwabing Mitte"/>
    <tag k="postal_code" v="80801"/>
    <tag k="sidewalk" v="both"/>
    <tag k="sidewalk:both:surface" v="paving_stones"/>
    <tag k="smoothness" v="good"/>
    <tag k="source:maxspeed" v="DE:zone30"/>
    <tag k="surface" v="asphalt"/>
  </way>
  <way id="80819312">
    <nd ref="12351884627"/>
    <nd ref="2484942149"/>
    <nd ref="12351884628"/>
    <tag k="class:bicycle" v="-1"/>
    <tag k="cycleway:both" v="no"/>
    <tag k="highway" v="residential"/>
    <tag k="lit" v="yes"/>
    <tag k="maxspeed" v="30"/>
    <tag k="name" v="Friedrichstraße"/>
    <tag k="parking:condition:both" v="ticket"/>
    <tag k="parking:condition:both:residents" v="Schwabing Mitte"/>
    <tag k="parking:left" v="yes"/>
    <tag k="parking:left:orientation" v="parallel"/>
    <tag k="parking:right" v="yes"/>
    <tag k="parking:right:orientation" v="perpendicular"/>
    <tag k="sidewalk" v="both"/>
    <tag k="sidewalk:left:surface" v="paving_stones"/>
    <tag k="sidewalk:right:surface" v="sett"/>
    <tag k="smoothness" v="good"/>
    <tag k="surface" v="asphalt"/>
  </way>
  <way id="83028196">
    <nd ref="27742558"/>
    <nd ref="13850375987"/>
    <nd ref="13850375981"/>
    <nd ref="2485185147"/>
    <nd ref="2677444958"/>
    <nd ref="2483709378"/>
    <nd ref="2484948262"/>
    <nd ref="27742333"/>
    <nd ref="2484948255"/>
    <nd ref="2495053313"/>
    <nd ref="667321236"/>
    <nd ref="1703216597"/>
    <nd ref="28092163"/>
    <tag k="bicycle" v="yes"/>
    <tag k="class:bicycle" v="1"/>
    <tag k="cycleway:both" v="no"/>
    <tag k="highway" v="residential"/>
    <tag k="lanes" v="2"/>
    <tag k="lit" v="yes"/>
    <tag k="maxspeed" v="30"/>
    <tag k="name" v="Kaiserstraße"/>
    <tag k="sidewalk" v="both"/>
    <tag k="smoothness" v="good"/>
    <tag k="source:maxspeed" v="DE:zone30"/>
    <tag k="surface" v="asphalt"/>
  </way>
  <way id="83028197">
    <nd ref="28092168"/>
    <nd ref="12815504324"/>
    <nd ref="12815504325"/>
    <nd ref="12124683386"/>
    <nd ref="12123063548"/>
    <nd ref="4956945180"/>
    <nd ref="13741250729"/>
    <nd ref="21558310"/>
    <nd ref="38151028"/>
    <tag k="bicycle" v="designated"/>
    <tag k="bicycle_road" v="yes"/>
    <tag k="class:bicycle" v="1"/>
    <tag k="highway" v="residential"/>
    <tag k="lane_markings" v="no"/>
    <tag k="lit" v="yes"/>
    <tag k="maxspeed" v="30"/>
    <tag k="motor_vehicle" v="yes"/>
    <tag k="name" v="Clemensstraße"/>
    <tag k="name:etymology:wikidata" v="Q215086"/>
    <tag k="note" v="Fahrradstraße"/>
    <tag k="oneway" v="no"/>
    <tag k="parking:left" v="yes"/>
    <tag k="parking:left:orientation" v="parallel"/>
    <tag k="parking:right" v="yes"/>
    <tag k="parking:right:orientation" v="diagonal"/>
    <tag k="sidewalk" v="both"/>
    <tag k="smoothness" v="good"/>
    <tag k="source:maxspeed" v="DE:bicycle_road"/>
    <tag k="surface" v="asphalt"/>
    <tag k="traffic_sign" v="DE:244.1"/>
  </way>
  <way id="86414052">
    <nd ref="27479817"/>
    <nd ref="1078808647"/>
    <nd ref="2203963799"/>
    <nd ref="371644455"/>
    <nd ref="27154122"/>
    <tag k="highway" v="residential"/>
    <tag k="maxspeed" v="30"/>
    <tag k="name" v="Ainmillerstraße"/>
    <tag k="parking:both" v="yes"/>
    <tag k="parking:both:orientation" v="parallel"/>
    <tag k="sidewalk" v="both"/>
    <tag k="smoothness" v="good"/>
    <tag k="surface" v="asphalt"/>
  </way>
  <way id="86414056">
    <nd ref="27479818"/>
    <nd ref="27479817"/>
    <tag k="class:bicycle" v="-1"/>
    <tag k="cycleway:both" v="no"/>
    <tag k="highway" v="residential"/>
    <tag k="lit" v="yes"/>
    <tag k="maxspeed" v="30"/>
    <tag k="name" v="Wilhelmstraße"/>
    <tag k="oneway" v="yes"/>
    <tag k="oneway:bicycle" v="no"/>
    <tag k="sidewalk" v="both"/>
    <tag k="sidewalk:both:surface" v="paving_stones"/>
    <tag k="surface" v="asphalt"/>
  </way>
  <way id="86414063">
    <nd ref="27479817"/>
    <nd ref="922831073"/>
    <nd ref="27487420"/>
    <tag k="class:bicycle" v="-1"/>
    <tag k="cycleway:both" v="no"/>
    <tag k="highway" v="residential"/>
    <tag k="maxspeed" v="30"/>
    <tag k="name" v="Wilhelmstraße"/>
    <tag k="oneway" v="yes"/>
    <tag k="oneway:bicycle" v="no"/>
    <tag k="sidewalk" v="both"/>
    <tag k="surface" v="asphalt"/>
  </way>
  <way id="86414065">
    <nd ref="27479818"/>
    <nd ref="13773648700"/>
    <nd ref="6397269594"/>
    <nd ref="2485185398"/>
    <nd ref="370999587"/>
    <nd ref="3953447076"/>
    <nd ref="27479770"/>
    <tag k="class:bicycle" v="-1"/>
    <tag k="cycleway:both" v="no"/>
    <tag k="highway" v="tertiary"/>
    <tag k="lane_markings" v="no"/>
    <tag k="lit" v="yes"/>
    <tag k="maxspeed" v="30"/>
    <tag k="name" v="Hohenzollernstraße"/>
    <tag k="name:etymology:wikidata" v="Q83969"/>
    <tag k="oneway" v="yes"/>
    <tag k="oneway:bicycle" v="no"/>
    <tag k="sidewalk" v="both"/>
    <tag k="sidewalk:both:surface" v="paving_stones"/>
    <tag k="smoothness" v="intermediate"/>
    <tag k="surface" v="asphalt"/>
  </way>
  <way id="88894451">
    <nd ref="27154458"/>
    <nd ref="261063011"/>
    <nd ref="2242609956"/>
    <nd ref="371644475"/>
    <tag k="class:bicycle" v="-1"/>
    <tag k="cycleway:both" v="no"/>
    <tag k="highway" v="residential"/>
    <tag k="lit" v="yes"/>
    <tag k="maxspeed" v="30"/>
    <tag k="name" v="Nikolaistraße"/>
    <tag k="surface" v="asphalt"/>
  </way>
  <way id="93072396">
    <nd ref="1078797615"/>
    <nd ref="1474437275"/>
    <nd ref="11970810713"/>
    <nd ref="1249710063"/>
    <nd ref="440222919"/>
    <nd ref="13288414308"/>
    <nd ref="27735971"/>
    <nd ref="13288414320"/>
    <nd ref="2827731321"/>
    <nd ref="7430311134"/>
    <nd ref="13288414324"/>
    <nd ref="3580090173"/>
    <tag k="class:bicycle" v="-2"/>
    <tag k="cycleway:both" v="no"/>
    <tag k="highway" v="secondary"/>
    <tag k="lanes" v="2"/>
    <tag k="lit" v="yes"/>
    <tag k="maxspeed" v="50"/>
    <tag k="name" v="Nordendstraße"/>
    <tag k="parking:both" v="yes"/>
    <tag k="parking:both:orientation" v="parallel"/>
    <tag k="sidewalk" v="both"/>
    <tag k="sidewalk:both:surface" v="paving_stones"/>
    <tag k="smoothness" v="good"/>
    <tag k="surface" v="asphalt"/>
  </way>
  <way id="93072405">
    <nd ref="11258809501"/>
    <nd ref="11258809510"/>
    <nd ref="11258809509"/>
    <nd ref="1078797560"/>
    <nd ref="11258809499"/>
    <nd ref="11258801998"/>
    <nd ref="1703216455"/>
    <nd ref="1078797596"/>
    <nd ref="11258801997"/>
    <nd ref="11258801999"/>
    <nd ref="11258802000"/>
    <nd ref="11258802001"/>
    <nd ref="11258802002"/>
    <nd ref="11258802003"/>
    <nd ref="1078797514"/>
    <tag k="cycleway:both" v="no"/>
    <tag k="highway" v="residential"/>
    <tag k="lanes" v="1"/>
    <tag k="lit" v="yes"/>
    <tag k="maxspeed" v="50"/>
    <tag k="name" v="Kurfürstenplatz"/>
    <tag k="name:etymology:wikidata" v="Q57628"/>
    <tag k="oneway" v="yes"/>
    <tag k="smoothness" v="excellent"/>
    <tag k="source:maxspeed" v="DE:urban"/>
    <tag k="surface" v="asphalt"/>
  </way>
  <way id="93607081">
    <nd ref="8461370942"/>
    <nd ref="2709447006"/>
    <tag k="access:lanes" v="psv|yes|yes|yes"/>
    <tag k="bicycle" v="use_sidepath"/>
    <tag k="foot" v="use_sidepath"/>
    <tag k="highway" v="secondary"/>
    <tag k="lanes" v="4"/>
    <tag k="lit" v="yes"/>
    <tag k="maxspeed" v="30"/>
    <tag k="name" v="Leopoldstraße"/>
    <tag k="name:etymology:wikidata" v="Q61015"/>
    <tag k="oneway" v="yes"/>
    <tag k="sidewalk:left" v="no"/>
    <tag k="sidewalk:right" v="separate"/>
    <tag k="smoothness" v="excellent"/>
    <tag k="surface" v="asphalt"/>
    <tag k="tmc" v="DE:27948/46572"/>
    <tag k="turn:lanes" v="none|through|through|right"/>
    <tag k="wikidata" v="Q877933"/>
    <tag k="wikipedia" v="de:Leopoldstraße"/>
  </way>
  <way id="100321826">
    <nd ref="1159881603"/>
    <nd ref="1679832075"/>
    <nd ref="11258802015"/>
    <nd ref="18575308"/>
    <nd ref="11258802012"/>
    <nd ref="11258802011"/>
    <nd ref="11258802010"/>
    <nd ref="1703216469"/>
    <nd ref="1078797527"/>
    <tag k="check_date:cycleway" v="2025-04-26"/>
    <tag k="class:bicycle" v="-2"/>
    <tag k="cycleway:both" v="no"/>
    <tag k="highway" v="secondary"/>
    <tag k="lanes" v="1"/>
    <tag k="lit" v="yes"/>
    <tag k="maxspeed" v="50"/>
    <tag k="name" v="Kurfürstenstraße"/>
    <tag k="name:etymology:wikidata" v="Q57628"/>
    <tag k="oneway" v="yes"/>
    <tag k="source:maxspeed" v="DE:urban"/>
    <tag k="surface" v="asphalt"/>
  </way>
  <way id="123173286">
    <nd ref="27479859"/>
    <nd ref="1374436770"/>
    <nd ref="13807990610"/>
    <nd ref="2280563865"/>
    <nd ref="1562831828"/>
    <nd ref="13807990609"/>
    <tag k="bicycle" v="yes"/>
    <tag k="class:bicycle" v="1"/>
    <tag k="cycleway:both" v="separate"/>
    <tag k="foot" v="use_sidepath"/>
    <tag k="highway" v="residential"/>
    <tag k="lit" v="yes"/>
    <tag k="maxspeed" v="30"/>
    <tag k="name" v="Herzogstraße"/>
    <tag k="name:etymology:wikidata" v="Q62280"/>
    <tag k="sidewalk:both" v="separate"/>
    <tag k="smoothness" v="good"/>
    <tag k="surface" v="asphalt"/>
    <tag k="width" v="5.5"/>
  </way>
  <way id="127977584">
    <nd ref="21495320"/>
    <nd ref="1305559163"/>
    <nd ref="1955585"/>
    <tag k="bicycle" v="use_sidepath"/>
    <tag k="foot" v="use_sidepath"/>
    <tag k="highway" v="secondary"/>
    <tag k="lanes" v="4"/>
    <tag k="lit" v="yes"/>
    <tag k="maxspeed" v="30"/>
    <tag k="name" v="Leopoldstraße"/>
    <tag k="name:etymology:wikidata" v="Q61015"/>
    <tag k="oneway" v="yes"/>
    <tag k="sidewalk:left" v="no"/>
    <tag k="sidewalk:right" v="separate"/>
    <tag k="smoothness" v="good"/>
    <tag k="surface" v="asphalt"/>
    <tag k="tmc" v="DE:46572/35344"/>
    <tag k="turn:lanes" v="left|through|through|through"/>
    <tag k="wikidata" v="Q877933"/>
    <tag k="wikipedia" v="de:Leopoldstraße"/>
  </way>
  <way id="127977585">
    <nd ref="1955585"/>
    <nd ref="6578727"/>
    <tag k="access:lanes" v="psv|yes|yes|yes"/>
    <tag k="bicycle" v="use_sidepath"/>
    <tag k="foot" v="use_sidepath"/>
    <tag k="highway" v="secondary"/>
    <tag k="lanes" v="4"/>
    <tag k="lit" v="yes"/>
    <tag k="maxspeed" v="30"/>
    <tag k="name" v="Leopoldstraße"/>
    <tag k="name:etymology:wikidata" v="Q61015"/>
    <tag k="oneway" v="yes"/>
    <tag k="sidewalk:left" v="no"/>
    <tag k="sidewalk:right" v="separate"/>
    <tag k="surface" v="asphalt"/>
    <tag k="tmc" v="DE:27948/46572"/>
    <tag k="turn:lanes" v="through|through|through|right"/>
    <tag k="wikidata" v="Q877933"/>
    <tag k="wikipedia" v="de:Leopoldstraße"/>
  </way>
  <way id="129552585">
    <nd ref="28092163"/>
    <nd ref="28092161"/>
    <tag k="bicycle" v="yes"/>
    <tag k="check_date:cycleway" v="2022-01-31"/>
    <tag k="class:bicycle" v="-2"/>
    <tag k="cycleway:both" v="no"/>
    <tag k="foot" v="use_sidepath"/>
    <tag k="highway" v="secondary"/>
    <tag k="lanes" v="2"/>
    <tag k="lit" v="yes"/>
    <tag k="maxspeed" v="50"/>
    <tag k="name" v="Belgradstraße"/>
    <tag k="sidewalk:both" v="separate"/>
    <tag k="smoothness" v="good"/>
    <tag k="surface" v="asphalt"/>
    <tag k="tmc" v="DE:30269/30270"/>
  </way>
  <way id="133729494">
    <nd ref="21495319"/>
    <nd ref="622117757"/>
    <nd ref="31861958"/>
    <tag k="bicycle" v="use_sidepath"/>
    <tag k="foot" v="use_sidepath"/>
    <tag k="highway" v="secondary"/>
    <tag k="lanes" v="2"/>
    <tag k="lit" v="yes"/>
    <tag k="maxspeed" v="30"/>
    <tag k="name" v="Leopoldstraße"/>
    <tag k="name:etymology:wikidata" v="Q61015"/>
    <tag k="oneway" v="yes"/>
    <tag k="parking:left" v="no"/>
    <tag k="parking:right" v="street_side"/>
    <tag k="parking:right:orientation" v="parallel"/>
    <tag k="sidewalk:left" v="no"/>
    <tag k="sidewalk:right" v="separate"/>
    <tag k="smoothness" v="good"/>
    <tag k="surface" v="asphalt"/>
    <tag k="tmc" v="DE:46572/35344"/>
    <tag k="wikidata" v="Q877933"/>
    <tag k="wikipedia" v="de:Leopoldstraße"/>
  </way>
  <way id="146203608">
    <nd ref="27154468"/>
    <nd ref="371644443"/>
    <tag k="class:bicycle" v="-1"/>
    <tag k="cycleway:right" v="no"/>
    <tag k="highway" v="tertiary"/>
    <tag k="lane_markings" v="no"/>
    <tag k="lit" v="yes"/>
    <tag k="maxspeed" v="50"/>
    <tag k="name" v="Hohenzollernstraße"/>
    <tag k="name:etymology:wikidata" v="Q83969"/>
    <tag k="oneway" v="yes"/>
    <tag k="oneway:bicycle" v="no"/>
    <tag k="sidewalk:left" v="no"/>
    <tag k="sidewalk:right" v="separate"/>
    <tag k="surface" v="asphalt"/>
  </way>
  <way id="146203609">
    <nd ref="1452374268"/>
    <nd ref="3953447073"/>
    <tag k="bicycle" v="use_sidepath"/>
    <tag k="foot" v="use_sidepath"/>
    <tag k="highway" v="secondary"/>
    <tag k="lanes" v="3"/>
    <tag k="lit" v="yes"/>
    <tag k="maxspeed" v="30"/>
    <tag k="name" v="Leopoldstraße"/>
    <tag k="name:etymology:wikidata" v="Q61015"/>
    <tag k="oneway" v="yes"/>
    <tag k="sidewalk:left" v="no"/>
    <tag k="sidewalk:right" v="separate"/>
    <tag k="surface" v="asphalt"/>
    <tag k="tmc" v="DE:46571/27948"/>
    <tag k="turn:lanes" v="through|through|right"/>
    <tag k="wikidata" v="Q877933"/>
    <tag k="wikipedia" v="de:Leopoldstraße"/>
  </way>
  <way id="151542344">
    <nd ref="3953447071"/>
    <nd ref="27154466"/>
    <nd ref="1643559082"/>
    <nd ref="1955586"/>
    <tag k="bicycle" v="use_sidepath"/>
    <tag k="foot" v="use_sidepath"/>
    <tag k="highway" v="secondary"/>
    <tag k="lanes" v="2"/>
    <tag k="lit" v="yes"/>
    <tag k="maxspeed" v="30"/>
    <tag k="name" v="Leopoldstraße"/>
    <tag k="name:etymology:wikidata" v="Q61015"/>
    <tag k="oneway" v="yes"/>
    <tag k="psv" v="yes"/>
    <tag k="sidewalk:left" v="no"/>
    <tag k="sidewalk:right" v="separate"/>
    <tag k="surface" v="asphalt"/>
    <tag k="tmc" v="DE:46571/27948"/>
    <tag k="wikidata" v="Q877933"/>
    <tag k="wikipedia" v="de:Leopoldstraße"/>
  </way>
  <way id="151542345">
    <nd ref="4956635662"/>
    <nd ref="1078797524"/>
    <nd ref="1643559089"/>
    <nd ref="1643559086"/>
    <nd ref="2509348142"/>
    <nd ref="1643559084"/>
    <nd ref="1452374288"/>
    <nd ref="1643559079"/>
    <nd ref="1452950503"/>
    <tag k="bicycle" v="use_sidepath"/>
    <tag k="foot" v="use_sidepath"/>
    <tag k="highway" v="secondary"/>
    <tag k="lanes" v="2"/>
    <tag k="lit" v="yes"/>
    <tag k="maxspeed" v="30"/>
    <tag k="name" v="Leopoldstraße"/>
    <tag k="name:etymology:wikidata" v="Q61015"/>
    <tag k="oneway" v="yes"/>
    <tag k="sidewalk:left" v="no"/>
    <tag k="sidewalk:right" v="separate"/>
    <tag k="surface" v="asphalt"/>
    <tag k="tmc" v="DE:46571/27948"/>
    <tag k="wikidata" v="Q877933"/>
    <tag k="wikipedia" v="de:Leopoldstraße"/>
  </way>
  <way id="151624977">
    <nd ref="4956635662"/>
    <nd ref="21092020"/>
    <tag k="class:bicycle" v="-1"/>
    <tag k="cycleway:left" v="no"/>
    <tag k="cycleway:right" v="separate"/>
    <tag k="highway" v="residential"/>
    <tag k="lanes" v="2"/>
    <tag k="maxspeed" v="50"/>
    <tag k="name" v="Herzogstraße"/>
    <tag k="name:etymology:wikidata" v="Q62280"/>
    <tag k="sidewalk" v="separate"/>
    <tag k="smoothness" v="good"/>
    <tag k="surface" v="asphalt"/>
  </way>
  <way id="151624978">
    <nd ref="21092020"/>
    <nd ref="3779376101"/>
    <nd ref="3779376106"/>
    <nd ref="815844800"/>
    <tag k="bicycle" v="use_sidepath"/>
    <tag k="foot" v="use_sidepath"/>
    <tag k="highway" v="secondary"/>
    <tag k="lanes" v="2"/>
    <tag k="lit" v="yes"/>
    <tag k="maxspeed" v="30"/>
    <tag k="name" v="Leopoldstraße"/>
    <tag k="name:etymology:wikidata" v="Q61015"/>
    <tag k="oneway" v="yes"/>
    <tag k="parking:both" v="no"/>
    <tag k="sidewalk:left" v="no"/>
    <tag k="sidewalk:right" v="separate"/>
    <tag k="surface" v="asphalt"/>
    <tag k="tmc" v="DE:27948/46572"/>
    <tag k="turn:lanes" v="through|through"/>
    <tag k="wikidata" v="Q877933"/>
    <tag k="wikipedia" v="de:Leopoldstraße"/>
  </way>
  <way id="151624980">
    <nd ref="1955585"/>
    <nd ref="595311112"/>
    <nd ref="595311114"/>
    <nd ref="21092022"/>
    <tag k="bicycle" v="use_sidepath"/>
    <tag k="dual_carriageway" v="yes"/>
    <tag k="foot" v="use_sidepath"/>
    <tag k="highway" v="secondary"/>
    <tag k="lanes" v="1"/>
    <tag k="lit" v="yes"/>
    <tag k="maxspeed" v="50"/>
    <tag k="name" v="Ungererstraße"/>
    <tag k="name:etymology:wikidata" v="Q54556659"/>
    <tag k="oneway" v="yes"/>
    <tag k="sidewalk" v="no"/>
    <tag k="source:maxspeed" v="DE:urban"/>
    <tag k="surface" v="asphalt"/>
    <tag k="width" v="3"/>
    <tag k="wikidata" v="Q21640196"/>
  </way>
  <way id="151754280">
    <nd ref="1078797514"/>
    <nd ref="1078797582"/>
    <tag k="class:bicycle" v="-2"/>
    <tag k="cycleway:left" v="no"/>
    <tag k="cycleway:right" v="separate"/>
    <tag k="highway" v="residential"/>
    <tag k="lanes" v="2"/>
    <tag k="lit" v="yes"/>
    <tag k="maxspeed" v="50"/>
    <tag k="name" v="Kurfürstenplatz"/>
    <tag k="name:etymology:wikidata" v="Q57628"/>
    <tag k="oneway" v="yes"/>
    <tag k="smoothness" v="excellent"/>
    <tag k="source:maxspeed" v="DE:urban"/>
    <tag k="surface" v="asphalt"/>
  </way>
  <way id="151866851">
    <nd ref="1078797582"/>
    <nd ref="2280537506"/>
    <nd ref="1645965282"/>
    <nd ref="11258809478"/>
    <nd ref="11258809479"/>
    <nd ref="1703216497"/>
    <nd ref="11258809481"/>
    <nd ref="11258809482"/>
    <nd ref="11258809536"/>
    <nd ref="1955522"/>
    <tag k="class:bicycle" v="-2"/>
    <tag k="cycleway:left" v="no"/>
    <tag k="cycleway:right" v="separate"/>
    <tag k="highway" v="secondary"/>
    <tag k="lanes" v="2"/>
    <tag k="lit" v="yes"/>
    <tag k="maxspeed" v="50"/>
    <tag k="name" v="Kurfürstenplatz"/>
    <tag k="name:etymology:wikidata" v="Q57628"/>
    <tag k="oneway" v="yes"/>
    <tag k="smoothness" v="intermediate"/>
    <tag k="source:maxspeed" v="DE:urban"/>
    <tag k="surface" v="asphalt"/>
  </way>
  <way id="152468883">
    <nd ref="2481363135"/>
    <nd ref="2584356321"/>
    <nd ref="9020447580"/>
    <nd ref="2584356324"/>
    <nd ref="2502762475"/>
    <nd ref="2502762477"/>
    <nd ref="1954323"/>
    <tag k="cycleway:both" v="no"/>
    <tag k="highway" v="residential"/>
    <tag k="lit" v="yes"/>
    <tag k="maxspeed" v="30"/>
    <tag k="name" v="Ainmillerstraße"/>
    <tag k="name:etymology:wikidata" v="Q571009"/>
    <tag k="oneway" v="yes"/>
    <tag k="oneway:bicycle" v="no"/>
    <tag k="parking:both" v="yes"/>
    <tag k="parking:both:orientation" v="parallel"/>
    <tag k="sidewalk" v="both"/>
    <tag k="smoothness" v="good"/>
    <tag k="surface" v="asphalt"/>
  </way>
  <way id="152468886">
    <nd ref="2481363133"/>
    <nd ref="1652860057"/>
    <nd ref="259833717"/>
    <tag k="cycleway:both" v="no"/>
    <tag k="highway" v="residential"/>
    <tag k="lit" v="yes"/>
    <tag k="maxspeed" v="30"/>
    <tag k="name" v="Habsburgerplatz"/>
    <tag k="oneway" v="yes"/>
    <tag k="sidewalk" v="both"/>
    <tag k="smoothness" v="bad"/>
    <tag k="source:width" v="ARCore"/>
    <tag k="surface" v="sett"/>
    <tag k="width" v="6"/>
  </way>
  <way id="154575767">
    <nd ref="1954323"/>
    <nd ref="2502762478"/>
    <nd ref="675088780"/>
    <nd ref="1955520"/>
    <tag k="highway" v="residential"/>
    <tag k="lit" v="yes"/>
    <tag k="maxspeed" v="30"/>
    <tag k="name" v="Ainmillerstraße"/>
    <tag k="name:etymology:wikidata" v="Q571009"/>
    <tag k="parking:left" v="yes"/>
    <tag k="parking:left:orientation" v="parallel"/>
    <tag k="parking:right" v="yes"/>
    <tag k="parking:right:orientation" v="diagonal"/>
    <tag k="sidewalk" v="both"/>
    <tag k="smoothness" v="good"/>
    <tag k="surface" v="asphalt"/>
    <tag k="width" v="5"/>
  </way>
  <way id="155546685">
    <nd ref="260827627"/>
    <nd ref="1679383773"/>
    <nd ref="1679383774"/>
    <nd ref="13716027632"/>
    <nd ref="45334608"/>
    <tag k="class:bicycle" v="-1"/>
    <tag k="cycleway:both" v="no"/>
    <tag k="highway" v="residential"/>
    <tag k="lit" v="yes"/>
    <tag k="maxspeed" v="30"/>
    <tag k="name" v="Haimhauserstraße"/>
    <tag k="parking:left" v="yes"/>
    <tag k="parking:left:orientation" v="diagonal"/>
    <tag k="parking:right" v="yes"/>
    <tag k="parking:right:orientation" v="parallel"/>
    <tag k="sidewalk" v="both"/>
    <tag k="sidewalk:both:surface" v="paving_stones"/>
    <tag k="surface" v="asphalt"/>
  </way>
  <way id="155546691">
    <nd ref="45341878"/>
    <nd ref="1679383777"/>
    <nd ref="260827624"/>
    <tag k="cycleway:both" v="no"/>
    <tag k="highway" v="residential"/>
    <tag k="lit" v="yes"/>
    <tag k="maxspeed" v="30"/>
    <tag k="name" v="Hesseloherstraße"/>
    <tag k="parking:both" v="yes"/>
    <tag k="parking:both:orientation" v="parallel"/>
    <tag k="parking:fee" v="yes"/>
    <tag k="sidewalk" v="both"/>
    <tag k="surface" v="asphalt"/>
  </way>
  <way id="155546692">
    <nd ref="45310085"/>
    <nd ref="13716068883"/>
    <nd ref="1679383778"/>
    <nd ref="13716068893"/>
    <nd ref="45341878"/>
    <tag k="bicycle" v="yes"/>
    <tag k="class:bicycle" v="-1"/>
    <tag k="cycleway:both" v="no"/>
    <tag k="highway" v="residential"/>
    <tag k="lit" v="yes"/>
    <tag k="maxspeed" v="30"/>
    <tag k="name" v="Marktstraße"/>
    <tag k="oneway" v="yes"/>
    <tag k="oneway:bicycle" v="no"/>
    <tag k="sidewalk" v="both"/>
    <tag k="smoothness" v="good"/>
    <tag k="surface" v="asphalt"/>
  </way>
  <way id="155548874">
    <nd ref="21092020"/>
    <nd ref="372802159"/>
    <tag k="class:bicycle" v="-1"/>
    <tag k="cycleway:left" v="no"/>
    <tag k="cycleway:right" v="separate"/>
    <tag k="highway" v="residential"/>
    <tag k="lanes" v="2"/>
    <tag k="lit" v="yes"/>
    <tag k="maxspeed:type" v="DE:urban"/>
    <tag k="name" v="Feilitzschstraße"/>
    <tag k="name:etymology" v="Maximilian von Feilitzsch"/>
    <tag k="name:etymology:wikidata" v="Q1914135"/>
    <tag k="sidewalk" v="separate"/>
    <tag k="smoothness" v="good"/>
    <tag k="surface" v="asphalt"/>
    <tag k="wikipedia" v="de:Feilitzschstraße"/>
  </way>
  <way id="155603782">
    <nd ref="21543939"/>
    <nd ref="11258809492"/>
    <nd ref="1680006248"/>
    <nd ref="11258809528"/>
    <nd ref="11258809498"/>
    <nd ref="11258809496"/>
    <nd ref="11258809493"/>
    <nd ref="1680006305"/>
    <nd ref="11258809495"/>
    <nd ref="11258809491"/>
    <nd ref="11258809490"/>
    <nd ref="11258809489"/>
    <nd ref="11258809494"/>
    <nd ref="1680006296"/>
    <tag k="cycleway:right" v="no"/>
    <tag k="foot" v="use_sidepath"/>
    <tag k="highway" v="tertiary"/>
    <tag k="lanes" v="1"/>
    <tag k="lit" v="yes"/>
    <tag k="maxspeed" v="50"/>
    <tag k="name" v="Hohenzollernstraße"/>
    <tag k="name:etymology:wikidata" v="Q83969"/>
    <tag k="oneway" v="yes"/>
    <tag k="sidewalk:left" v="no"/>
    <tag k="sidewalk:right" v="separate"/>
    <tag k="surface" v="asphalt"/>
  </way>
  <way id="155603792">
    <nd ref="1680006280"/>
    <nd ref="11258802021"/>
    <nd ref="1680006274"/>
    <nd ref="11258802022"/>
    <nd ref="11258802023"/>
    <nd ref="11258802024"/>
    <nd ref="1680006268"/>
    <tag k="cycleway:both" v="no"/>
    <tag k="foot" v="no"/>
    <tag k="highway" v="tertiary"/>
    <tag k="lanes" v="1"/>
    <tag k="lit" v="yes"/>
    <tag k="maxspeed" v="50"/>
    <tag k="name" v="Hohenzollernstraße"/>
    <tag k="name:etymology:wikidata" v="Q83969"/>
    <tag k="oneway" v="yes"/>
    <tag k="sidewalk" v="no"/>
    <tag k="smoothness" v="good"/>
    <tag k="source:maxspeed" v="DE:urban"/>
    <tag k="surface" v="asphalt"/>
  </way>
  <way id="157093962">
    <nd ref="1701728529"/>
    <nd ref="1703216623"/>
    <nd ref="2280545538"/>
    <nd ref="298608001"/>
    <nd ref="38140637"/>
    <nd ref="13741209755"/>
    <nd ref="13741250718"/>
    <nd ref="38140638"/>
    <nd ref="13741250721"/>
    <nd ref="3516862359"/>
    <nd ref="13741250723"/>
    <nd ref="38141007"/>
    <nd ref="13740705316"/>
    <nd ref="3044120612"/>
    <nd ref="1693273956"/>
    <nd ref="13740705317"/>
    <nd ref="38148611"/>
    <nd ref="38141009"/>
    <nd ref="13741225746"/>
    <nd ref="3044120613"/>
    <nd ref="13741138446"/>
    <nd ref="27745853"/>
    <nd ref="3100330936"/>
    <nd ref="3100330933"/>
    <nd ref="1693994290"/>
    <nd ref="3111039939"/>
    <nd ref="3100374932"/>
    <nd ref="3050373047"/>
    <nd ref="13720238945"/>
    <nd ref="13720238927"/>
    <nd ref="4738778742"/>
    <tag k="class:bicycle" v="1"/>
    <tag k="cycleway:both" v="no"/>
    <tag k="highway" v="residential"/>
    <tag k="lit" v="yes"/>
    <tag k="maxspeed" v="30"/>
    <tag k="name" v="Destouchesstraße"/>
    <tag k="name:etymology:wikidata" v="Q111895"/>
    <tag k="oneway" v="yes"/>
    <tag k="oneway:bicycle" v="no"/>
    <tag k="parking:both" v="yes"/>
    <tag k="parking:both:orientation" v="parallel"/>
    <tag k="sidewalk" v="both"/>
    <tag k="sidewalk:both:surface" v="paving_stones"/>
    <tag k="smoothness" v="good"/>
    <tag k="source:maxspeed" v="DE:zone30"/>
    <tag k="surface" v="asphalt"/>
  </way>
  <way id="157093970">
    <nd ref="282041534"/>
    <nd ref="13740576875"/>
    <nd ref="3022426838"/>
    <nd ref="13740486104"/>
    <nd ref="13740486136"/>
    <nd ref="13740486167"/>
    <nd ref="13740576891"/>
    <nd ref="1693273956"/>
    <tag k="highway" v="residential"/>
    <tag k="lit" v="yes"/>
    <tag k="maxspeed" v="30"/>
    <tag k="name" v="Viktoriaplatz"/>
    <tag k="name:etymology:wikidata" v="Q116728"/>
    <tag k="oneway" v="yes"/>
    <tag k="sidewalk" v="both"/>
    <tag k="surface" v="sett"/>
  </way>
  <way id="157093971">
    <nd ref="38144228"/>
    <nd ref="13741138425"/>
    <nd ref="3022426839"/>
    <nd ref="13741225745"/>
    <nd ref="13740705314"/>
    <nd ref="38148611"/>
    <nd ref="13741225747"/>
    <nd ref="13681373328"/>
    <nd ref="13681373326"/>
    <nd ref="13710879604"/>
    <nd ref="13741128838"/>
    <nd ref="28092168"/>
    <tag k="class:bicycle" v="1"/>
    <tag k="highway" v="residential"/>
    <tag k="lit" v="yes"/>
    <tag k="maxspeed" v="30"/>
    <tag k="name" v="Viktoriastraße"/>
    <tag k="name:etymology:wikidata" v="Q116728"/>
    <tag k="parking:both" v="yes"/>
    <tag k="parking:both:orientation" v="parallel"/>
    <tag k="parking:condition:both" v="ticket"/>
    <tag k="parking:condition:both:residents" v="Clemenstraße"/>
    <tag k="sidewalk" v="both"/>
    <tag k="smoothness" v="good"/>
    <tag k="source:maxspeed" v="DE:zone30"/>
    <tag k="source:width" v="ARCore"/>
    <tag k="surface" v="asphalt"/>
    <tag k="width" v="8"/>
  </way>
  <way id="157093972">
    <nd ref="38148621"/>
    <nd ref="3392905431"/>
    <nd ref="1156427693"/>
    <nd ref="13741138444"/>
    <nd ref="38144228"/>
    <tag k="bicycle" v="yes"/>
    <tag k="class:bicycle" v="1"/>
    <tag k="cycleway:both" v="no"/>
    <tag k="highway" v="residential"/>
    <tag k="lit" v="yes"/>
    <tag k="maxspeed" v="30"/>
    <tag k="name" v="Viktoriastraße"/>
    <tag k="oneway" v="yes"/>
    <tag k="oneway:bicycle" v="no"/>
    <tag k="parking:both" v="yes"/>
    <tag k="parking:both:orientation" v="parallel"/>
    <tag k="sidewalk" v="both"/>
    <tag k="smoothness" v="good"/>
    <tag k="source:maxspeed" v="DE:zone30"/>
    <tag k="source:width" v="ARCore"/>
    <tag k="surface" v="asphalt"/>
    <tag k="width" v="6"/>
  </way>
  <way id="157102850">
    <nd ref="28092164"/>
    <nd ref="1404398535"/>
    <nd ref="2403974119"/>
    <nd ref="3046332619"/>
    <nd ref="3254321057"/>
    <nd ref="800527285"/>
    <nd ref="3046332637"/>
    <nd ref="13709893309"/>
    <nd ref="27744793"/>
    <tag k="class:bicycle" v="1"/>
    <tag k="cycleway:both" v="no"/>
    <tag k="highway" v="residential"/>
    <tag k="lanes" v="1"/>
    <tag k="lit" v="yes"/>
    <tag k="maxspeed" v="30"/>
    <tag k="name" v="Bismarckstraße"/>
    <tag k="oneway" v="yes"/>
    <tag k="oneway:bicycle" v="no"/>
    <tag k="parking:both" v="yes"/>
    <tag k="parking:both:orientation" v="parallel"/>
    <tag k="parking:condition:both" v="residents"/>
    <tag k="parking:condition:both:residents" v="Clemenstraße"/>
    <tag k="sidewalk" v="both"/>
    <tag k="surface" v="asphalt"/>
  </way>
  <way id="157102851">
    <nd ref="259667717"/>
    <nd ref="259667718"/>
    <tag k="highway" v="residential"/>
    <tag k="lane_markings" v="no"/>
    <tag k="lit" v="yes"/>
    <tag k="name" v="Löwithstraße"/>
    <tag k="noexit" v="yes"/>
    <tag k="sidewalk" v="both"/>
    <tag k="surface" v="asphalt"/>
  </way>
  <way id="157102852">
    <nd ref="13883759"/>
    <nd ref="1375023443"/>
    <nd ref="3100375843"/>
    <nd ref="3100331530"/>
    <nd ref="3100331231"/>
    <nd ref="27745850"/>
    <nd ref="3100331331"/>
    <nd ref="3100330942"/>
    <nd ref="3100331230"/>
    <nd ref="27745853"/>
    <nd ref="259667717"/>
    <nd ref="13741128846"/>
    <nd ref="1955571"/>
    <tag k="bicycle" v="yes"/>
    <tag k="class:bicycle" v="1"/>
    <tag k="highway" v="residential"/>
    <tag k="lit" v="yes"/>
    <tag k="maxspeed" v="30"/>
    <tag k="name" v="Moltkestraße"/>
    <tag k="sidewalk" v="both"/>
    <tag k="smoothness" v="good"/>
    <tag k="source:width" v="ARCore"/>
    <tag k="surface" v="asphalt"/>
    <tag k="width" v="5.9"/>
  </way>
  <way id="157102853">
    <nd ref="28092168"/>
    <nd ref="13710879603"/>
    <nd ref="13741128839"/>
    <nd ref="13740348523"/>
    <nd ref="13740348519"/>
    <nd ref="13740348502"/>
    <nd ref="13681536614"/>
    <nd ref="3124029893"/>
    <nd ref="13710879601"/>
    <nd ref="13807982500"/>
    <nd ref="1404398536"/>
    <nd ref="13807982499"/>
    <tag k="class:bicycle" v="1"/>
    <tag k="cycleway:both" v="no"/>
    <tag k="highway" v="residential"/>
    <tag k="lanes" v="1"/>
    <tag k="lit" v="yes"/>
    <tag k="maxspeed" v="30"/>
    <tag k="name" v="Viktoriastraße"/>
    <tag k="name:etymology:wikidata" v="Q116728"/>
    <tag k="oneway" v="yes"/>
    <tag k="oneway:bicycle" v="no"/>
    <tag k="parking:both" v="yes"/>
    <tag k="parking:both:orientation" v="parallel"/>
    <tag k="parking:condition:both:residents" v="Clemenstraße"/>
    <tag k="sidewalk" v="both"/>
    <tag k="smoothness" v="good"/>
    <tag k="source:maxspeed" v="DE:zone30"/>
    <tag k="surface" v="asphalt"/>
  </way>
  <way id="157106404">
    <nd ref="27744798"/>
    <nd ref="13741326551"/>
    <nd ref="13704368474"/>
    <nd ref="13709655074"/>
    <nd ref="28092164"/>
    <tag k="class:bicycle" v="1"/>
    <tag k="cycleway:both" v="no"/>
    <tag k="highway" v="residential"/>
    <tag k="lanes" v="1"/>
    <tag k="lit" v="yes"/>
    <tag k="maxspeed" v="30"/>
    <tag k="name" v="Bismarckstraße"/>
    <tag k="oneway" v="yes"/>
    <tag k="oneway:bicycle" v="no"/>
    <tag k="parking:both" v="yes"/>
    <tag k="parking:both:orientation" v="parallel"/>
    <tag k="parking:condition:both:residents" v="Schwabing Mitte"/>
    <tag k="sidewalk" v="both"/>
    <tag k="surface" v="asphalt"/>
  </way>
  <way id="157106405">
    <nd ref="27479836"/>
    <nd ref="13709655088"/>
    <nd ref="3050624538"/>
    <nd ref="3050661405"/>
    <nd ref="13684255231"/>
    <nd ref="3050661414"/>
    <nd ref="27744798"/>
    <tag k="class:bicycle" v="1"/>
    <tag k="cycleway:both" v="no"/>
    <tag k="highway" v="residential"/>
    <tag k="lanes" v="1"/>
    <tag k="lit" v="yes"/>
    <tag k="maxspeed" v="30"/>
    <tag k="name" v="Kaiserplatz"/>
    <tag k="oneway" v="yes"/>
    <tag k="oneway:bicycle" v="no"/>
    <tag k="parking:both" v="yes"/>
    <tag k="parking:both:orientation" v="parallel"/>
    <tag k="parking:condition:both:residents" v="Schwabing Mitte"/>
    <tag k="sidewalk" v="both"/>
    <tag k="smoothness" v="good"/>
    <tag k="surface" v="asphalt"/>
  </way>
  <way id="157106406">
    <nd ref="28090410"/>
    <nd ref="13741326549"/>
    <nd ref="2611129300"/>
    <nd ref="13741326550"/>
    <nd ref="27744798"/>
    <tag k="cycleway:both" v="no"/>
    <tag k="highway" v="residential"/>
    <tag k="lanes" v="1"/>
    <tag k="lit" v="yes"/>
    <tag k="maxspeed" v="30"/>
    <tag k="name" v="Kaiserplatz"/>
    <tag k="parking:both" v="yes"/>
    <tag k="parking:both:orientation" v="parallel"/>
    <tag k="parking:condition:both:residents" v="Schwabing Mitte"/>
    <tag k="sidewalk" v="both"/>
    <tag k="surface" v="asphalt"/>
    <tag k="width" v="7"/>
  </way>
  <way id="157106407">
    <nd ref="13807982499"/>
    <nd ref="13707561342"/>
    <nd ref="13807990601"/>
    <nd ref="13681644549"/>
    <nd ref="13681644550"/>
    <nd ref="28090410"/>
    <tag k="class:bicycle" v="-1"/>
    <tag k="cycleway:both" v="no"/>
    <tag k="highway" v="residential"/>
    <tag k="lit" v="yes"/>
    <tag k="maxspeed" v="30"/>
    <tag k="name" v="Viktoriastraße"/>
    <tag k="name:etymology:wikidata" v="Q116728"/>
    <tag k="oneway" v="yes"/>
    <tag k="oneway:bicycle" v="no"/>
    <tag k="parking:both" v="yes"/>
    <tag k="parking:both:orientation" v="parallel"/>
    <tag k="sidewalk" v="both"/>
    <tag k="smoothness" v="intermediate"/>
    <tag k="source:maxspeed" v="DE:zone30"/>
    <tag k="surface" v="sett"/>
  </way>
  <way id="157106408">
    <nd ref="27479835"/>
    <nd ref="2611264244"/>
    <nd ref="371326649"/>
    <nd ref="27479818"/>
    <tag k="class:bicycle" v="-1"/>
    <tag k="cycleway:both" v="no"/>
    <tag k="highway" v="residential"/>
    <tag k="lit" v="yes"/>
    <tag k="maxspeed" v="30"/>
    <tag k="name" v="Wilhelmstraße"/>
    <tag k="oneway" v="yes"/>
    <tag k="oneway:bicycle" v="no"/>
    <tag k="sidewalk:left" v="yes"/>
    <tag k="sidewalk:right" v="separate"/>
    <tag k="surface" v="asphalt"/>
  </way>
  <way id="157107344">
    <nd ref="28092166"/>
    <nd ref="13726089034"/>
    <nd ref="13726089051"/>
    <nd ref="27479854"/>
    <tag k="class:bicycle" v="-1"/>
    <tag k="cycleway:both" v="no"/>
    <tag k="highway" v="residential"/>
    <tag k="lit" v="yes"/>
    <tag k="maxspeed" v="30"/>
    <tag k="name" v="Pündterplatz"/>
    <tag k="oneway" v="yes"/>
    <tag k="sidewalk" v="yes"/>
    <tag k="surface" v="sett"/>
  </way>
  <way id="157188166">
    <nd ref="28090410"/>
    <nd ref="13681622260"/>
    <nd ref="7983340"/>
    <tag k="class:bicycle" v="-1"/>
    <tag k="cycleway:both" v="no"/>
    <tag k="highway" v="residential"/>
    <tag k="lit" v="yes"/>
    <tag k="maxspeed" v="30"/>
    <tag k="name" v="Kaiserplatz"/>
    <tag k="oneway" v="yes"/>
    <tag k="oneway:bicycle" v="no"/>
    <tag k="parking:both" v="yes"/>
    <tag k="parking:both:orientation" v="parallel"/>
    <tag k="sidewalk" v="both"/>
    <tag k="surface" v="asphalt"/>
  </way>
  <way id="157188167">
    <nd ref="25313840"/>
    <nd ref="433008554"/>
    <nd ref="1156427690"/>
    <nd ref="9440224749"/>
    <nd ref="25313841"/>
    <nd ref="38148621"/>
    <nd ref="3685462391"/>
    <nd ref="25313842"/>
    <nd ref="25313843"/>
    <nd ref="1375023662"/>
    <nd ref="13883759"/>
    <nd ref="13741099560"/>
    <nd ref="1693994297"/>
    <nd ref="3147634930"/>
    <nd ref="13883760"/>
    <nd ref="1375023542"/>
    <nd ref="36717053"/>
    <nd ref="259667726"/>
    <nd ref="13764692070"/>
    <nd ref="1305559167"/>
    <nd ref="371668758"/>
    <nd ref="28092173"/>
    <tag k="class:bicycle" v="1"/>
    <tag k="cycleway:both" v="separate"/>
    <tag k="highway" v="residential"/>
    <tag k="lit" v="yes"/>
    <tag k="maxspeed" v="30"/>
    <tag k="name" v="Karl-Theodor-Straße"/>
    <tag k="name:etymology:wikidata" v="Q57972"/>
    <tag k="sidewalk" v="separate"/>
    <tag k="surface" v="asphalt"/>
    <tag k="width" v="5"/>
  </way>
  <way id="157188168">
    <nd ref="36717035"/>
    <nd ref="1375023503"/>
    <nd ref="36717053"/>
    <tag k="highway" v="residential"/>
    <tag k="lit" v="yes"/>
    <tag k="maxspeed" v="30"/>
    <tag k="name" v="Mannheimer Straße"/>
    <tag k="sidewalk" v="both"/>
    <tag k="surface" v="asphalt"/>
  </way>
  <way id="157188170">
    <nd ref="1693994297"/>
    <nd ref="1375023445"/>
    <nd ref="1693994296"/>
    <nd ref="4738777387"/>
    <nd ref="1693994295"/>
    <nd ref="3100330956"/>
    <nd ref="3100331233"/>
    <nd ref="1693994293"/>
    <nd ref="3100330951"/>
    <nd ref="3050373052"/>
    <nd ref="1693994289"/>
    <tag k="class:bicycle" v="-1"/>
    <tag k="highway" v="residential"/>
    <tag k="lit" v="yes"/>
    <tag k="maxspeed" v="30"/>
    <tag k="name" v="Muffatstraße"/>
    <tag k="sidewalk" v="both"/>
    <tag k="surface" v="sett"/>
  </way>
  <way id="157188171">
    <nd ref="13883760"/>
    <nd ref="1375023447"/>
    <nd ref="349281268"/>
    <nd ref="3100330947"/>
    <nd ref="3050373050"/>
    <nd ref="4738783241"/>
    <nd ref="4738783242"/>
    <nd ref="13720238923"/>
    <nd ref="13720238947"/>
    <nd ref="4738778742"/>
    <tag k="class:bicycle" v="1"/>
    <tag k="highway" v="residential"/>
    <tag k="lit" v="yes"/>
    <tag k="maxspeed" v="30"/>
    <tag k="name" v="Siegfriedstraße"/>
    <tag k="sidewalk" v="both"/>
    <tag k="surface" v="asphalt"/>
  </way>
  <way id="157188172">
    <nd ref="4738778742"/>
    <nd ref="4738777420"/>
    <nd ref="4738777419"/>
    <nd ref="13684634728"/>
    <nd ref="3097624155"/>
    <nd ref="13883762"/>
    <nd ref="13103639118"/>
    <nd ref="3117065833"/>
    <nd ref="1213358936"/>
    <nd ref="259557371"/>
    <nd ref="3044120589"/>
    <nd ref="457516633"/>
    <tag k="class:bicycle" v="1"/>
    <tag k="highway" v="residential"/>
    <tag k="lit" v="yes"/>
    <tag k="maxspeed" v="30"/>
    <tag k="name" v="Siegfriedstraße"/>
    <tag k="parking:both" v="yes"/>
    <tag k="parking:both:orientation" v="parallel"/>
    <tag k="parking:condition:both" v="ticket"/>
    <tag k="parking:condition:both:residents" v="*"/>
    <tag k="sidewalk" v="both"/>
    <tag k="surface" v="asphalt"/>
  </way>
  <way id="157964859">
    <nd ref="13103603174"/>
    <nd ref="429637660"/>
    <nd ref="371658407"/>
    <tag k="class:bicycle" v="-1"/>
    <tag k="cycleway:left" v="separate"/>
    <tag k="cycleway:right" v="no"/>
    <tag k="foot" v="use_sidepath"/>
    <tag k="highway" v="residential"/>
    <tag k="lanes" v="3"/>
    <tag k="lanes:backward" v="1"/>
    <tag k="lanes:forward" v="2"/>
    <tag k="lit" v="yes"/>
    <tag k="maxspeed" v="50"/>
    <tag k="name" v="Herzogstraße"/>
    <tag k="name:etymology:wikidata" v="Q62280"/>
    <tag k="placement:forward" v="right_of:1"/>
    <tag k="sidewalk:both" v="separate"/>
    <tag k="smoothness" v="good"/>
    <tag k="surface" v="asphalt"/>
  </way>
  <way id="157964860">
    <nd ref="1701847425"/>
    <nd ref="3779376107"/>
    <nd ref="4956635662"/>
    <tag k="access:lanes" v="psv|yes|yes|yes"/>
    <tag k="bicycle" v="use_sidepath"/>
    <tag k="bus:lanes" v="designated|yes|yes|yes"/>
    <tag k="foot" v="use_sidepath"/>
    <tag k="highway" v="secondary"/>
    <tag k="lanes" v="4"/>
    <tag k="lanes:bus" v="1"/>
    <tag k="lit" v="yes"/>
    <tag k="maxspeed" v="30"/>
    <tag k="name" v="Leopoldstraße"/>
    <tag k="name:etymology:wikidata" v="Q61015"/>
    <tag k="oneway" v="yes"/>
    <tag k="parking:both" v="no"/>
    <tag k="psv" v="yes"/>
    <tag k="sidewalk:left" v="no"/>
    <tag k="sidewalk:right" v="separate"/>
    <tag k="smoothness" v="good"/>
    <tag k="surface" v="asphalt"/>
    <tag k="tmc" v="DE:27948/46572"/>
    <tag k="turn:lanes" v="none|through|through|right"/>
    <tag k="vehicle:lanes" v="no|yes|yes|yes"/>
    <tag k="wikidata" v="Q877933"/>
    <tag k="wikipedia" v="de:Leopoldstraße"/>
  </way>
  <way id="157964861">
    <nd ref="1644583589"/>
    <nd ref="2962877950"/>
    <nd ref="10930050296"/>
    <nd ref="3392905429"/>
    <tag k="bicycle" v="use_sidepath"/>
    <tag k="foot" v="use_sidepath"/>
    <tag k="highway" v="secondary"/>
    <tag k="lanes" v="3"/>
    <tag k="lit" v="yes"/>
    <tag k="maxspeed" v="30"/>
    <tag k="name" v="Leopoldstraße"/>
    <tag k="name:etymology:wikidata" v="Q61015"/>
    <tag k="oneway" v="yes"/>
    <tag k="parking:both" v="no"/>
    <tag k="sidewalk:left" v="no"/>
    <tag k="sidewalk:right" v="separate"/>
    <tag k="surface" v="asphalt"/>
    <tag k="tmc" v="DE:27948/46572"/>
    <tag k="turn:lanes" v="through|through|right"/>
    <tag k="wikidata" v="Q877933"/>
    <tag k="wikipedia" v="de:Leopoldstraße"/>
  </way>
  <way id="158399734">
    <nd ref="261063011"/>
    <nd ref="261063012"/>
    <nd ref="11047663435"/>
    <nd ref="261063013"/>
    <nd ref="261063015"/>
    <tag k="highway" v="residential"/>
    <tag k="maxspeed" v="30"/>
    <tag k="maxspeed:type" v="DE:zone30"/>
    <tag k="name" v="Beichstraße"/>
    <tag k="oneway" v="yes"/>
    <tag k="oneway:bicycle" v="no"/>
    <tag k="smoothness" v="intermediate"/>
    <tag k="surface" v="asphalt"/>
  </way>
  <way id="158399739">
    <nd ref="27194092"/>
    <nd ref="312385387"/>
    <nd ref="27194225"/>
    <tag k="cycleway:both" v="no"/>
    <tag k="highway" v="residential"/>
    <tag k="lit" v="yes"/>
    <tag k="maxspeed" v="30"/>
    <tag k="maxspeed:type" v="DE:zone30"/>
    <tag k="name" v="Franzstraße"/>
    <tag k="oneway" v="yes"/>
    <tag k="oneway:bicycle" v="no"/>
    <tag k="sidewalk" v="both"/>
    <tag k="surface" v="asphalt"/>
  </way>
  <way id="158399761">
    <nd ref="27154459"/>
    <nd ref="3609157656"/>
    <nd ref="27154458"/>
    <tag k="cycleway:left" v="no"/>
    <tag k="cycleway:right" v="no"/>
    <tag k="highway" v="residential"/>
    <tag k="lit" v="yes"/>
    <tag k="maxspeed" v="30"/>
    <tag k="name" v="Nikolaiplatz"/>
    <tag k="oneway" v="yes"/>
    <tag k="oneway:bicycle" v="no"/>
    <tag k="sidewalk:left" v="yes"/>
    <tag k="sidewalk:right" v="separate"/>
    <tag k="surface" v="asphalt"/>
  </way>
  <way id="158399766">
    <nd ref="27154453"/>
    <nd ref="1706016490"/>
    <nd ref="1078797630"/>
    <nd ref="1706016502"/>
    <nd ref="1706016491"/>
    <nd ref="1706016500"/>
    <nd ref="27154457"/>
    <tag k="cycleway:both" v="no"/>
    <tag k="highway" v="residential"/>
    <tag k="maxspeed" v="30"/>
    <tag k="name" v="Nikolaistraße"/>
    <tag k="oneway" v="yes"/>
    <tag k="surface" v="asphalt"/>
  </way>
  <way id="158399779">
    <nd ref="27194086"/>
    <nd ref="13715974554"/>
    <nd ref="13716034719"/>
    <nd ref="27194092"/>
    <nd ref="27154464"/>
    <nd ref="27154463"/>
    <tag k="highway" v="residential"/>
    <tag k="lit" v="yes"/>
    <tag k="maxspeed" v="30"/>
    <tag k="name" v="Siegesstraße"/>
    <tag k="oneway" v="yes"/>
    <tag k="oneway:bicycle" v="no"/>
    <tag k="sidewalk:both" v="yes"/>
    <tag k="sidewalk:both:surface" v="paving_stones"/>
    <tag k="smoothness" v="excellent"/>
    <tag k="source:maxspeed" v="DE:zone30"/>
    <tag k="surface" v="asphalt"/>
    <tag k="traffic_sign" v="DE:274.1[30]"/>
    <tag k="zone:maxspeed" v="DE:30"/>
  </way>
  <way id="158399798">
    <nd ref="27154464"/>
    <nd ref="27194072"/>
    <tag k="highway" v="residential"/>
    <tag k="lit" v="yes"/>
    <tag k="maxspeed" v="30"/>
    <tag k="name" v="Wagnerstraße"/>
    <tag k="oneway" v="yes"/>
    <tag k="smoothness" v="good"/>
    <tag k="surface" v="asphalt"/>
  </way>
  <way id="158901369">
    <nd ref="13807990604"/>
    <nd ref="2502762481"/>
    <nd ref="13807990605"/>
    <nd ref="6397269637"/>
    <nd ref="3050624439"/>
    <nd ref="2481335052"/>
    <nd ref="2485085549"/>
    <nd ref="6397269627"/>
    <nd ref="6397269625"/>
    <nd ref="2485085544"/>
    <nd ref="3065699091"/>
    <nd ref="2584356329"/>
    <tag k="class:bicycle" v="-2"/>
    <tag k="cycleway:both" v="no"/>
    <tag k="highway" v="tertiary"/>
    <tag k="lanes" v="2"/>
    <tag k="lit" v="yes"/>
    <tag k="maxspeed" v="50"/>
    <tag k="name" v="Hohenzollernstraße"/>
    <tag k="name:etymology:wikidata" v="Q83969"/>
    <tag k="sidewalk" v="both"/>
    <tag k="sidewalk:both:surface" v="paving_stones"/>
    <tag k="smoothness" v="good"/>
    <tag k="surface" v="paving_stones"/>
  </way>
  <way id="158901372">
    <nd ref="1680006280"/>
    <nd ref="11258802025"/>
    <nd ref="1680006278"/>
    <nd ref="11258802026"/>
    <nd ref="11258802027"/>
    <nd ref="1680006283"/>
    <nd ref="11258809440"/>
    <nd ref="11258809441"/>
    <nd ref="1680006290"/>
    <nd ref="1680006293"/>
    <nd ref="11258809472"/>
    <nd ref="1703216500"/>
    <nd ref="1955522"/>
    <tag k="cycleway:both" v="no"/>
    <tag k="foot" v="no"/>
    <tag k="highway" v="tertiary"/>
    <tag k="lanes" v="1"/>
    <tag k="lit" v="yes"/>
    <tag k="maxspeed" v="50"/>
    <tag k="name" v="Hohenzollernstraße"/>
    <tag k="name:etymology:wikidata" v="Q83969"/>
    <tag k="oneway" v="yes"/>
    <tag k="sidewalk" v="no"/>
    <tag k="smoothness" v="good"/>
    <tag k="source:maxspeed" v="DE:urban"/>
    <tag k="surface" v="asphalt"/>
  </way>
  <way id="160565852">
    <nd ref="27194225"/>
    <nd ref="4696951069"/>
    <nd ref="4696951072"/>
    <nd ref="27154465"/>
    <tag k="cycleway:both" v="no"/>
    <tag k="highway" v="residential"/>
    <tag k="maxspeed" v="30"/>
    <tag k="maxspeed:type" v="DE:zone30"/>
    <tag k="name" v="Knollerstraße"/>
    <tag k="oneway" v="yes"/>
    <tag k="oneway:bicycle" v="no"/>
    <tag k="parking:both" v="yes"/>
    <tag k="parking:both:orientation" v="parallel"/>
    <tag k="sidewalk" v="both"/>
    <tag k="smoothness" v="intermediate"/>
    <tag k="surface" v="asphalt"/>
  </way>
  <way id="161970158">
    <nd ref="38155990"/>
    <nd ref="13741250716"/>
    <nd ref="298608001"/>
    <tag k="class:bicycle" v="1"/>
    <tag k="highway" v="residential"/>
    <tag k="lit" v="yes"/>
    <tag k="maxspeed" v="30"/>
    <tag k="name" v="Degenfeldstraße"/>
    <tag k="name:etymology:wikidata" v="Q91117"/>
    <tag k="oneway" v="yes"/>
    <tag k="sidewalk" v="right"/>
    <tag k="surface" v="sett"/>
  </way>
  <way id="161970159">
    <nd ref="38156717"/>
    <nd ref="1115606321"/>
    <nd ref="38155990"/>
    <tag k="class:bicycle" v="-1"/>
    <tag k="highway" v="residential"/>
    <tag k="lit" v="yes"/>
    <tag k="maxspeed" v="30"/>
    <tag k="name" v="Unertlstraße"/>
    <tag k="name:etymology:wikidata" v="Q92041"/>
    <tag k="oneway" v="yes"/>
    <tag k="smoothness" v="intermediate"/>
    <tag k="surface" v="sett"/>
  </way>
  <way id="161970160">
    <nd ref="38155990"/>
    <nd ref="638765406"/>
    <nd ref="3457559767"/>
    <tag k="class:bicycle" v="-1"/>
    <tag k="cycleway:both" v="no"/>
    <tag k="highway" v="residential"/>
    <tag k="lit" v="yes"/>
    <tag k="maxspeed" v="30"/>
    <tag k="name" v="Unertlstraße"/>
    <tag k="name:etymology:wikidata" v="Q92041"/>
    <tag k="oneway" v="yes"/>
    <tag k="sidewalk" v="both"/>
    <tag k="source:width" v="ARCore"/>
    <tag k="surface" v="sett"/>
    <tag k="width" v="6"/>
  </way>
  <way id="161970161">
    <nd ref="38144228"/>
    <nd ref="13740669602"/>
    <nd ref="282041534"/>
    <nd ref="6681354537"/>
    <nd ref="38152434"/>
    <nd ref="6681354533"/>
    <nd ref="13681262032"/>
    <nd ref="6681354532"/>
    <nd ref="38156717"/>
    <tag k="class:bicycle" v="-1"/>
    <tag k="highway" v="residential"/>
    <tag k="lit" v="yes"/>
    <tag k="maxspeed" v="30"/>
    <tag k="name" v="Unertlstraße"/>
    <tag k="name:etymology:wikidata" v="Q92041"/>
    <tag k="oneway" v="yes"/>
    <tag k="sidewalk" v="both"/>
    <tag k="sidewalk:both:surface" v="paving_stones"/>
    <tag k="smoothness" v="good"/>
    <tag k="surface" v="asphalt"/>
  </way>
  <way id="263733108">
    <nd ref="457516630"/>
    <nd ref="27744774"/>
    <tag k="bicycle" v="designated"/>
    <tag k="bicycle_road" v="yes"/>
    <tag k="class:bicycle" v="-1"/>
    <tag k="highway" v="residential"/>
    <tag k="lit" v="yes"/>
    <tag k="maxspeed" v="30"/>
    <tag k="motor_vehicle" v="yes"/>
    <tag k="name" v="Clemensstraße"/>
    <tag k="surface" v="paving_stones"/>
  </way>
  <way id="265463850">
    <nd ref="2709447006"/>
    <nd ref="3569802606"/>
    <tag k="access:lanes" v="psv|yes|yes|yes"/>
    <tag k="bicycle" v="use_sidepath"/>
    <tag k="foot" v="use_sidepath"/>
    <tag k="highway" v="secondary"/>
    <tag k="lanes" v="3"/>
    <tag k="lit" v="yes"/>
    <tag k="maxspeed" v="30"/>
    <tag k="name" v="Leopoldstraße"/>
    <tag k="name:etymology:wikidata" v="Q61015"/>
    <tag k="oneway" v="yes"/>
    <tag k="sidewalk:left" v="no"/>
    <tag k="sidewalk:right" v="separate"/>
    <tag k="smoothness" v="excellent"/>
    <tag k="surface" v="asphalt"/>
    <tag k="tmc" v="DE:27948/46572"/>
    <tag k="turn:lanes" v="none|through|through|right"/>
    <tag k="wikidata" v="Q877933"/>
    <tag k="wikipedia" v="de:Leopoldstraße"/>
  </way>
  <way id="288092851">
    <nd ref="371658407"/>
    <nd ref="4956635662"/>
    <tag k="class:bicycle" v="-1"/>
    <tag k="cycleway:both" v="no"/>
    <tag k="highway" v="residential"/>
    <tag k="lanes" v="3"/>
    <tag k="lanes:forward" v="2"/>
    <tag k="lit" v="yes"/>
    <tag k="maxspeed" v="50"/>
    <tag k="name" v="Herzogstraße"/>
    <tag k="name:etymology:wikidata" v="Q62280"/>
    <tag k="placement:forward" v="right_of:1"/>
    <tag k="sidewalk" v="separate"/>
    <tag k="smoothness" v="good"/>
    <tag k="surface" v="asphalt"/>
  </way>
  <way id="292784371">
    <nd ref="21495319"/>
    <nd ref="35828732"/>
    <nd ref="595311113"/>
    <nd ref="1955585"/>
    <tag k="bicycle" v="use_sidepath"/>
    <tag k="dual_carriageway" v="yes"/>
    <tag k="foot" v="use_sidepath"/>
    <tag k="highway" v="secondary"/>
    <tag k="lanes" v="2"/>
    <tag k="lit" v="yes"/>
    <tag k="maxspeed" v="50"/>
    <tag k="name" v="Ungererstraße"/>
    <tag k="name:etymology:wikidata" v="Q54556659"/>
    <tag k="oneway" v="yes"/>
    <tag k="sidewalk:left" v="no"/>
    <tag k="sidewalk:right" v="separate"/>
    <tag k="smoothness" v="intermediate"/>
    <tag k="source:maxspeed" v="DE:urban"/>
    <tag k="surface" v="asphalt"/>
    <tag k="wikidata" v="Q21640196"/>
  </way>
  <way id="300326719">
    <nd ref="2495339083"/>
    <nd ref="3953746975"/>
    <nd ref="1506391591"/>
    <nd ref="3109103033"/>
    <nd ref="3109102830"/>
    <nd ref="13681631407"/>
    <nd ref="3109102829"/>
    <nd ref="3109102033"/>
    <nd ref="3109102135"/>
    <nd ref="3044120587"/>
    <nd ref="3065699120"/>
    <nd ref="1404398534"/>
    <nd ref="13709655059"/>
    <nd ref="13807982499"/>
    <nd ref="13807982498"/>
    <nd ref="1693399457"/>
    <nd ref="2396591573"/>
    <nd ref="2396591571"/>
    <nd ref="13709655071"/>
    <nd ref="28092164"/>
    <tag k="class:bicycle" v="-2"/>
    <tag k="cycleway:both" v="no"/>
    <tag k="foot" v="use_sidepath"/>
    <tag k="highway" v="residential"/>
    <tag k="lanes" v="2"/>
    <tag k="lit" v="yes"/>
    <tag k="maxspeed" v="50"/>
    <tag k="name" v="Herzogstraße"/>
    <tag k="name:etymology:wikidata" v="Q62280"/>
    <tag k="parking:condition:left" v="ticket"/>
    <tag k="parking:condition:left:residents" v="Clemenstraße"/>
    <tag k="parking:condition:right" v="ticket"/>
    <tag k="parking:condition:right:residents" v="*"/>
    <tag k="parking:left" v="yes"/>
    <tag k="parking:left:orientation" v="diagonal"/>
    <tag k="parking:right" v="yes"/>
    <tag k="parking:right:orientation" v="parallel"/>
    <tag k="sidewalk:left" v="separate"/>
    <tag k="sidewalk:right" v="yes"/>
    <tag k="smoothness" v="good"/>
    <tag k="source:maxspeed" v="DE:urban"/>
    <tag k="surface" v="asphalt"/>
  </way>
  <way id="300559205">
    <nd ref="2280545532"/>
    <nd ref="1703216622"/>
    <nd ref="1701728527"/>
    <nd ref="1701728528"/>
    <nd ref="2280563832"/>
    <nd ref="667321260"/>
    <nd ref="262685662"/>
    <nd ref="28092169"/>
    <tag k="bicycle" v="designated"/>
    <tag k="bicycle_road" v="yes"/>
    <tag k="class:bicycle" v="1"/>
    <tag k="highway" v="residential"/>
    <tag k="lit" v="yes"/>
    <tag k="maxspeed" v="30"/>
    <tag k="motor_vehicle" v="yes"/>
    <tag k="name" v="Clemensstraße"/>
    <tag k="name:etymology:wikidata" v="Q215086"/>
    <tag k="note" v="Fahrradstraße"/>
    <tag k="oneway" v="no"/>
    <tag k="parking:both" v="yes"/>
    <tag k="parking:both:orientation" v="parallel"/>
    <tag k="sidewalk:left" v="separate"/>
    <tag k="sidewalk:right" v="yes"/>
    <tag k="sidewalk:right:surface" v="paving_stones"/>
    <tag k="smoothness" v="good"/>
    <tag k="source:width" v="ARCore"/>
    <tag k="surface" v="asphalt"/>
    <tag k="traffic_sign" v="DE:244.1"/>
    <tag k="width" v="4.7"/>
  </way>
  <way id="300559210">
    <nd ref="800203786"/>
    <nd ref="13712247862"/>
    <nd ref="13037926629"/>
    <tag k="bicycle" v="yes"/>
    <tag k="class:bicycle" v="1"/>
    <tag k="cycleway:both" v="no"/>
    <tag k="highway" v="residential"/>
    <tag k="lit" v="yes"/>
    <tag k="maxspeed" v="30"/>
    <tag k="name" v="Kaiserstraße"/>
    <tag k="postal_code" v="80801"/>
    <tag k="sidewalk" v="both"/>
    <tag k="sidewalk:left:surface" v="paving_stones"/>
    <tag k="sidewalk:right:surface" v="sett"/>
    <tag k="smoothness" v="good"/>
    <tag k="surface" v="asphalt"/>
  </way>
  <way id="301541142">
    <nd ref="27744793"/>
    <nd ref="12815504326"/>
    <nd ref="12815504327"/>
    <nd ref="3092935679"/>
    <nd ref="3092935680"/>
    <nd ref="3092935681"/>
    <nd ref="3092935683"/>
    <nd ref="3100331034"/>
    <nd ref="4738783237"/>
    <nd ref="4738778721"/>
    <nd ref="4738778742"/>
    <tag k="class:bicycle" v="1"/>
    <tag k="highway" v="residential"/>
    <tag k="lanes" v="1"/>
    <tag k="lit" v="yes"/>
    <tag k="maxspeed" v="30"/>
    <tag k="name" v="Bismarckstraße"/>
    <tag k="oneway" v="yes"/>
    <tag k="parking:both" v="yes"/>
    <tag k="parking:both:orientation" v="parallel"/>
    <tag k="parking:condition:both" v="residents"/>
    <tag k="parking:condition:both:residents" v="Clemenstraße"/>
    <tag k="sidewalk" v="both"/>
    <tag k="surface" v="asphalt"/>
    <tag k="width" v="6"/>
  </way>
  <way id="315224427">
    <nd ref="3213296429"/>
    <nd ref="3213296428"/>
    <nd ref="3213296427"/>
    <nd ref="28092173"/>
    <tag k="highway" v="residential"/>
    <tag k="lit" v="yes"/>
    <tag k="maxspeed" v="30"/>
    <tag k="name" v="Karl-Theodor-Straße"/>
    <tag k="oneway" v="yes"/>
    <tag k="sidewalk" v="no"/>
    <tag k="surface" v="asphalt"/>
    <tag k="width" v="3"/>
  </way>
  <way id="315224428">
    <nd ref="3213296429"/>
    <nd ref="11114514903"/>
    <nd ref="3213296430"/>
    <tag k="bicycle" v="use_sidepath"/>
    <tag k="foot" v="use_sidepath"/>
    <tag k="highway" v="secondary"/>
    <tag k="lanes" v="2"/>
    <tag k="lit" v="yes"/>
    <tag k="maxspeed" v="30"/>
    <tag k="name" v="Leopoldstraße"/>
    <tag k="name:etymology:wikidata" v="Q61015"/>
    <tag k="oneway" v="yes"/>
    <tag k="parking:left" v="no"/>
    <tag k="parking:right" v="street_side"/>
    <tag k="parking:right:orientation" v="parallel"/>
    <tag k="sidewalk:left" v="no"/>
    <tag k="sidewalk:right" v="separate"/>
    <tag k="smoothness" v="excellent"/>
    <tag k="surface" v="asphalt"/>
    <tag k="tmc" v="DE:46572/35344"/>
    <tag k="wikidata" v="Q877933"/>
    <tag k="wikipedia" v="de:Leopoldstraße"/>
  </way>
  <way id="315224433">
    <nd ref="29861235"/>
    <nd ref="8409511720"/>
    <nd ref="372802473"/>
    <nd ref="21495319"/>
    <tag k="bicycle" v="use_sidepath"/>
    <tag k="dual_carriageway" v="yes"/>
    <tag k="foot" v="use_sidepath"/>
    <tag k="highway" v="secondary"/>
    <tag k="lanes" v="2"/>
    <tag k="lit" v="yes"/>
    <tag k="maxspeed" v="50"/>
    <tag k="name" v="Ungererstraße"/>
    <tag k="name:etymology:wikidata" v="Q54556659"/>
    <tag k="oneway" v="yes"/>
    <tag k="sidewalk:left" v="no"/>
    <tag k="sidewalk:right" v="separate"/>
    <tag k="smoothness" v="good"/>
    <tag k="source:maxspeed" v="DE:urban"/>
    <tag k="surface" v="asphalt"/>
    <tag k="tmc" v="DE:30272/30273"/>
    <tag k="turn:lanes" v="left|left;right"/>
    <tag k="wikidata" v="Q21640196"/>
  </way>
  <way id="317934876">
    <nd ref="1680006296"/>
    <nd ref="3239382671"/>
    <nd ref="1680006280"/>
    <tag k="cycleway:both" v="no"/>
    <tag k="foot" v="use_sidepath"/>
    <tag k="highway" v="tertiary"/>
    <tag k="lanes" v="2"/>
    <tag k="lit" v="yes"/>
    <tag k="maxspeed" v="50"/>
    <tag k="name" v="Hohenzollernstraße"/>
    <tag k="name:etymology:wikidata" v="Q83969"/>
    <tag k="oneway" v="yes"/>
    <tag k="sidewalk:left" v="no"/>
    <tag k="sidewalk:right" v="separate"/>
    <tag k="smoothness" v="good"/>
    <tag k="source:maxspeed" v="DE:urban"/>
    <tag k="surface" v="asphalt"/>
    <tag k="turn:lanes" v="left;through|right"/>
  </way>
  <way id="332176200">
    <nd ref="1644583591"/>
    <nd ref="11985031610"/>
    <nd ref="8409511721"/>
    <nd ref="21092022"/>
    <tag k="bicycle" v="use_sidepath"/>
    <tag k="foot" v="use_sidepath"/>
    <tag k="highway" v="secondary"/>
    <tag k="lanes" v="3"/>
    <tag k="lit" v="yes"/>
    <tag k="maxspeed" v="30"/>
    <tag k="name" v="Leopoldstraße"/>
    <tag k="name:etymology:wikidata" v="Q61015"/>
    <tag k="oneway" v="yes"/>
    <tag k="parking:both" v="no"/>
    <tag k="sidewalk:left" v="no"/>
    <tag k="sidewalk:right" v="separate"/>
    <tag k="surface" v="asphalt"/>
    <tag k="tmc" v="DE:27948/46572"/>
    <tag k="turn:lanes" v="through|through|right"/>
    <tag k="wikidata" v="Q877933"/>
    <tag k="wikipedia" v="de:Leopoldstraße"/>
  </way>
  <way id="332176203">
    <nd ref="3392905429"/>
    <nd ref="1644583591"/>
    <tag k="class:bicycle" v="-1"/>
    <tag k="cycleway:left" v="no"/>
    <tag k="cycleway:right" v="lane"/>
    <tag k="cycleway:right:lane" v="exclusive"/>
    <tag k="foot" v="use_sidepath"/>
    <tag k="highway" v="secondary"/>
    <tag k="lanes" v="3"/>
    <tag k="lit" v="yes"/>
    <tag k="maxspeed" v="30"/>
    <tag k="name" v="Leopoldstraße"/>
    <tag k="name:etymology:wikidata" v="Q61015"/>
    <tag k="oneway" v="yes"/>
    <tag k="parking:left" v="no"/>
    <tag k="parking:right" v="street_side"/>
    <tag k="parking:right:orientation" v="parallel"/>
    <tag k="sidewalk:left" v="no"/>
    <tag k="sidewalk:right" v="separate"/>
    <tag k="smoothness" v="good"/>
    <tag k="surface" v="asphalt"/>
    <tag k="tmc" v="DE:27948/46572"/>
    <tag k="turn:lanes" v="through|through|right"/>
    <tag k="wikidata" v="Q877933"/>
    <tag k="wikipedia" v="de:Leopoldstraße"/>
  </way>
  <way id="343277912">
    <nd ref="3501441294"/>
    <nd ref="11114514904"/>
    <nd ref="28092173"/>
    <nd ref="21495320"/>
    <tag k="bicycle" v="use_sidepath"/>
    <tag k="foot" v="use_sidepath"/>
    <tag k="highway" v="secondary"/>
    <tag k="lanes" v="3"/>
    <tag k="lit" v="yes"/>
    <tag k="maxspeed" v="30"/>
    <tag k="name" v="Leopoldstraße"/>
    <tag k="name:etymology:wikidata" v="Q61015"/>
    <tag k="oneway" v="yes"/>
    <tag k="sidewalk:left" v="no"/>
    <tag k="sidewalk:right" v="separate"/>
    <tag k="surface" v="asphalt"/>
    <tag k="tmc" v="DE:46572/35344"/>
    <tag k="wikidata" v="Q877933"/>
    <tag k="wikipedia" v="de:Leopoldstraße"/>
  </way>
  <way id="351235033">
    <nd ref="815844800"/>
    <nd ref="1644583589"/>
    <tag k="bicycle" v="use_sidepath"/>
    <tag k="foot" v="use_sidepath"/>
    <tag k="highway" v="secondary"/>
    <tag k="lanes" v="2"/>
    <tag k="lit" v="yes"/>
    <tag k="maxspeed" v="30"/>
    <tag k="name" v="Leopoldstraße"/>
    <tag k="name:etymology:wikidata" v="Q61015"/>
    <tag k="oneway" v="yes"/>
    <tag k="parking:both" v="no"/>
    <tag k="sidewalk:left" v="no"/>
    <tag k="sidewalk:right" v="separate"/>
    <tag k="surface" v="asphalt"/>
    <tag k="tmc" v="DE:27948/46572"/>
    <tag k="wikidata" v="Q877933"/>
    <tag k="wikipedia" v="de:Leopoldstraße"/>
  </way>
  <way id="365751517">
    <nd ref="29861238"/>
    <nd ref="4209636496"/>
    <nd ref="45352927"/>
    <nd ref="4209636497"/>
    <nd ref="4209636499"/>
    <nd ref="1854999673"/>
    <nd ref="4209636503"/>
    <tag k="bicycle" v="use_sidepath"/>
    <tag k="dual_carriageway" v="yes"/>
    <tag k="foot" v="use_sidepath"/>
    <tag k="highway" v="secondary"/>
    <tag k="lanes" v="1"/>
    <tag k="lit" v="yes"/>
    <tag k="maxspeed" v="50"/>
    <tag k="name" v="Ungererstraße"/>
    <tag k="name:etymology:wikidata" v="Q54556659"/>
    <tag k="oneway" v="yes"/>
    <tag k="sidewalk:left" v="no"/>
    <tag k="sidewalk:right" v="separate"/>
    <tag k="source:maxspeed" v="DE:urban"/>
    <tag k="surface" v="asphalt"/>
    <tag k="tmc" v="DE:30272/30273"/>
    <tag k="wikidata" v="Q21640196"/>
  </way>
  <way id="365762132">
    <nd ref="388181873"/>
    <nd ref="418766170"/>
    <nd ref="2584356326"/>
    <nd ref="2510456142"/>
    <nd ref="1452318374"/>
    <nd ref="1452318363"/>
    <nd ref="3664784293"/>
    <nd ref="27479818"/>
    <tag k="class:bicycle" v="-1"/>
    <tag k="cycleway:both" v="no"/>
    <tag k="highway" v="tertiary"/>
    <tag k="lane_markings" v="no"/>
    <tag k="lit" v="yes"/>
    <tag k="maxspeed" v="30"/>
    <tag k="name" v="Hohenzollernstraße"/>
    <tag k="name:etymology:wikidata" v="Q83969"/>
    <tag k="oneway" v="yes"/>
    <tag k="oneway:bicycle" v="no"/>
    <tag k="sidewalk" v="both"/>
    <tag k="smoothness" v="good"/>
    <tag k="surface" v="asphalt"/>
  </way>
  <way id="376107897">
    <nd ref="1701728540"/>
    <nd ref="9966726896"/>
    <nd ref="9966726897"/>
    <nd ref="3767384105"/>
    <tag k="bicycle" v="use_sidepath"/>
    <tag k="dual_carriageway" v="yes"/>
    <tag k="foot" v="use_sidepath"/>
    <tag k="highway" v="secondary"/>
    <tag k="lanes" v="1"/>
    <tag k="lit" v="yes"/>
    <tag k="maxspeed" v="50"/>
    <tag k="name" v="Belgradstraße"/>
    <tag k="oneway" v="yes"/>
    <tag k="sidewalk:left" v="no"/>
    <tag k="sidewalk:right" v="separate"/>
    <tag k="surface" v="asphalt"/>
    <tag k="tmc" v="DE:30269/30270"/>
  </way>
  <way id="392104939">
    <nd ref="1701728524"/>
    <nd ref="3307665161"/>
    <nd ref="3307664661"/>
    <nd ref="1851814657"/>
    <tag k="class:bicycle" v="-2"/>
    <tag k="cycleway:both" v="no"/>
    <tag k="highway" v="residential"/>
    <tag k="lanes" v="2"/>
    <tag k="lit" v="yes"/>
    <tag k="maxspeed" v="50"/>
    <tag k="name" v="Herzogstraße"/>
    <tag k="name:etymology:wikidata" v="Q62280"/>
    <tag k="sidewalk" v="both"/>
    <tag k="surface" v="asphalt"/>
  </way>
  <way id="392104943">
    <nd ref="1562853073"/>
    <nd ref="3050624441"/>
    <nd ref="2495053356"/>
    <nd ref="2495053291"/>
    <nd ref="21558309"/>
    <nd ref="2502762482"/>
    <nd ref="13807990604"/>
    <tag k="class:bicycle" v="-2"/>
    <tag k="cycleway:both" v="no"/>
    <tag k="foot" v="use_sidepath"/>
    <tag k="highway" v="tertiary"/>
    <tag k="lanes" v="2"/>
    <tag k="lit" v="yes"/>
    <tag k="maxspeed" v="50"/>
    <tag k="name" v="Hohenzollernstraße"/>
    <tag k="name:etymology:wikidata" v="Q83969"/>
    <tag k="sidewalk:both" v="separate"/>
    <tag k="sidewalk:both:surface" v="paving_stones"/>
    <tag k="smoothness" v="good"/>
    <tag k="source:maxspeed" v="DE:urban"/>
    <tag k="surface" v="asphalt"/>
  </way>
  <way id="392219838">
    <nd ref="3580090173"/>
    <nd ref="1679832027"/>
    <nd ref="9672700699"/>
    <nd ref="922831115"/>
    <nd ref="374110738"/>
    <tag k="check_date:cycleway" v="2026-02-03"/>
    <tag k="class:bicycle" v="-2"/>
    <tag k="cycleway:both" v="no"/>
    <tag k="foot" v="use_sidepath"/>
    <tag k="highway" v="secondary"/>
    <tag k="lanes" v="2"/>
    <tag k="lit" v="yes"/>
    <tag k="maxspeed" v="50"/>
    <tag k="name" v="Nordendstraße"/>
    <tag k="sidewalk" v="separate"/>
    <tag k="smoothness" v="excellent"/>
    <tag k="surface" v="asphalt"/>
  </way>
  <way id="421145355">
    <nd ref="4209636487"/>
    <nd ref="4209636482"/>
    <nd ref="13743122199"/>
    <nd ref="506827150"/>
    <nd ref="506827152"/>
    <nd ref="45310085"/>
    <tag k="bicycle" v="yes"/>
    <tag k="class:bicycle" v="1"/>
    <tag k="cycleway:both" v="no"/>
    <tag k="highway" v="residential"/>
    <tag k="lanes" v="2"/>
    <tag k="maxspeed" v="30"/>
    <tag k="name" v="Marschallstraße"/>
    <tag k="smoothness" v="good"/>
    <tag k="surface" v="asphalt"/>
  </way>
  <way id="421145356">
    <nd ref="4209636487"/>
    <nd ref="4209636488"/>
    <nd ref="4209636492"/>
    <nd ref="4209636498"/>
    <nd ref="4209636500"/>
    <nd ref="4209636501"/>
    <nd ref="4209636503"/>
    <tag k="bicycle" v="yes"/>
    <tag k="cycleway:both" v="separate"/>
    <tag k="highway" v="residential"/>
    <tag k="lanes" v="1"/>
    <tag k="lit" v="yes"/>
    <tag k="maxspeed" v="30"/>
    <tag k="name" v="Marschallstraße"/>
    <tag k="oneway" v="yes"/>
    <tag k="sidewalk:left" v="no"/>
    <tag k="sidewalk:right" v="separate"/>
    <tag k="smoothness" v="good"/>
    <tag k="surface" v="asphalt"/>
  </way>
  <way id="460247512">
    <nd ref="28092165"/>
    <nd ref="3392905426"/>
    <nd ref="13103639174"/>
    <nd ref="13103639173"/>
    <nd ref="1078797621"/>
    <tag k="bicycle" v="designated"/>
    <tag k="bicycle_road" v="yes"/>
    <tag k="class:bicycle" v="1"/>
    <tag k="highway" v="residential"/>
    <tag k="lanes" v="1"/>
    <tag k="lit" v="yes"/>
    <tag k="maxspeed" v="30"/>
    <tag k="name" v="Siegfriedstraße"/>
    <tag k="oneway" v="yes"/>
    <tag k="oneway:bicycle" v="no"/>
    <tag k="sidewalk" v="both"/>
    <tag k="smoothness" v="good"/>
    <tag k="source:maxspeed" v="DE:bicycle_road"/>
    <tag k="surface" v="asphalt"/>
    <tag k="traffic_sign" v="DE:244.1"/>
    <tag k="vehicle" v="yes"/>
  </way>
  <way id="539003782">
    <nd ref="5216312451"/>
    <nd ref="29861238"/>
    <tag k="bicycle" v="use_sidepath"/>
    <tag k="dual_carriageway" v="yes"/>
    <tag k="foot" v="use_sidepath"/>
    <tag k="highway" v="secondary"/>
    <tag k="lanes" v="2"/>
    <tag k="lit" v="yes"/>
    <tag k="maxspeed" v="50"/>
    <tag k="name" v="Ungererstraße"/>
    <tag k="name:etymology:wikidata" v="Q54556659"/>
    <tag k="oneway" v="yes"/>
    <tag k="sidewalk:left" v="no"/>
    <tag k="sidewalk:right" v="separate"/>
    <tag k="source:maxspeed" v="DE:urban"/>
    <tag k="surface" v="asphalt"/>
    <tag k="tmc" v="DE:30272/30273"/>
    <tag k="turn:lanes" v="through|right"/>
    <tag k="wikidata" v="Q21640196"/>
  </way>
  <way id="539003783">
    <nd ref="21092022"/>
    <nd ref="372802468"/>
    <nd ref="5216312451"/>
    <tag k="bicycle" v="use_sidepath"/>
    <tag k="dual_carriageway" v="yes"/>
    <tag k="foot" v="use_sidepath"/>
    <tag k="highway" v="secondary"/>
    <tag k="lanes" v="1"/>
    <tag k="lit" v="yes"/>
    <tag k="maxspeed" v="50"/>
    <tag k="name" v="Ungererstraße"/>
    <tag k="name:etymology:wikidata" v="Q54556659"/>
    <tag k="oneway" v="yes"/>
    <tag k="sidewalk:left" v="no"/>
    <tag k="sidewalk:right" v="separate"/>
    <tag k="source:maxspeed" v="DE:urban"/>
    <tag k="surface" v="asphalt"/>
    <tag k="tmc" v="DE:30272/30273"/>
    <tag k="wikidata" v="Q21640196"/>
  </way>
  <way id="540351567">
    <nd ref="1159881603"/>
    <nd ref="1679832062"/>
    <nd ref="1078797615"/>
    <tag k="check_date:cycleway" v="2025-04-26"/>
    <tag k="class:bicycle" v="-2"/>
    <tag k="cycleway:both" v="no"/>
    <tag k="highway" v="secondary"/>
    <tag k="lanes" v="1"/>
    <tag k="lit" v="yes"/>
    <tag k="maxspeed" v="50"/>
    <tag k="name" v="Kurfürstenplatz"/>
    <tag k="name:etymology:wikidata" v="Q57628"/>
    <tag k="oneway" v="yes"/>
    <tag k="smoothness" v="good"/>
    <tag k="source:maxspeed" v="DE:urban"/>
    <tag k="surface" v="asphalt"/>
  </way>
  <way id="540351572">
    <nd ref="11258809501"/>
    <nd ref="11258809500"/>
    <nd ref="11258809502"/>
    <nd ref="1703216471"/>
    <nd ref="1078797571"/>
    <nd ref="11258809503"/>
    <nd ref="11258809504"/>
    <nd ref="1703216475"/>
    <nd ref="11258809508"/>
    <nd ref="11258809505"/>
    <nd ref="11258809506"/>
    <nd ref="11258809507"/>
    <nd ref="1078797582"/>
    <tag k="class:bicycle" v="-2"/>
    <tag k="cycleway:both" v="no"/>
    <tag k="highway" v="secondary"/>
    <tag k="lanes" v="1"/>
    <tag k="lit" v="yes"/>
    <tag k="maxspeed" v="50"/>
    <tag k="name" v="Kurfürstenplatz"/>
    <tag k="name:etymology:wikidata" v="Q57628"/>
    <tag k="oneway" v="yes"/>
    <tag k="smoothness" v="excellent"/>
    <tag k="source:maxspeed" v="DE:urban"/>
    <tag k="surface" v="asphalt"/>
  </way>
  <way id="540351575">
    <nd ref="1078797527"/>
    <nd ref="11258809501"/>
    <tag k="check_date:cycleway" v="2022-01-31"/>
    <tag k="cycleway:right" v="no"/>
    <tag k="highway" v="secondary"/>
    <tag k="lanes" v="2"/>
    <tag k="lit" v="yes"/>
    <tag k="maxspeed" v="50"/>
    <tag k="name" v="Kurfürstenplatz"/>
    <tag k="name:etymology:wikidata" v="Q57628"/>
    <tag k="oneway" v="yes"/>
    <tag k="surface" v="asphalt"/>
    <tag k="turn:lanes" v="left|right"/>
  </way>
  <way id="611296191">
    <nd ref="371644475"/>
    <nd ref="27154468"/>
    <tag k="class:bicycle" v="-1"/>
    <tag k="highway" v="residential"/>
    <tag k="lit" v="yes"/>
    <tag k="maxspeed" v="30"/>
    <tag k="name" v="Nikolaistraße"/>
    <tag k="sidewalk:left" v="no"/>
    <tag k="sidewalk:right" v="separate"/>
    <tag k="surface" v="asphalt"/>
  </way>
  <way id="831762506">
    <nd ref="1680006268"/>
    <nd ref="2280537511"/>
    <nd ref="11258809476"/>
    <nd ref="11258809475"/>
    <nd ref="11258809474"/>
    <nd ref="11258809473"/>
    <nd ref="3242684217"/>
    <nd ref="11258802017"/>
    <nd ref="11258802016"/>
    <nd ref="1159881603"/>
    <tag k="class:bicycle" v="-2"/>
    <tag k="cycleway:both" v="no"/>
    <tag k="highway" v="secondary"/>
    <tag k="lanes" v="2"/>
    <tag k="lit" v="yes"/>
    <tag k="maxspeed" v="50"/>
    <tag k="name" v="Kurfürstenplatz"/>
    <tag k="name:etymology:wikidata" v="Q57628"/>
    <tag k="oneway" v="yes"/>
    <tag k="sidewalk:left" v="yes"/>
    <tag k="sidewalk:left:surface" v="paving_stones"/>
    <tag k="sidewalk:right" v="separate"/>
    <tag k="smoothness" v="good"/>
    <tag k="source:maxspeed" v="DE:urban"/>
    <tag k="surface" v="asphalt"/>
    <tag k="turn:lanes" v="left|none"/>
  </way>
  <way id="851153416">
    <nd ref="38151028"/>
    <nd ref="13741250727"/>
    <nd ref="28092166"/>
    <nd ref="13741250731"/>
    <nd ref="38158003"/>
    <nd ref="9991554933"/>
    <nd ref="866123048"/>
    <nd ref="9991554932"/>
    <nd ref="2836569231"/>
    <nd ref="2836569213"/>
    <nd ref="13681161215"/>
    <nd ref="2280545532"/>
    <tag k="bicycle" v="designated"/>
    <tag k="bicycle_road" v="yes"/>
    <tag k="class:bicycle" v="1"/>
    <tag k="highway" v="residential"/>
    <tag k="lit" v="yes"/>
    <tag k="maxspeed" v="30"/>
    <tag k="motor_vehicle" v="yes"/>
    <tag k="name" v="Clemensstraße"/>
    <tag k="name:etymology:wikidata" v="Q215086"/>
    <tag k="note" v="Fahrradstraße"/>
    <tag k="oneway" v="no"/>
    <tag k="parking:left" v="yes"/>
    <tag k="parking:left:orientation" v="parallel"/>
    <tag k="parking:right" v="yes"/>
    <tag k="parking:right:orientation" v="diagonal"/>
    <tag k="sidewalk" v="both"/>
    <tag k="smoothness" v="good"/>
    <tag k="source:width" v="ARCore"/>
    <tag k="surface" v="asphalt"/>
    <tag k="traffic_sign" v="DE:244.1"/>
    <tag k="width" v="5"/>
  </way>
  <way id="911252587">
    <nd ref="3569802606"/>
    <nd ref="2962877948"/>
    <nd ref="1701847425"/>
    <tag k="access:lanes" v="psv|yes|yes|yes"/>
    <tag k="bicycle" v="use_sidepath"/>
    <tag k="foot" v="use_sidepath"/>
    <tag k="highway" v="secondary"/>
    <tag k="lanes" v="4"/>
    <tag k="lit" v="yes"/>
    <tag k="maxspeed" v="30"/>
    <tag k="name" v="Leopoldstraße"/>
    <tag k="name:etymology:wikidata" v="Q61015"/>
    <tag k="oneway" v="yes"/>
    <tag k="parking:lane:right:parallel" v="painted_area_only"/>
    <tag k="parking:left" v="no"/>
    <tag k="parking:right" v="yes"/>
    <tag k="parking:right:orientation" v="parallel"/>
    <tag k="sidewalk:left" v="no"/>
    <tag k="sidewalk:right" v="separate"/>
    <tag k="surface" v="asphalt"/>
    <tag k="tmc" v="DE:27948/46572"/>
    <tag k="wikidata" v="Q877933"/>
    <tag k="wikipedia" v="de:Leopoldstraße"/>
  </way>
  <way id="911252588">
    <nd ref="6578727"/>
    <nd ref="8461370942"/>
    <tag k="access:lanes" v="psv|yes|yes|yes"/>
    <tag k="bicycle" v="use_sidepath"/>
    <tag k="foot" v="use_sidepath"/>
    <tag k="highway" v="secondary"/>
    <tag k="lanes" v="4"/>
    <tag k="lit" v="yes"/>
    <tag k="maxspeed" v="30"/>
    <tag k="name" v="Leopoldstraße"/>
    <tag k="name:etymology:wikidata" v="Q61015"/>
    <tag k="oneway" v="yes"/>
    <tag k="sidewalk:left" v="no"/>
    <tag k="sidewalk:right" v="separate"/>
    <tag k="smoothness" v="good"/>
    <tag k="surface" v="asphalt"/>
    <tag k="tmc" v="DE:27948/46572"/>
    <tag k="wikidata" v="Q877933"/>
    <tag k="wikipedia" v="de:Leopoldstraße"/>
  </way>
  <way id="1126240264">
    <nd ref="27154457"/>
    <nd ref="1078797581"/>
    <nd ref="2518516427"/>
    <nd ref="27154458"/>
    <tag k="class:bicycle" v="-1"/>
    <tag k="cycleway:both" v="no"/>
    <tag k="highway" v="residential"/>
    <tag k="lit" v="yes"/>
    <tag k="maxspeed" v="30"/>
    <tag k="name" v="Nikolaistraße"/>
    <tag k="surface" v="asphalt"/>
  </way>
  <way id="1335131482">
    <nd ref="12351884628"/>
    <nd ref="27479770"/>
    <tag k="class:bicycle" v="-1"/>
    <tag k="cycleway:both" v="no"/>
    <tag k="highway" v="residential"/>
    <tag k="lit" v="yes"/>
    <tag k="maxspeed" v="30"/>
    <tag k="name" v="Friedrichstraße"/>
    <tag k="parking:condition:both" v="ticket"/>
    <tag k="parking:condition:both:residents" v="Schwabing Mitte"/>
    <tag k="parking:left" v="yes"/>
    <tag k="parking:left:orientation" v="parallel"/>
    <tag k="parking:right" v="yes"/>
    <tag k="parking:right:orientation" v="perpendicular"/>
    <tag k="sidewalk" v="both"/>
    <tag k="sidewalk:both:surface" v="paving_stones"/>
    <tag k="smoothness" v="good"/>
    <tag k="surface" v="asphalt"/>
  </way>
  <way id="1365005203">
    <nd ref="38152434"/>
    <nd ref="6681354539"/>
    <nd ref="6681354527"/>
    <nd ref="324229250"/>
    <nd ref="1115606411"/>
    <tag k="class:bicycle" v="1"/>
    <tag k="highway" v="residential"/>
    <tag k="lit" v="yes"/>
    <tag k="maxspeed" v="30"/>
    <tag k="name" v="Ansprengerstraße"/>
    <tag k="oneway" v="yes"/>
    <tag k="oneway:bicycle" v="no"/>
    <tag k="parking:both" v="yes"/>
    <tag k="parking:both:orientation" v="parallel"/>
    <tag k="sidewalk" v="yes"/>
    <tag k="smoothness" v="good"/>
    <tag k="surface" v="asphalt"/>
  </way>
  <way id="1374973470">
    <nd ref="2481363135"/>
    <nd ref="12730737266"/>
    <tag k="cycleway:both" v="no"/>
    <tag k="highway" v="residential"/>
    <tag k="maxspeed" v="30"/>
    <tag k="name" v="Ainmillerstraße"/>
    <tag k="parking:left" v="yes"/>
    <tag k="parking:left:orientation" v="diagonal"/>
    <tag k="parking:right" v="yes"/>
    <tag k="parking:right:orientation" v="parallel"/>
    <tag k="sidewalk" v="both"/>
    <tag k="sidewalk:both:surface" v="paving_stones"/>
    <tag k="smoothness" v="bad"/>
    <tag k="surface" v="asphalt"/>
  </way>
  <way id="1384165913">
    <nd ref="12815504333"/>
    <nd ref="28092163"/>
    <tag k="bicycle" v="yes"/>
    <tag k="class:bicycle" v="-2"/>
    <tag k="cycleway:both" v="no"/>
    <tag k="foot" v="use_sidepath"/>
    <tag k="highway" v="secondary"/>
    <tag k="lanes" v="2"/>
    <tag k="lit" v="yes"/>
    <tag k="maxspeed" v="50"/>
    <tag k="name" v="Belgradstraße"/>
    <tag k="sidewalk:both" v="separate"/>
    <tag k="smoothness" v="good"/>
    <tag k="surface" v="asphalt"/>
    <tag k="tmc" v="DE:30269/30270"/>
  </way>
  <way id="1385740416">
    <nd ref="12829938405"/>
    <nd ref="1701728529"/>
    <tag k="bicycle" v="yes"/>
    <tag k="class:bicycle" v="-2"/>
    <tag k="cycleway:left" v="separate"/>
    <tag k="cycleway:right" v="no"/>
    <tag k="foot" v="use_sidepath"/>
    <tag k="highway" v="secondary"/>
    <tag k="lanes" v="2"/>
    <tag k="lit" v="yes"/>
    <tag k="maxspeed" v="50"/>
    <tag k="name" v="Belgradstraße"/>
    <tag k="parking:both" v="yes"/>
    <tag k="parking:both:orientation" v="parallel"/>
    <tag k="sidewalk:both" v="separate"/>
    <tag k="smoothness" v="good"/>
    <tag k="surface" v="asphalt"/>
    <tag k="tmc" v="DE:30269/30270"/>
  </way>
  <way id="1385740417">
    <nd ref="12829938406"/>
    <nd ref="12829938405"/>
    <tag k="bicycle" v="yes"/>
    <tag k="class:bicycle" v="-2"/>
    <tag k="cycleway:left" v="lane"/>
    <tag k="cycleway:left:lane" v="exclusive"/>
    <tag k="cycleway:right" v="no"/>
    <tag k="foot" v="use_sidepath"/>
    <tag k="highway" v="secondary"/>
    <tag k="lanes" v="2"/>
    <tag k="lit" v="yes"/>
    <tag k="maxspeed" v="50"/>
    <tag k="name" v="Belgradstraße"/>
    <tag k="parking:both" v="yes"/>
    <tag k="parking:both:orientation" v="parallel"/>
    <tag k="sidewalk:both" v="separate"/>
    <tag k="smoothness" v="good"/>
    <tag k="surface" v="asphalt"/>
    <tag k="tmc" v="DE:30269/30270"/>
  </way>
  <way id="1418737428">
    <nd ref="13037926629"/>
    <nd ref="27742558"/>
    <tag k="bicycle" v="yes"/>
    <tag k="class:bicycle" v="1"/>
    <tag k="cycleway:both" v="no"/>
    <tag k="highway" v="residential"/>
    <tag k="lit" v="yes"/>
    <tag k="maxspeed" v="30"/>
    <tag k="name" v="Kaiserstraße"/>
    <tag k="postal_code" v="80801"/>
    <tag k="sidewalk" v="both"/>
    <tag k="sidewalk:both:surface" v="paving_stones"/>
    <tag k="smoothness" v="good"/>
    <tag k="surface" v="asphalt"/>
  </way>
  <way id="1418737429">
    <nd ref="13037895978"/>
    <nd ref="13712247861"/>
    <nd ref="800203818"/>
    <tag k="bicycle" v="yes"/>
    <tag k="class:bicycle" v="1"/>
    <tag k="cycleway:both" v="no"/>
    <tag k="highway" v="residential"/>
    <tag k="lit" v="yes"/>
    <tag k="maxspeed" v="30"/>
    <tag k="name" v="Kaiserstraße"/>
    <tag k="parking:both" v="yes"/>
    <tag k="parking:both:orientation" v="parallel"/>
    <tag k="parking:condition:both" v="ticket"/>
    <tag k="parking:condition:both:residents" v="Schwabing Mitte"/>
    <tag k="postal_code" v="80801"/>
    <tag k="sidewalk" v="both"/>
    <tag k="sidewalk:left:surface" v="paving_stones"/>
    <tag k="sidewalk:right:surface" v="sett"/>
    <tag k="smoothness" v="good"/>
    <tag k="surface" v="asphalt"/>
  </way>
  <way id="1420377549">
    <nd ref="2584356329"/>
    <nd ref="27479770"/>
    <tag k="class:bicycle" v="-2"/>
    <tag k="cycleway:both" v="no"/>
    <tag k="highway" v="tertiary"/>
    <tag k="lanes" v="2"/>
    <tag k="lit" v="yes"/>
    <tag k="maxspeed" v="50"/>
    <tag k="name" v="Hohenzollernstraße"/>
    <tag k="name:etymology:wikidata" v="Q83969"/>
    <tag k="sidewalk" v="both"/>
    <tag k="sidewalk:both:surface" v="paving_stones"/>
    <tag k="smoothness" v="good"/>
    <tag k="surface" v="asphalt"/>
    <tag k="turn:lanes" v="left|right"/>
  </way>
  <way id="1420661327">
    <nd ref="13051886611"/>
    <nd ref="27154122"/>
    <tag k="bicycle" v="use_sidepath"/>
    <tag k="foot" v="use_sidepath"/>
    <tag k="highway" v="secondary"/>
    <tag k="lanes" v="5"/>
    <tag k="lanes:forward" v="3"/>
    <tag k="lit" v="yes"/>
    <tag k="maxspeed" v="30"/>
    <tag k="name" v="Leopoldstraße"/>
    <tag k="name:etymology:wikidata" v="Q61015"/>
    <tag k="psv" v="yes"/>
    <tag k="sidewalk" v="separate"/>
    <tag k="smoothness" v="good"/>
    <tag k="surface" v="asphalt"/>
    <tag k="tmc" v="DE:46571/27948"/>
    <tag k="turn:lanes:forward" v="left|none|none"/>
    <tag k="wikidata" v="Q877933"/>
    <tag k="wikipedia" v="de:Leopoldstraße"/>
  </way>
  <way id="1420661328">
    <nd ref="1955586"/>
    <nd ref="1078797551"/>
    <nd ref="21092020"/>
    <tag k="bicycle" v="use_sidepath"/>
    <tag k="foot" v="use_sidepath"/>
    <tag k="highway" v="secondary"/>
    <tag k="lanes" v="3"/>
    <tag k="lit" v="yes"/>
    <tag k="maxspeed" v="30"/>
    <tag k="name" v="Leopoldstraße"/>
    <tag k="name:etymology:wikidata" v="Q61015"/>
    <tag k="oneway" v="yes"/>
    <tag k="psv" v="yes"/>
    <tag k="sidewalk:left" v="no"/>
    <tag k="sidewalk:right" v="separate"/>
    <tag k="surface" v="asphalt"/>
    <tag k="tmc" v="DE:46571/27948"/>
    <tag k="turn:lanes" v="left|through|through;right"/>
    <tag k="wikidata" v="Q877933"/>
    <tag k="wikipedia" v="de:Leopoldstraße"/>
  </way>
  <way id="1421968417">
    <nd ref="1452950503"/>
    <nd ref="13677180760"/>
    <nd ref="13677180757"/>
    <nd ref="1452374268"/>
    <tag k="bicycle" v="use_sidepath"/>
    <tag k="foot" v="use_sidepath"/>
    <tag k="highway" v="secondary"/>
    <tag k="lanes" v="3"/>
    <tag k="lit" v="yes"/>
    <tag k="maxspeed" v="30"/>
    <tag k="name" v="Leopoldstraße"/>
    <tag k="name:etymology:wikidata" v="Q61015"/>
    <tag k="oneway" v="yes"/>
    <tag k="placement" v="transition"/>
    <tag k="sidewalk:left" v="no"/>
    <tag k="sidewalk:right" v="separate"/>
    <tag k="surface" v="asphalt"/>
    <tag k="tmc" v="DE:46571/27948"/>
    <tag k="wikidata" v="Q877933"/>
    <tag k="wikipedia" v="de:Leopoldstraße"/>
  </way>
  <way id="1425572150">
    <nd ref="27154468"/>
    <nd ref="3953447071"/>
    <tag k="bicycle" v="use_sidepath"/>
    <tag k="foot" v="use_sidepath"/>
    <tag k="highway" v="secondary"/>
    <tag k="lanes" v="2"/>
    <tag k="lit" v="yes"/>
    <tag k="maxspeed" v="30"/>
    <tag k="name" v="Leopoldstraße"/>
    <tag k="name:etymology:wikidata" v="Q61015"/>
    <tag k="oneway" v="yes"/>
    <tag k="placement" v="transition"/>
    <tag k="psv" v="yes"/>
    <tag k="sidewalk:left" v="no"/>
    <tag k="sidewalk:right" v="separate"/>
    <tag k="surface" v="asphalt"/>
    <tag k="tmc" v="DE:46571/27948"/>
    <tag k="wikidata" v="Q877933"/>
    <tag k="wikipedia" v="de:Leopoldstraße"/>
  </way>
  <way id="1425572151">
    <nd ref="3953447073"/>
    <nd ref="27154468"/>
    <tag k="bicycle" v="use_sidepath"/>
    <tag k="foot" v="use_sidepath"/>
    <tag k="highway" v="secondary"/>
    <tag k="lanes" v="3"/>
    <tag k="lit" v="yes"/>
    <tag k="maxspeed" v="30"/>
    <tag k="name" v="Leopoldstraße"/>
    <tag k="name:etymology:wikidata" v="Q61015"/>
    <tag k="oneway" v="yes"/>
    <tag k="placement" v="transition"/>
    <tag k="sidewalk:left" v="no"/>
    <tag k="sidewalk:right" v="separate"/>
    <tag k="surface" v="asphalt"/>
    <tag k="tmc" v="DE:46571/27948"/>
    <tag k="turn:lanes" v="through|through|right"/>
    <tag k="wikidata" v="Q877933"/>
    <tag k="wikipedia" v="de:Leopoldstraße"/>
  </way>
  <way id="1425572152">
    <nd ref="27154122"/>
    <nd ref="13103603172"/>
    <tag k="bicycle" v="use_sidepath"/>
    <tag k="foot" v="use_sidepath"/>
    <tag k="highway" v="secondary"/>
    <tag k="lanes" v="5"/>
    <tag k="lanes:forward" v="3"/>
    <tag k="lit" v="yes"/>
    <tag k="maxspeed" v="30"/>
    <tag k="name" v="Leopoldstraße"/>
    <tag k="name:etymology:wikidata" v="Q61015"/>
    <tag k="psv" v="yes"/>
    <tag k="sidewalk" v="separate"/>
    <tag k="surface" v="asphalt"/>
    <tag k="tmc" v="DE:46571/27948"/>
    <tag k="turn:lanes:forward" v="left||"/>
    <tag k="wikidata" v="Q877933"/>
    <tag k="wikipedia" v="de:Leopoldstraße"/>
  </way>
  <way id="1425768051">
    <nd ref="1404411555"/>
    <nd ref="13103603174"/>
    <tag k="access:lanes:forward" v="||no"/>
    <tag k="class:bicycle" v="1"/>
    <tag k="cycleway:left" v="separate"/>
    <tag k="cycleway:right" v="no"/>
    <tag k="foot" v="use_sidepath"/>
    <tag k="highway" v="residential"/>
    <tag k="lanes" v="3"/>
    <tag k="lanes:forward" v="2"/>
    <tag k="lit" v="yes"/>
    <tag k="maxspeed" v="50"/>
    <tag k="name" v="Herzogstraße"/>
    <tag k="name:etymology:wikidata" v="Q62280"/>
    <tag k="psv:lanes:forward" v="||designated"/>
    <tag k="sidewalk:both" v="separate"/>
    <tag k="smoothness" v="good"/>
    <tag k="surface" v="asphalt"/>
    <tag k="turn:lanes:forward" v="left|through;right|"/>
  </way>
  <node id="27735972" lat="48.1589535" lon="11.5734981"/>
  <node id="1954313" lat="48.1577427" lon="11.5771038"/>
  <node id="1954316" lat="48.1578142" lon="11.5798864"/>
  <node id="1954323" lat="48.1590220" lon="11.5771884"/>
  <node id="1955518" lat="48.1576656" lon="11.5756928"/>
  <node id="27735971" lat="48.1587982" lon="11.5748638"/>
  <node id="27735973" lat="48.1588555" lon="11.5740818"/>
  <node id="27735974" lat="48.1588180" lon="11.5744534"/>
  <node id="374110738" lat="48.1576441" lon="11.5749910"/>
  <node id="416078808" lat="48.1578997" lon="11.5799042"/>
  <node id="440222919" lat="48.1590808" lon="11.5748408"/>
  <node id="922831067" lat="48.1578322" lon="11.5770884"/>
  <node id="922831115" lat="48.1577144" lon="11.5749821"/>
  <node id="967091775" lat="48.1577514" lon="11.5756756"/>
  <node id="1078797555" lat="48.1582069" lon="11.5770576"/>
  <node id="1249710063" lat="48.1591062" lon="11.5748387"/>
  <node id="1249710076" lat="48.1588866" lon="11.5738716"/>
  <node id="1679832027" lat="48.1579131" lon="11.5749583"/>
  <node id="1679832033" lat="48.1587989" lon="11.5748414"/>
  <node id="1918378851" lat="48.1591116" lon="11.5754100"/>
  <node id="2481363135" lat="48.1588029" lon="11.5800517"/>
  <node id="2502762475" lat="48.1589164" lon="11.5786298"/>
  <node id="2502762477" lat="48.1590126" lon="11.5773162"/>
  <node id="2502762478" lat="48.1590294" lon="11.5770986"/>
  <node id="2584356321" lat="48.1588591" lon="11.5793852"/>
  <node id="2584356324" lat="48.1588888" lon="11.5790061"/>
  <node id="2827731321" lat="48.1582022" lon="11.5749196"/>
  <node id="2829430006" lat="48.1588380" lon="11.5742172"/>
  <node id="3580090173" lat="48.1580364" lon="11.5749372"/>
  <node id="3664786040" lat="48.1581866" lon="11.5799511"/>
  <node id="3664786046" lat="48.1584889" lon="11.5800004"/>
  <node id="5227653195" lat="48.1588028" lon="11.5747605"/>
  <node id="7430311134" lat="48.1581656" lon="11.5749232"/>
  <node id="9020447580" lat="48.1588742" lon="11.5791919"/>
  <node id="9672700699" lat="48.1578125" lon="11.5749702"/>
  <node id="9672733471" lat="48.1578201" lon="11.5756624"/>
  <node id="12730737266" lat="48.1587954" lon="11.5801858"/>
  <node id="13288414308" lat="48.1590634" lon="11.5748422"/>
  <node id="13288414320" lat="48.1585087" lon="11.5748909"/>
  <node id="13288414324" lat="48.1581335" lon="11.5749271"/>
  <node id="13773648690" lat="48.1589673" lon="11.5771795"/>
  <node id="13773648693" lat="48.1588904" lon="11.5800660"/>
  <node id="13773649103" lat="48.1590974" lon="11.5772001"/>
  <node id="13807990608" lat="48.1581219" lon="11.5770506"/>
  <node id="27154119" lat="48.1578770" lon="11.5859210"/>
  <node id="27154122" lat="48.1581818" lon="11.5848898"/>
  <node id="27154458" lat="48.1589128" lon="11.5865160"/>
  <node id="27154459" lat="48.1584807" lon="11.5862848"/>
  <node id="27154460" lat="48.1584182" lon="11.5867315"/>
  <node id="27479817" lat="48.1585948" lon="11.5829040"/>
  <node id="27487420" lat="48.1576326" lon="11.5826940"/>
  <node id="259833717" lat="48.1577878" lon="11.5803570"/>
  <node id="261063011" lat="48.1590486" lon="11.5860119"/>
  <node id="315972786" lat="48.1588779" lon="11.5852148"/>
  <node id="371644455" lat="48.1582289" lon="11.5847588"/>
  <node id="371652027" lat="48.1581393" lon="11.5850313"/>
  <node id="392954797" lat="48.1568623" lon="11.5865736"/>
  <node id="922831073" lat="48.1576989" lon="11.5827115"/>
  <node id="1078797548" lat="48.1570068" lon="11.5865403"/>
  <node id="1078797562" lat="48.1585152" lon="11.5867269"/>
  <node id="1078797581" lat="48.1588480" lon="11.5867575"/>
  <node id="1078797622" lat="48.1584107" lon="11.5865861"/>
  <node id="1078808647" lat="48.1585787" lon="11.5830287"/>
  <node id="1652860057" lat="48.1578768" lon="11.5803726"/>
  <node id="1842043029" lat="48.1590962" lon="11.5853198"/>
  <node id="1842043030" lat="48.1589724" lon="11.5852566"/>
  <node id="2036265386" lat="48.1584673" lon="11.5867134"/>
  <node id="2203963799" lat="48.1582468" lon="11.5846738"/>
  <node id="2242609945" lat="48.1581175" lon="11.5851051"/>
  <node id="2481363133" lat="48.1587689" lon="11.5805197"/>
  <node id="2493799993" lat="48.1586218" lon="11.5825844"/>
  <node id="2518516427" lat="48.1588837" lon="11.5866304"/>
  <node id="2518516428" lat="48.1584521" lon="11.5864036"/>
  <node id="3609157656" lat="48.1586877" lon="11.5863955"/>
  <node id="7276448433" lat="48.1586777" lon="11.5817994"/>
  <node id="13051886611" lat="48.1579379" lon="11.5847661"/>
  <node id="13103603172" lat="48.1585891" lon="11.5850830"/>
  <node id="13103603173" lat="48.1591084" lon="11.5853254"/>
  <node id="13678887810" lat="48.1574245" lon="11.5867266"/>
  <node id="13678887813" lat="48.1572604" lon="11.5866534"/>
  <node id="27479859" lat="48.1627236" lon="11.5725786"/>
  <node id="27741695" lat="48.1649069" lon="11.5713303"/>
  <node id="27741697" lat="48.1647823" lon="11.5723252"/>
  <node id="27741721" lat="48.1650432" lon="11.5697682"/>
  <node id="28092169" lat="48.1638538" lon="11.5714026"/>
  <node id="2604478063" lat="48.1649356" lon="11.5710026"/>
  <node id="2604732898" lat="48.1649719" lon="11.5705880"/>
  <node id="2858941713" lat="48.1648983" lon="11.5713946"/>
  <node id="3424844517" lat="48.1649518" lon="11.5708181"/>
  <node id="3685743453" lat="48.1647690" lon="11.5724186"/>
  <node id="10840415247" lat="48.1648497" lon="11.5717703"/>
  <node id="1955520" lat="48.1591582" lon="11.5754019"/>
  <node id="1955522" lat="48.1603464" lon="11.5750509"/>
  <node id="7983340" lat="48.1618754" lon="11.5797926"/>
  <node id="18575308" lat="48.1596478" lon="11.5748825"/>
  <node id="21543939" lat="48.1604617" lon="11.5739673"/>
  <node id="21558309" lat="48.1601714" lon="11.5772022"/>
  <node id="21558310" lat="48.1637063" lon="11.5774417"/>
  <node id="21558311" lat="48.1627165" lon="11.5776127"/>
  <node id="27479854" lat="48.1626781" lon="11.5771601"/>
  <node id="27742333" lat="48.1612939" lon="11.5775672"/>
  <node id="27742468" lat="48.1620235" lon="11.5775857"/>
  <node id="27742558" lat="48.1611304" lon="11.5796665"/>
  <node id="28090410" lat="48.1620755" lon="11.5798207"/>
  <node id="28092161" lat="48.1618290" lon="11.5748415"/>
  <node id="28092163" lat="48.1611376" lon="11.5749581"/>
  <node id="28092166" lat="48.1636436" lon="11.5769816"/>
  <node id="28092168" lat="48.1639629" lon="11.5794833"/>
  <node id="38140637" lat="48.1646476" lon="11.5760066"/>
  <node id="38140638" lat="48.1647302" lon="11.5770174"/>
  <node id="38141007" lat="48.1648136" lon="11.5779981"/>
  <node id="38141009" lat="48.1649463" lon="11.5794168"/>
  <node id="38148611" lat="48.1649288" lon="11.5793309"/>
  <node id="38151028" lat="48.1636748" lon="11.5772108"/>
  <node id="38158003" lat="48.1635785" lon="11.5762372"/>
  <node id="262685662" lat="48.1635162" lon="11.5741853"/>
  <node id="298608001" lat="48.1646159" lon="11.5757251"/>
  <node id="371634670" lat="48.1603885" lon="11.5747098"/>
  <node id="638765713" lat="48.1645107" lon="11.5742292"/>
  <node id="667321236" lat="48.1611502" lon="11.5750651"/>
  <node id="667321239" lat="48.1603231" lon="11.5752278"/>
  <node id="667321240" lat="48.1603153" lon="11.5750016"/>
  <node id="667321243" lat="48.1618354" lon="11.5749287"/>
  <node id="667321260" lat="48.1634847" lon="11.5744282"/>
  <node id="673998817" lat="48.1626256" lon="11.5776052"/>
  <node id="675088780" lat="48.1591603" lon="11.5755132"/>
  <node id="800203786" lat="48.1611055" lon="11.5800954"/>
  <node id="866123048" lat="48.1635376" lon="11.5757692"/>
  <node id="983179157" lat="48.1596878" lon="11.5772920"/>
  <node id="1078797514" lat="48.1595111" lon="11.5753301"/>
  <node id="1078797527" lat="48.1596165" lon="11.5749782"/>
  <node id="1078797560" lat="48.1596202" lon="11.5750714"/>
  <node id="1078797571" lat="48.1596797" lon="11.5752048"/>
  <node id="1078797582" lat="48.1597849" lon="11.5752776"/>
  <node id="1078797596" lat="48.1596038" lon="11.5751794"/>
  <node id="1078797615" lat="48.1594335" lon="11.5748160"/>
  <node id="1159881598" lat="48.1595845" lon="11.5749088"/>
  <node id="1159881603" lat="48.1597402" lon="11.5747876"/>
  <node id="1374436770" lat="48.1625064" lon="11.5743837"/>
  <node id="1404398534" lat="48.1627843" lon="11.5797223"/>
  <node id="1404398536" lat="48.1628675" lon="11.5799216"/>
  <node id="1474437275" lat="48.1593728" lon="11.5748187"/>
  <node id="1506391591" lat="48.1627260" lon="11.5778027"/>
  <node id="1562831828" lat="48.1624871" lon="11.5747112"/>
  <node id="1562831832" lat="48.1644980" lon="11.5743443"/>
  <node id="1562853073" lat="48.1603101" lon="11.5753513"/>
  <node id="1586637609" lat="48.1643308" lon="11.5780882"/>
  <node id="1645965282" lat="48.1602240" lon="11.5751886"/>
  <node id="1679832057" lat="48.1595185" lon="11.5748513"/>
  <node id="1679832062" lat="48.1595211" lon="11.5748092"/>
  <node id="1679832075" lat="48.1596811" lon="11.5748442"/>
  <node id="1679832077" lat="48.1602640" lon="11.5749293"/>
  <node id="1679832079" lat="48.1602943" lon="11.5749683"/>
  <node id="1680006248" lat="48.1604426" lon="11.5740658"/>
  <node id="1680006268" lat="48.1602011" lon="11.5748754"/>
  <node id="1680006274" lat="48.1602653" lon="11.5748116"/>
  <node id="1680006278" lat="48.1602813" lon="11.5748207"/>
  <node id="1680006280" lat="48.1602870" lon="11.5747621"/>
  <node id="1680006283" lat="48.1602889" lon="11.5748989"/>
  <node id="1680006290" lat="48.1603045" lon="11.5749560"/>
  <node id="1680006293" lat="48.1603156" lon="11.5749853"/>
  <node id="1680006296" lat="48.1603330" lon="11.5745006"/>
  <node id="1680006299" lat="48.1603663" lon="11.5748991"/>
  <node id="1680006305" lat="48.1603994" lon="11.5742702"/>
  <node id="1680006307" lat="48.1604332" lon="11.5743132"/>
  <node id="1693273956" lat="48.1648932" lon="11.5789903"/>
  <node id="1693399457" lat="48.1627624" lon="11.5800827"/>
  <node id="1701728524" lat="48.1624940" lon="11.5749752"/>
  <node id="1701728527" lat="48.1634617" lon="11.5745581"/>
  <node id="1701728528" lat="48.1634650" lon="11.5745393"/>
  <node id="1701728529" lat="48.1644995" lon="11.5743637"/>
  <node id="1701728530" lat="48.1645200" lon="11.5743384"/>
  <node id="1701728531" lat="48.1645691" lon="11.5742803"/>
  <node id="1701728532" lat="48.1645813" lon="11.5744072"/>
  <node id="1701728536" lat="48.1647382" lon="11.5742278"/>
  <node id="1703216450" lat="48.1596096" lon="11.5749585"/>
  <node id="1703216455" lat="48.1596114" lon="11.5751468"/>
  <node id="1703216469" lat="48.1596197" lon="11.5749564"/>
  <node id="1703216471" lat="48.1596694" lon="11.5751774"/>
  <node id="1703216475" lat="48.1597087" lon="11.5752502"/>
  <node id="1703216494" lat="48.1603363" lon="11.5750361"/>
  <node id="1703216497" lat="48.1602951" lon="11.5751423"/>
  <node id="1703216500" lat="48.1603396" lon="11.5750373"/>
  <node id="1703216505" lat="48.1603422" lon="11.5750822"/>
  <node id="1703216513" lat="48.1603482" lon="11.5750400"/>
  <node id="1703216542" lat="48.1604052" lon="11.5750605"/>
  <node id="1703216549" lat="48.1604461" lon="11.5750652"/>
  <node id="1703216560" lat="48.1604856" lon="11.5750685"/>
  <node id="1703216597" lat="48.1611411" lon="11.5749845"/>
  <node id="1703216604" lat="48.1618304" lon="11.5748644"/>
  <node id="1703216607" lat="48.1624861" lon="11.5747462"/>
  <node id="1703216622" lat="48.1634584" lon="11.5745768"/>
  <node id="1703216623" lat="48.1645011" lon="11.5743831"/>
  <node id="1703216626" lat="48.1645262" lon="11.5743773"/>
  <node id="1824126058" lat="48.1623924" lon="11.5747443"/>
  <node id="1851814657" lat="48.1626594" lon="11.5769610"/>
  <node id="2280537506" lat="48.1601759" lon="11.5752016"/>
  <node id="2280537511" lat="48.1601681" lon="11.5748578"/>
  <node id="2280545515" lat="48.1624906" lon="11.5748613"/>
  <node id="2280545532" lat="48.1634416" lon="11.5746713"/>
  <node id="2280545538" lat="48.1645102" lon="11.5744774"/>
  <node id="2280563832" lat="48.1634742" lon="11.5744874"/>
  <node id="2280563865" lat="48.1624946" lon="11.5745659"/>
  <node id="2481335050" lat="48.1597244" lon="11.5772977"/>
  <node id="2481335052" lat="48.1600900" lon="11.5783200"/>
  <node id="2483709351" lat="48.1608726" lon="11.5774957"/>
  <node id="2483709378" lat="48.1611897" lon="11.5787902"/>
  <node id="2483776374" lat="48.1593885" lon="11.5801474"/>
  <node id="2484948255" lat="48.1612967" lon="11.5774743"/>
  <node id="2484948262" lat="48.1612815" lon="11.5776781"/>
  <node id="2485085544" lat="48.1600536" lon="11.5788294"/>
  <node id="2485085549" lat="48.1600869" lon="11.5783634"/>
  <node id="2485185147" lat="48.1611499" lon="11.5793412"/>
  <node id="2495053291" lat="48.1602082" lon="11.5766936"/>
  <node id="2495053313" lat="48.1612427" lon="11.5766199"/>
  <node id="2495053356" lat="48.1602167" lon="11.5765807"/>
  <node id="2495190868" lat="48.1620228" lon="11.5774989"/>
  <node id="2495190869" lat="48.1620219" lon="11.5777072"/>
  <node id="2495339082" lat="48.1627108" lon="11.5775105"/>
  <node id="2495339083" lat="48.1627219" lon="11.5777303"/>
  <node id="2502762481" lat="48.1601489" lon="11.5774973"/>
  <node id="2502762482" lat="48.1601654" lon="11.5772855"/>
  <node id="2502842243" lat="48.1619391" lon="11.5761919"/>
  <node id="2502842247" lat="48.1619894" lon="11.5768775"/>
  <node id="2502930306" lat="48.1619642" lon="11.5787920"/>
  <node id="2503091009" lat="48.1599486" lon="11.5773325"/>
  <node id="2503091022" lat="48.1598023" lon="11.5773098"/>
  <node id="2584356329" lat="48.1599866" lon="11.5797653"/>
  <node id="2611129306" lat="48.1615511" lon="11.5797403"/>
  <node id="2677444958" lat="48.1611601" lon="11.5791844"/>
  <node id="2836569213" lat="48.1634980" lon="11.5753157"/>
  <node id="2836569231" lat="48.1635308" lon="11.5756914"/>
  <node id="2889697959" lat="48.1630934" lon="11.5775664"/>
  <node id="3022426836" lat="48.1655580" lon="11.5771153"/>
  <node id="3022426838" lat="48.1656005" lon="11.5789305"/>
  <node id="3022426839" lat="48.1656287" lon="11.5792412"/>
  <node id="3044120565" lat="48.1620067" lon="11.5783110"/>
  <node id="3044120587" lat="48.1627621" lon="11.5789911"/>
  <node id="3044120612" lat="48.1648760" lon="11.5786814"/>
  <node id="3044120613" lat="48.1649864" lon="11.5799110"/>
  <node id="3050624439" lat="48.1601142" lon="11.5779831"/>
  <node id="3050624441" lat="48.1602567" lon="11.5760051"/>
  <node id="3065699091" lat="48.1600127" lon="11.5794004"/>
  <node id="3065699120" lat="48.1627643" lon="11.5790638"/>
  <node id="3109102033" lat="48.1627503" lon="11.5786647"/>
  <node id="3109102135" lat="48.1627528" lon="11.5787192"/>
  <node id="3109102829" lat="48.1627419" lon="11.5784181"/>
  <node id="3109102830" lat="48.1627364" lon="11.5782353"/>
  <node id="3109103033" lat="48.1627352" lon="11.5781853"/>
  <node id="3109103038" lat="48.1622846" lon="11.5775965"/>
  <node id="3112875036" lat="48.1628128" lon="11.5776130"/>
  <node id="3124029893" lat="48.1632463" lon="11.5797815"/>
  <node id="3125501929" lat="48.1644095" lon="11.5760715"/>
  <node id="3125502630" lat="48.1644919" lon="11.5770526"/>
  <node id="3239382671" lat="48.1603009" lon="11.5746807"/>
  <node id="3239382674" lat="48.1603152" lon="11.5753047"/>
  <node id="3242684217" lat="48.1598955" lon="11.5747887"/>
  <node id="3307664661" lat="48.1625859" lon="11.5761076"/>
  <node id="3307665161" lat="48.1625805" lon="11.5760357"/>
  <node id="3516862359" lat="48.1647772" lon="11.5775947"/>
  <node id="3556420409" lat="48.1633798" lon="11.5745752"/>
  <node id="3556420412" lat="48.1635755" lon="11.5745387"/>
  <node id="3586755989" lat="48.1626033" lon="11.5747075"/>
  <node id="3953746971" lat="48.1626627" lon="11.5776075"/>
  <node id="3953746975" lat="48.1627238" lon="11.5777593"/>
  <node id="4738366487" lat="48.1609062" lon="11.5775012"/>
  <node id="4738366489" lat="48.1627036" lon="11.5774409"/>
  <node id="4956945180" lat="48.1638123" lon="11.5782447"/>
  <node id="5517234979" lat="48.1603750" lon="11.5748224"/>
  <node id="6397269625" lat="48.1600632" lon="11.5786944"/>
  <node id="6397269627" lat="48.1600667" lon="11.5786454"/>
  <node id="6397269637" lat="48.1601165" lon="11.5779501"/>
  <node id="7949372504" lat="48.1627620" lon="11.5746832"/>
  <node id="7949372505" lat="48.1622736" lon="11.5747635"/>
  <node id="9991554932" lat="48.1635334" lon="11.5757211"/>
  <node id="9991554933" lat="48.1635421" lon="11.5758203"/>
  <node id="11258801997" lat="48.1595936" lon="11.5752123"/>
  <node id="11258801998" lat="48.1596149" lon="11.5751208"/>
  <node id="11258801999" lat="48.1595827" lon="11.5752416"/>
  <node id="11258802000" lat="48.1595717" lon="11.5752684"/>
  <node id="11258802001" lat="48.1595566" lon="11.5752932"/>
  <node id="11258802002" lat="48.1595445" lon="11.5753078"/>
  <node id="11258802003" lat="48.1595313" lon="11.5753190"/>
  <node id="11258802004" lat="48.1595998" lon="11.5749336"/>
  <node id="11258802005" lat="48.1595701" lon="11.5748895"/>
  <node id="11258802006" lat="48.1595528" lon="11.5748734"/>
  <node id="11258802007" lat="48.1595340" lon="11.5748609"/>
  <node id="11258802008" lat="48.1594909" lon="11.5748375"/>
  <node id="11258802009" lat="48.1594691" lon="11.5748279"/>
  <node id="11258802010" lat="48.1596268" lon="11.5749309"/>
  <node id="11258802011" lat="48.1596344" lon="11.5749082"/>
  <node id="11258802012" lat="48.1596414" lon="11.5748927"/>
  <node id="11258802015" lat="48.1596604" lon="11.5748657"/>
  <node id="11258802016" lat="48.1598181" lon="11.5747841"/>
  <node id="11258802017" lat="48.1598588" lon="11.5747852"/>
  <node id="11258802021" lat="48.1602733" lon="11.5747948"/>
  <node id="11258802022" lat="48.1602549" lon="11.5748270"/>
  <node id="11258802023" lat="48.1602416" lon="11.5748426"/>
  <node id="11258802024" lat="48.1602259" lon="11.5748565"/>
  <node id="11258802025" lat="48.1602821" lon="11.5747999"/>
  <node id="11258802026" lat="48.1602818" lon="11.5748515"/>
  <node id="11258802027" lat="48.1602841" lon="11.5748718"/>
  <node id="11258802035" lat="48.1602801" lon="11.5749484"/>
  <node id="11258809440" lat="48.1602947" lon="11.5749239"/>
  <node id="11258809441" lat="48.1603000" lon="11.5749423"/>
  <node id="11258809472" lat="48.1603287" lon="11.5750154"/>
  <node id="11258809473" lat="48.1599602" lon="11.5747969"/>
  <node id="11258809474" lat="48.1600277" lon="11.5748102"/>
  <node id="11258809475" lat="48.1600868" lon="11.5748261"/>
  <node id="11258809476" lat="48.1601308" lon="11.5748408"/>
  <node id="11258809477" lat="48.1602367" lon="11.5749024"/>
  <node id="11258809478" lat="48.1602477" lon="11.5751785"/>
  <node id="11258809479" lat="48.1602722" lon="11.5751633"/>
  <node id="11258809481" lat="48.1603120" lon="11.5751196"/>
  <node id="11258809482" lat="48.1603288" lon="11.5750897"/>
  <node id="11258809485" lat="48.1603332" lon="11.5751512"/>
  <node id="11258809489" lat="48.1603485" lon="11.5744420"/>
  <node id="11258809490" lat="48.1603611" lon="11.5744024"/>
  <node id="11258809491" lat="48.1603757" lon="11.5743536"/>
  <node id="11258809492" lat="48.1604523" lon="11.5740155"/>
  <node id="11258809493" lat="48.1604042" lon="11.5742502"/>
  <node id="11258809494" lat="48.1603403" lon="11.5744718"/>
  <node id="11258809495" lat="48.1603868" lon="11.5743162"/>
  <node id="11258809496" lat="48.1604107" lon="11.5742232"/>
  <node id="11258809497" lat="48.1604516" lon="11.5740989"/>
  <node id="11258809498" lat="48.1604166" lon="11.5741949"/>
  <node id="11258809499" lat="48.1596178" lon="11.5750923"/>
  <node id="11258809500" lat="48.1596280" lon="11.5750242"/>
  <node id="11258809501" lat="48.1596204" lon="11.5749966"/>
  <node id="11258809502" lat="48.1596621" lon="11.5751532"/>
  <node id="11258809503" lat="48.1596871" lon="11.5752193"/>
  <node id="11258809504" lat="48.1596946" lon="11.5752319"/>
  <node id="11258809505" lat="48.1597357" lon="11.5752705"/>
  <node id="11258809506" lat="48.1597514" lon="11.5752758"/>
  <node id="11258809507" lat="48.1597684" lon="11.5752788"/>
  <node id="11258809508" lat="48.1597199" lon="11.5752603"/>
  <node id="11258809509" lat="48.1596213" lon="11.5750486"/>
  <node id="11258809510" lat="48.1596214" lon="11.5750234"/>
  <node id="11258809527" lat="48.1603821" lon="11.5747633"/>
  <node id="11258809528" lat="48.1604198" lon="11.5741790"/>
  <node id="11258809529" lat="48.1604691" lon="11.5750673"/>
  <node id="11258809534" lat="48.1604391" lon="11.5742443"/>
  <node id="11258809536" lat="48.1603334" lon="11.5750795"/>
  <node id="11258921445" lat="48.1605358" lon="11.5750627"/>
  <node id="11258921448" lat="48.1605165" lon="11.5750660"/>
  <node id="11970810713" lat="48.1591541" lon="11.5748347"/>
  <node id="12123063548" lat="48.1638159" lon="11.5782728"/>
  <node id="12124683386" lat="48.1638745" lon="11.5787157"/>
  <node id="12815504324" lat="48.1639619" lon="11.5794059"/>
  <node id="12815504325" lat="48.1639590" lon="11.5793577"/>
  <node id="12815504333" lat="48.1609648" lon="11.5749881"/>
  <node id="12829938405" lat="48.1643634" lon="11.5743895"/>
  <node id="12829938406" lat="48.1641728" lon="11.5744256"/>
  <node id="13037926629" lat="48.1611145" lon="11.5799483"/>
  <node id="13061562898" lat="48.1650218" lon="11.5770256"/>
  <node id="13681161215" lat="48.1634884" lon="11.5752059"/>
  <node id="13681187558" lat="48.1652696" lon="11.5758627"/>
  <node id="13681187559" lat="48.1650660" lon="11.5758971"/>
  <node id="13681373326" lat="48.1643246" lon="11.5794255"/>
  <node id="13681373328" lat="48.1643695" lon="11.5794181"/>
  <node id="13681536614" lat="48.1633966" lon="11.5797179"/>
  <node id="13681622260" lat="48.1620119" lon="11.5798106"/>
  <node id="13681622261" lat="48.1619652" lon="11.5787806"/>
  <node id="13681631407" lat="48.1627399" lon="11.5783503"/>
  <node id="13681644549" lat="48.1626018" lon="11.5798769"/>
  <node id="13681644550" lat="48.1624198" lon="11.5798557"/>
  <node id="13681701032" lat="48.1620078" lon="11.5782679"/>
  <node id="13681708915" lat="48.1619449" lon="11.5762712"/>
  <node id="13681708918" lat="48.1619420" lon="11.5762311"/>
  <node id="13684255232" lat="48.1616372" lon="11.5797542"/>
  <node id="13684255233" lat="48.1613448" lon="11.5797070"/>
  <node id="13703939655" lat="48.1594463" lon="11.5772544"/>
  <node id="13704493993" lat="48.1594892" lon="11.5772611"/>
  <node id="13707561342" lat="48.1627038" lon="11.5798960"/>
  <node id="13709655059" lat="48.1627833" lon="11.5797756"/>
  <node id="13710879601" lat="48.1629417" lon="11.5799053"/>
  <node id="13710879603" lat="48.1639018" lon="11.5795113"/>
  <node id="13710879604" lat="48.1640409" lon="11.5794687"/>
  <node id="13710879605" lat="48.1639610" lon="11.5798407"/>
  <node id="13712247862" lat="48.1611087" lon="11.5800432"/>
  <node id="13721348080" lat="48.1619710" lon="11.5787099"/>
  <node id="13723831370" lat="48.1619985" lon="11.5784026"/>
  <node id="13725549394" lat="48.1604353" lon="11.5774200"/>
  <node id="13726089032" lat="48.1636253" lon="11.5774582"/>
  <node id="13726089034" lat="48.1635874" lon="11.5769920"/>
  <node id="13726089051" lat="48.1627791" lon="11.5771414"/>
  <node id="13740348502" lat="48.1634832" lon="11.5796813"/>
  <node id="13740348519" lat="48.1635094" lon="11.5796702"/>
  <node id="13740348523" lat="48.1636047" lon="11.5796299"/>
  <node id="13740486104" lat="48.1655691" lon="11.5789319"/>
  <node id="13740486136" lat="48.1654236" lon="11.5789381"/>
  <node id="13740486167" lat="48.1652128" lon="11.5789539"/>
  <node id="13740576891" lat="48.1649924" lon="11.5789790"/>
  <node id="13740705314" lat="48.1649941" lon="11.5793391"/>
  <node id="13740705316" lat="48.1648201" lon="11.5780696"/>
  <node id="13740705317" lat="48.1649194" lon="11.5792410"/>
  <node id="13741128820" lat="48.1639623" lon="11.5796039"/>
  <node id="13741128838" lat="48.1640283" lon="11.5794711"/>
  <node id="13741128839" lat="48.1638872" lon="11.5795171"/>
  <node id="13741209740" lat="48.1638748" lon="11.5782258"/>
  <node id="13741209742" lat="48.1637404" lon="11.5771981"/>
  <node id="13741209755" lat="48.1646543" lon="11.5760914"/>
  <node id="13741209770" lat="48.1647152" lon="11.5759619"/>
  <node id="13741209771" lat="48.1646156" lon="11.5760278"/>
  <node id="13741209772" lat="48.1646809" lon="11.5759762"/>
  <node id="13741225745" lat="48.1650031" lon="11.5793377"/>
  <node id="13741225746" lat="48.1649489" lon="11.5794487"/>
  <node id="13741225747" lat="48.1648787" lon="11.5793387"/>
  <node id="13741250716" lat="48.1646935" lon="11.5757110"/>
  <node id="13741250717" lat="48.1648149" lon="11.5770198"/>
  <node id="13741250718" lat="48.1647208" lon="11.5769034"/>
  <node id="13741250719" lat="48.1646734" lon="11.5770258"/>
  <node id="13741250721" lat="48.1647392" lon="11.5771278"/>
  <node id="13741250723" lat="48.1648069" lon="11.5779242"/>
  <node id="13741250725" lat="48.1647504" lon="11.5780099"/>
  <node id="13741250727" lat="48.1636644" lon="11.5771345"/>
  <node id="13741250729" lat="48.1637154" lon="11.5775103"/>
  <node id="13741250731" lat="48.1635846" lon="11.5763072"/>
  <node id="13741326549" lat="48.1620692" lon="11.5799084"/>
  <node id="13741331257" lat="48.1612233" lon="11.5796841"/>
  <node id="13741376712" lat="48.1602243" lon="11.5773844"/>
  <node id="13741376715" lat="48.1600873" lon="11.5773586"/>
  <node id="13773649111" lat="48.1612129" lon="11.5775534"/>
  <node id="13807982498" lat="48.1627669" lon="11.5800382"/>
  <node id="13807982499" lat="48.1627793" lon="11.5799077"/>
  <node id="13807982500" lat="48.1629158" lon="11.5799110"/>
  <node id="13807990601" lat="48.1626740" lon="11.5798898"/>
  <node id="13807990602" lat="48.1626027" lon="11.5776046"/>
  <node id="13807990604" lat="48.1601579" lon="11.5773719"/>
  <node id="13807990605" lat="48.1601448" lon="11.5775542"/>
  <node id="13807990606" lat="48.1602649" lon="11.5773913"/>
  <node id="13807990607" lat="48.1600415" lon="11.5773500"/>
  <node id="13807990609" lat="48.1624868" lon="11.5747288"/>
  <node id="13807990610" lat="48.1624979" lon="11.5745146"/>
  <node id="13807990611" lat="48.1623654" lon="11.5747487"/>
  <node id="13807990612" lat="48.1626503" lon="11.5747003"/>
  <node id="13840752610" lat="48.1639677" lon="11.5802070"/>
  <node id="13850375981" lat="48.1611466" lon="11.5793970"/>
  <node id="13850375987" lat="48.1611324" lon="11.5796327"/>
  <node id="1955571" lat="48.1639796" lon="11.5808563"/>
  <node id="1955585" lat="48.1642389" lon="11.5863635"/>
  <node id="1955586" lat="48.1610051" lon="11.5862676"/>
  <node id="6578727" lat="48.1633329" lon="11.5863346"/>
  <node id="6578728" lat="48.1633847" lon="11.5850470"/>
  <node id="6578732" lat="48.1643408" lon="11.5845763"/>
  <node id="13883762" lat="48.1642270" lon="11.5837551"/>
  <node id="13883763" lat="48.1642845" lon="11.5840081"/>
  <node id="21092020" lat="48.1618087" lon="11.5863990"/>
  <node id="21092022" lat="48.1642151" lon="11.5865502"/>
  <node id="21495319" lat="48.1642892" lon="11.5865491"/>
  <node id="21495320" lat="48.1644701" lon="11.5863619"/>
  <node id="27154466" lat="48.1602157" lon="11.5859026"/>
  <node id="27154468" lat="48.1592294" lon="11.5853816"/>
  <node id="27194229" lat="48.1609691" lon="11.5864211"/>
  <node id="27479770" lat="48.1599528" lon="11.5802378"/>
  <node id="27479818" lat="48.1597526" lon="11.5830628"/>
  <node id="27479835" lat="48.1608659" lon="11.5832355"/>
  <node id="27479836" lat="48.1610142" lon="11.5811342"/>
  <node id="27744774" lat="48.1634104" lon="11.5842807"/>
  <node id="27744785" lat="48.1634519" lon="11.5839387"/>
  <node id="27744793" lat="48.1637784" lon="11.5820465"/>
  <node id="27744798" lat="48.1619726" lon="11.5812871"/>
  <node id="27745853" lat="48.1650821" lon="11.5810369"/>
  <node id="28090804" lat="48.1631791" lon="11.5842952"/>
  <node id="28092164" lat="48.1625701" lon="11.5814784"/>
  <node id="28092165" lat="48.1619769" lon="11.5854534"/>
  <node id="28092173" lat="48.1651484" lon="11.5863228"/>
  <node id="31861958" lat="48.1647676" lon="11.5865302"/>
  <node id="35828732" lat="48.1642866" lon="11.5865190"/>
  <node id="36717053" lat="48.1655587" lon="11.5844582"/>
  <node id="259557371" lat="48.1637325" lon="11.5840574"/>
  <node id="259667717" lat="48.1644823" lon="11.5809334"/>
  <node id="259667718" lat="48.1644441" lon="11.5815673"/>
  <node id="259667726" lat="48.1653615" lon="11.5853182"/>
  <node id="261063012" lat="48.1596062" lon="11.5863526"/>
  <node id="261063013" lat="48.1597053" lon="11.5863890"/>
  <node id="261063015" lat="48.1600968" lon="11.5864159"/>
  <node id="337203265" lat="48.1643888" lon="11.5850380"/>
  <node id="346218635" lat="48.1634416" lon="11.5840180"/>
  <node id="349280798" lat="48.1633532" lon="11.5842706"/>
  <node id="349281268" lat="48.1653809" lon="11.5836682"/>
  <node id="370998985" lat="48.1624684" lon="11.5822460"/>
  <node id="370999587" lat="48.1599360" lon="11.5804724"/>
  <node id="371326649" lat="48.1602504" lon="11.5831460"/>
  <node id="371644443" lat="48.1592892" lon="11.5852235"/>
  <node id="371644450" lat="48.1603606" lon="11.5857536"/>
  <node id="371644475" lat="48.1591810" lon="11.5855144"/>
  <node id="371644481" lat="48.1601994" lon="11.5859807"/>
  <node id="371644486" lat="48.1609838" lon="11.5863548"/>
  <node id="371658407" lat="48.1618649" lon="11.5861135"/>
  <node id="371663701" lat="48.1633369" lon="11.5862360"/>
  <node id="371668758" lat="48.1651519" lon="11.5862079"/>
  <node id="372802159" lat="48.1617501" lon="11.5867172"/>
  <node id="372802468" lat="48.1642119" lon="11.5866822"/>
  <node id="372802473" lat="48.1642867" lon="11.5866756"/>
  <node id="388181873" lat="48.1593976" lon="11.5847611"/>
  <node id="392379691" lat="48.1642452" lon="11.5850874"/>
  <node id="418766170" lat="48.1594583" lon="11.5844819"/>
  <node id="429637660" lat="48.1618844" lon="11.5860042"/>
  <node id="457516630" lat="48.1634062" lon="11.5844115"/>
  <node id="457516633" lat="48.1635485" lon="11.5840398"/>
  <node id="457516636" lat="48.1634739" lon="11.5838059"/>
  <node id="457516649" lat="48.1632175" lon="11.5838715"/>
  <node id="595311112" lat="48.1642204" lon="11.5864285"/>
  <node id="595311113" lat="48.1642658" lon="11.5864260"/>
  <node id="595311114" lat="48.1642156" lon="11.5865169"/>
  <node id="622117757" lat="48.1643787" lon="11.5865470"/>
  <node id="800203818" lat="48.1610559" lon="11.5806999"/>
  <node id="800527285" lat="48.1630770" lon="11.5817160"/>
  <node id="815844800" lat="48.1621619" lon="11.5864176"/>
  <node id="939058079" lat="48.1637970" lon="11.5819328"/>
  <node id="1078797524" lat="48.1617431" lon="11.5862079"/>
  <node id="1078797551" lat="48.1617190" lon="11.5863861"/>
  <node id="1078797621" lat="48.1621794" lon="11.5853948"/>
  <node id="1106546579" lat="48.1608761" lon="11.5830936"/>
  <node id="1213358933" lat="48.1639692" lon="11.5851048"/>
  <node id="1213358936" lat="48.1638164" lon="11.5840231"/>
  <node id="1305559163" lat="48.1644015" lon="11.5863632"/>
  <node id="1305559167" lat="48.1653004" lon="11.5855774"/>
  <node id="1375023447" lat="48.1656477" lon="11.5838065"/>
  <node id="1375023503" lat="48.1656248" lon="11.5844910"/>
  <node id="1375023542" lat="48.1655917" lon="11.5843074"/>
  <node id="1404398535" lat="48.1626591" lon="11.5815110"/>
  <node id="1404411554" lat="48.1627334" lon="11.5847481"/>
  <node id="1404411555" lat="48.1619201" lon="11.5857919"/>
  <node id="1452318363" lat="48.1595567" lon="11.5840249"/>
  <node id="1452318374" lat="48.1595468" lon="11.5840755"/>
  <node id="1452374268" lat="48.1597170" lon="11.5855349"/>
  <node id="1452374288" lat="48.1603446" lon="11.5858342"/>
  <node id="1452950503" lat="48.1598907" lon="11.5856281"/>
  <node id="1643559079" lat="48.1601268" lon="11.5857346"/>
  <node id="1643559082" lat="48.1606525" lon="11.5861171"/>
  <node id="1643559084" lat="48.1606777" lon="11.5859935"/>
  <node id="1643559086" lat="48.1610573" lon="11.5861230"/>
  <node id="1643559089" lat="48.1613391" lon="11.5861725"/>
  <node id="1644583589" lat="48.1624433" lon="11.5864349"/>
  <node id="1644583591" lat="48.1632837" lon="11.5864855"/>
  <node id="1666127040" lat="48.1608581" lon="11.5833506"/>
  <node id="1693994289" lat="48.1648991" lon="11.5830537"/>
  <node id="1693994290" lat="48.1649180" lon="11.5821471"/>
  <node id="1693994293" lat="48.1653282" lon="11.5825734"/>
  <node id="1701847425" lat="48.1624109" lon="11.5862583"/>
  <node id="2203963782" lat="48.1633402" lon="11.5861525"/>
  <node id="2203963796" lat="48.1603744" lon="11.5856870"/>
  <node id="2203963817" lat="48.1593056" lon="11.5851643"/>
  <node id="2242609954" lat="48.1601820" lon="11.5860556"/>
  <node id="2242609956" lat="48.1591677" lon="11.5855676"/>
  <node id="2329213041" lat="48.1610807" lon="11.5804091"/>
  <node id="2396591569" lat="48.1624253" lon="11.5825791"/>
  <node id="2396591571" lat="48.1626396" lon="11.5809760"/>
  <node id="2396591573" lat="48.1626470" lon="11.5809229"/>
  <node id="2398525099" lat="48.1623841" lon="11.5829055"/>
  <node id="2403974119" lat="48.1628201" lon="11.5815876"/>
  <node id="2484942149" lat="48.1604540" lon="11.5803090"/>
  <node id="2485185398" lat="48.1598231" lon="11.5820494"/>
  <node id="2485185553" lat="48.1609095" lon="11.5825845"/>
  <node id="2485185561" lat="48.1609158" lon="11.5825067"/>
  <node id="2509329312" lat="48.1613693" lon="11.5833634"/>
  <node id="2509329314" lat="48.1618477" lon="11.5834865"/>
  <node id="2509329348" lat="48.1609131" lon="11.5825350"/>
  <node id="2509348142" lat="48.1609731" lon="11.5860943"/>
  <node id="2509348158" lat="48.1607415" lon="11.5839161"/>
  <node id="2509348167" lat="48.1606539" lon="11.5843368"/>
  <node id="2509512204" lat="48.1619717" lon="11.5835165"/>
  <node id="2509512209" lat="48.1606104" lon="11.5845469"/>
  <node id="2509512211" lat="48.1606228" lon="11.5844872"/>
  <node id="2510456142" lat="48.1595309" lon="11.5841485"/>
  <node id="2584356326" lat="48.1594697" lon="11.5844291"/>
  <node id="2611129300" lat="48.1619998" lon="11.5808761"/>
  <node id="2611264244" lat="48.1607941" lon="11.5832251"/>
  <node id="2709447006" lat="48.1628278" lon="11.5862883"/>
  <node id="2962877948" lat="48.1625059" lon="11.5862659"/>
  <node id="2962877950" lat="48.1625282" lon="11.5864401"/>
  <node id="3044120589" lat="48.1636754" lon="11.5840587"/>
  <node id="3046332205" lat="48.1609049" lon="11.5803810"/>
  <node id="3046332619" lat="48.1628478" lon="11.5816017"/>
  <node id="3046332637" lat="48.1631858" lon="11.5817659"/>
  <node id="3050373047" lat="48.1648363" lon="11.5826206"/>
  <node id="3050373050" lat="48.1650298" lon="11.5835526"/>
  <node id="3050373052" lat="48.1649917" lon="11.5829501"/>
  <node id="3050624538" lat="48.1614234" lon="11.5812063"/>
  <node id="3050661405" lat="48.1615523" lon="11.5812237"/>
  <node id="3050661414" lat="48.1618140" lon="11.5812626"/>
  <node id="3050661415" lat="48.1619897" lon="11.5853793"/>
  <node id="3050661416" lat="48.1621646" lon="11.5843638"/>
  <node id="3050661417" lat="48.1621767" lon="11.5842933"/>
  <node id="3050661420" lat="48.1623784" lon="11.5829508"/>
  <node id="3092935679" lat="48.1640668" lon="11.5823970"/>
  <node id="3092935680" lat="48.1640981" lon="11.5824254"/>
  <node id="3092935681" lat="48.1641192" lon="11.5824473"/>
  <node id="3092935683" lat="48.1643016" lon="11.5826804"/>
  <node id="3097624155" lat="48.1642860" lon="11.5837165"/>
  <node id="3100330933" lat="48.1649587" lon="11.5818840"/>
  <node id="3100330936" lat="48.1650217" lon="11.5814781"/>
  <node id="3100330942" lat="48.1655060" lon="11.5811323"/>
  <node id="3100330947" lat="48.1652672" lon="11.5836282"/>
  <node id="3100330951" lat="48.1650822" lon="11.5828527"/>
  <node id="3100330956" lat="48.1655304" lon="11.5823216"/>
  <node id="3100331034" lat="48.1643848" lon="11.5828049"/>
  <node id="3100331230" lat="48.1652836" lon="11.5810915"/>
  <node id="3100331233" lat="48.1653647" lon="11.5825277"/>
  <node id="3100374932" lat="48.1648940" lon="11.5823017"/>
  <node id="3100814033" lat="48.1637367" lon="11.5850897"/>
  <node id="3100831730" lat="48.1637020" lon="11.5850855"/>
  <node id="3109257667" lat="48.1634555" lon="11.5839140"/>
  <node id="3109257668" lat="48.1635505" lon="11.5833991"/>
  <node id="3111039939" lat="48.1649114" lon="11.5821891"/>
  <node id="3112875029" lat="48.1623696" lon="11.5836236"/>
  <node id="3115486631" lat="48.1624678" lon="11.5822507"/>
  <node id="3117065833" lat="48.1638730" lon="11.5839861"/>
  <node id="3122562232" lat="48.1620799" lon="11.5848555"/>
  <node id="3122562233" lat="48.1620671" lon="11.5849294"/>
  <node id="3213296427" lat="48.1651466" lon="11.5863518"/>
  <node id="3213296428" lat="48.1651597" lon="11.5864674"/>
  <node id="3213296429" lat="48.1651469" lon="11.5865128"/>
  <node id="3254321057" lat="48.1630510" lon="11.5817031"/>
  <node id="3392905426" lat="48.1620455" lon="11.5854724"/>
  <node id="3392905429" lat="48.1626750" lon="11.5864529"/>
  <node id="3569802606" lat="48.1625796" lon="11.5862724"/>
  <node id="3664784293" lat="48.1595633" lon="11.5839926"/>
  <node id="3689041240" lat="48.1622102" lon="11.5835763"/>
  <node id="3779376101" lat="48.1618672" lon="11.5864019"/>
  <node id="3779376106" lat="48.1619577" lon="11.5864068"/>
  <node id="3779376107" lat="48.1619661" lon="11.5862244"/>
  <node id="3953447071" lat="48.1593576" lon="11.5854994"/>
  <node id="3953447073" lat="48.1593818" lon="11.5853841"/>
  <node id="3953447076" lat="48.1599428" lon="11.5803764"/>
  <node id="3953746968" lat="48.1623114" lon="11.5834798"/>
  <node id="4738777419" lat="48.1645584" lon="11.5835600"/>
  <node id="4738777420" lat="48.1646848" lon="11.5833300"/>
  <node id="4738778721" lat="48.1646667" lon="11.5831599"/>
  <node id="4738778742" lat="48.1647508" lon="11.5832221"/>
  <node id="4738783237" lat="48.1646443" lon="11.5831371"/>
  <node id="4738783241" lat="48.1649539" lon="11.5835159"/>
  <node id="4738783242" lat="48.1649101" lon="11.5834650"/>
  <node id="4956635662" lat="48.1618442" lon="11.5862151"/>
  <node id="4956635667" lat="48.1622958" lon="11.5835986"/>
  <node id="6397269594" lat="48.1597974" lon="11.5824192"/>
  <node id="7388700069" lat="48.1633911" lon="11.5848888"/>
  <node id="8409511720" lat="48.1642851" lon="11.5867591"/>
  <node id="8409511721" lat="48.1641059" lon="11.5865500"/>
  <node id="8461370942" lat="48.1631675" lon="11.5863194"/>
  <node id="10930050296" lat="48.1626490" lon="11.5864515"/>
  <node id="11047663435" lat="48.1596553" lon="11.5863766"/>
  <node id="11114514903" lat="48.1652784" lon="11.5865012"/>
  <node id="11114514904" lat="48.1652720" lon="11.5863077"/>
  <node id="11984297274" lat="48.1633530" lon="11.5858345"/>
  <node id="11985031610" lat="48.1636994" lon="11.5865357"/>
  <node id="12351884627" lat="48.1604608" lon="11.5803100"/>
  <node id="12351884628" lat="48.1604356" lon="11.5803062"/>
  <node id="12815504326" lat="48.1638308" lon="11.5820847"/>
  <node id="12815504327" lat="48.1638521" lon="11.5821123"/>
  <node id="13037895978" lat="48.1610342" lon="11.5809247"/>
  <node id="13103603150" lat="48.1633415" lon="11.5842690"/>
  <node id="13103603151" lat="48.1635191" lon="11.5840349"/>
  <node id="13103603156" lat="48.1634005" lon="11.5839240"/>
  <node id="13103603174" lat="48.1619089" lon="11.5858585"/>
  <node id="13103603176" lat="48.1622785" lon="11.5836995"/>
  <node id="13103639118" lat="48.1641707" lon="11.5837919"/>
  <node id="13103639146" lat="48.1634595" lon="11.5850561"/>
  <node id="13103639149" lat="48.1634987" lon="11.5840299"/>
  <node id="13103639158" lat="48.1642474" lon="11.5838447"/>
  <node id="13103639165" lat="48.1634149" lon="11.5842113"/>
  <node id="13103639166" lat="48.1632731" lon="11.5842642"/>
  <node id="13103639167" lat="48.1632196" lon="11.5842682"/>
  <node id="13103639173" lat="48.1621338" lon="11.5854494"/>
  <node id="13103639174" lat="48.1620952" lon="11.5854698"/>
  <node id="13509629435" lat="48.1607026" lon="11.5841031"/>
  <node id="13677180757" lat="48.1598006" lon="11.5855797"/>
  <node id="13677180760" lat="48.1598196" lon="11.5855899"/>
  <node id="13677216044" lat="48.1609955" lon="11.5813570"/>
  <node id="13677216046" lat="48.1609570" lon="11.5818942"/>
  <node id="13684255231" lat="48.1616138" lon="11.5812360"/>
  <node id="13684634728" lat="48.1643149" lon="11.5836999"/>
  <node id="13684690978" lat="48.1638959" lon="11.5851000"/>
  <node id="13684723317" lat="48.1641020" lon="11.5850964"/>
  <node id="13700618839" lat="48.1636685" lon="11.5826986"/>
  <node id="13704368474" lat="48.1624979" lon="11.5814314"/>
  <node id="13709655071" lat="48.1625864" lon="11.5813604"/>
  <node id="13709655074" lat="48.1625122" lon="11.5814407"/>
  <node id="13709655088" lat="48.1611086" lon="11.5811508"/>
  <node id="13709655094" lat="48.1625548" lon="11.5815936"/>
  <node id="13709893309" lat="48.1637225" lon="11.5820201"/>
  <node id="13712247861" lat="48.1610492" lon="11.5807696"/>
  <node id="13720195193" lat="48.1624714" lon="11.5850394"/>
  <node id="13720195194" lat="48.1628951" lon="11.5845768"/>
  <node id="13720195195" lat="48.1625392" lon="11.5849607"/>
  <node id="13720238923" lat="48.1648669" lon="11.5834134"/>
  <node id="13720238927" lat="48.1647884" lon="11.5830545"/>
  <node id="13720238945" lat="48.1648183" lon="11.5827474"/>
  <node id="13720238947" lat="48.1648175" lon="11.5833417"/>
  <node id="13723866365" lat="48.1616680" lon="11.5834403"/>
  <node id="13741128846" lat="48.1640592" lon="11.5808689"/>
  <node id="13741138446" lat="48.1650750" lon="11.5809535"/>
  <node id="13741227258" lat="48.1609468" lon="11.5832561"/>
  <node id="13741326550" lat="48.1619788" lon="11.5811933"/>
  <node id="13741326551" lat="48.1620006" lon="11.5812948"/>
  <node id="13741378863" lat="48.1609281" lon="11.5803847"/>
  <node id="13764692070" lat="48.1653364" lon="11.5854248"/>
  <node id="13773648700" lat="48.1597593" lon="11.5829669"/>
  <node id="13840752606" lat="48.1639760" lon="11.5809381"/>
  <node id="13840752607" lat="48.1638648" lon="11.5816051"/>
  <node id="13840752608" lat="48.1638389" lon="11.5816876"/>
  <node id="13840752613" lat="48.1638489" lon="11.5816555"/>
  <node id="21095006" lat="48.1657346" lon="11.5740889"/>
  <node id="25313840" lat="48.1669069" lon="11.5785592"/>
  <node id="25313841" lat="48.1666550" lon="11.5789312"/>
  <node id="25313842" lat="48.1665150" lon="11.5793943"/>
  <node id="25313843" lat="48.1664435" lon="11.5799951"/>
  <node id="38144228" lat="48.1657863" lon="11.5792180"/>
  <node id="38144233" lat="48.1659067" lon="11.5740417"/>
  <node id="38148621" lat="48.1665798" lon="11.5791060"/>
  <node id="38152434" lat="48.1658186" lon="11.5771489"/>
  <node id="38155990" lat="48.1658468" lon="11.5755023"/>
  <node id="38156717" lat="48.1658428" lon="11.5757557"/>
  <node id="38156718" lat="48.1670005" lon="11.5757605"/>
  <node id="282041534" lat="48.1657936" lon="11.5789354"/>
  <node id="324229250" lat="48.1663390" lon="11.5772184"/>
  <node id="433008538" lat="48.1668668" lon="11.5739219"/>
  <node id="433008544" lat="48.1668803" lon="11.5757199"/>
  <node id="433008554" lat="48.1668465" lon="11.5786299"/>
  <node id="638765406" lat="48.1658638" lon="11.5743049"/>
  <node id="1115606321" lat="48.1658452" lon="11.5756218"/>
  <node id="1115606371" lat="48.1662818" lon="11.5757281"/>
  <node id="1115606411" lat="48.1664966" lon="11.5772466"/>
  <node id="1115606469" lat="48.1667575" lon="11.5757102"/>
  <node id="1156427690" lat="48.1667854" lon="11.5787061"/>
  <node id="1156427693" lat="48.1663193" lon="11.5791263"/>
  <node id="1373906089" lat="48.1669192" lon="11.5757310"/>
  <node id="1701728539" lat="48.1659460" lon="11.5742194"/>
  <node id="1701728540" lat="48.1659823" lon="11.5742157"/>
  <node id="1701728541" lat="48.1661301" lon="11.5740370"/>
  <node id="2710035229" lat="48.1661115" lon="11.5754795"/>
  <node id="3046338257" lat="48.1667302" lon="11.5754657"/>
  <node id="3392905431" lat="48.1664910" lon="11.5791049"/>
  <node id="3457559767" lat="48.1658634" lon="11.5742308"/>
  <node id="3685462391" lat="48.1665408" lon="11.5792496"/>
  <node id="3767384105" lat="48.1665787" lon="11.5741671"/>
  <node id="6681354527" lat="48.1662660" lon="11.5772086"/>
  <node id="6681354528" lat="48.1665396" lon="11.5757169"/>
  <node id="6681354529" lat="48.1659037" lon="11.5757522"/>
  <node id="6681354530" lat="48.1657388" lon="11.5757790"/>
  <node id="6681354532" lat="48.1658407" lon="11.5758789"/>
  <node id="6681354533" lat="48.1658205" lon="11.5770404"/>
  <node id="6681354535" lat="48.1657448" lon="11.5771394"/>
  <node id="6681354537" lat="48.1658169" lon="11.5772402"/>
  <node id="6681354539" lat="48.1658696" lon="11.5771557"/>
  <node id="9440224749" lat="48.1667187" lon="11.5788212"/>
  <node id="9966726895" lat="48.1657598" lon="11.5742288"/>
  <node id="9966726896" lat="48.1661279" lon="11.5741839"/>
  <node id="9966726897" lat="48.1664034" lon="11.5741584"/>
  <node id="9966726898" lat="48.1660031" lon="11.5740323"/>
  <node id="9966726899" lat="48.1663788" lon="11.5740068"/>
  <node id="9966726900" lat="48.1665295" lon="11.5739706"/>
  <node id="11775520414" lat="48.1661717" lon="11.5754771"/>
  <node id="13681161212" lat="48.1663363" lon="11.5754698"/>
  <node id="13681161213" lat="48.1665804" lon="11.5754630"/>
  <node id="13681262032" lat="48.1658367" lon="11.5761718"/>
  <node id="13740576875" lat="48.1657425" lon="11.5789338"/>
  <node id="13740669602" lat="48.1657887" lon="11.5791257"/>
  <node id="13741138425" lat="48.1657320" lon="11.5792260"/>
  <node id="13741138443" lat="48.1657844" lon="11.5793110"/>
  <node id="13741138444" lat="48.1658449" lon="11.5792079"/>
  <node id="13741209773" lat="48.1659026" lon="11.5754857"/>
  <node id="13883759" lat="48.1662960" lon="11.5812396"/>
  <node id="13883760" lat="48.1657014" lon="11.5838329"/>
  <node id="27745850" lat="48.1657469" lon="11.5811708"/>
  <node id="36717035" lat="48.1665962" lon="11.5848768"/>
  <node id="1375023443" lat="48.1662335" lon="11.5812276"/>
  <node id="1375023445" lat="48.1660796" lon="11.5819732"/>
  <node id="1375023662" lat="48.1663144" lon="11.5811001"/>
  <node id="1693994295" lat="48.1658100" lon="11.5819710"/>
  <node id="1693994296" lat="48.1659042" lon="11.5819382"/>
  <node id="1693994297" lat="48.1661307" lon="11.5819939"/>
  <node id="3100331231" lat="48.1659217" lon="11.5811989"/>
  <node id="3100331331" lat="48.1657258" lon="11.5811674"/>
  <node id="3100331530" lat="48.1659773" lon="11.5812078"/>
  <node id="3100375843" lat="48.1660021" lon="11.5812118"/>
  <node id="3147634930" lat="48.1657373" lon="11.5836853"/>
  <node id="3213296430" lat="48.1667547" lon="11.5863708"/>
  <node id="3501441294" lat="48.1663596" lon="11.5861755"/>
  <node id="4738777387" lat="48.1658542" lon="11.5819460"/>
  <node id="13741099560" lat="48.1662568" lon="11.5814504"/>
  <node id="13741138445" lat="48.1657490" lon="11.5810691"/>
  <node id="27153714" lat="48.1575090" lon="11.5892782"/>
  <node id="27154115" lat="48.1576083" lon="11.5868086"/>
  <node id="27154453" lat="48.1586693" lon="11.5882291"/>
  <node id="27154457" lat="48.1588159" lon="11.5868493"/>
  <node id="27194817" lat="48.1581203" lon="11.5880556"/>
  <node id="27194820" lat="48.1579809" lon="11.5884488"/>
  <node id="27194823" lat="48.1578443" lon="11.5887397"/>
  <node id="27194825" lat="48.1576844" lon="11.5890573"/>
  <node id="261063016" lat="48.1583010" lon="11.5871494"/>
  <node id="1078797525" lat="48.1587480" lon="11.5868301"/>
  <node id="1078797590" lat="48.1588967" lon="11.5869648"/>
  <node id="1078797600" lat="48.1583659" lon="11.5868257"/>
  <node id="1078797630" lat="48.1587235" lon="11.5879002"/>
  <node id="1240882433" lat="48.1575362" lon="11.5892605"/>
  <node id="1240882434" lat="48.1575919" lon="11.5892111"/>
  <node id="1706016490" lat="48.1586831" lon="11.5880502"/>
  <node id="1706016491" lat="48.1587894" lon="11.5872774"/>
  <node id="1706016500" lat="48.1588325" lon="11.5870015"/>
  <node id="1706016502" lat="48.1588092" lon="11.5875621"/>
  <node id="2518213185" lat="48.1579595" lon="11.5884944"/>
  <node id="2518385484" lat="48.1582792" lon="11.5872583"/>
  <node id="2578892840" lat="48.1578116" lon="11.5869086"/>
  <node id="2579748000" lat="48.1581678" lon="11.5878170"/>
  <node id="2589310212" lat="48.1588807" lon="11.5869410"/>
  <node id="11971976668" lat="48.1575593" lon="11.5892400"/>
  <node id="13473637905" lat="48.1577960" lon="11.5888356"/>
  <node id="13678887807" lat="48.1576461" lon="11.5868272"/>
  <node id="21495324" lat="48.1643947" lon="11.5879028"/>
  <node id="27154461" lat="48.1592460" lon="11.5872061"/>
  <node id="27154463" lat="48.1597670" lon="11.5875873"/>
  <node id="27154464" lat="48.1600531" lon="11.5877937"/>
  <node id="27154465" lat="48.1599794" lon="11.5868819"/>
  <node id="27194072" lat="48.1597294" lon="11.5887851"/>
  <node id="27194086" lat="48.1613279" lon="11.5887373"/>
  <node id="27194092" lat="48.1606599" lon="11.5882653"/>
  <node id="27194225" lat="48.1609084" lon="11.5872782"/>
  <node id="29861235" lat="48.1642733" lon="11.5873705"/>
  <node id="29861236" lat="48.1644474" lon="11.5879832"/>
  <node id="29861238" lat="48.1642089" lon="11.5873197"/>
  <node id="45310085" lat="48.1637050" lon="11.5879338"/>
  <node id="45334608" lat="48.1623401" lon="11.5884579"/>
  <node id="45341878" lat="48.1631122" lon="11.5881509"/>
  <node id="45352927" lat="48.1642155" lon="11.5875701"/>
  <node id="45353710" lat="48.1652083" lon="11.5889061"/>
  <node id="45356301" lat="48.1644454" lon="11.5881126"/>
  <node id="54788210" lat="48.1651731" lon="11.5876178"/>
  <node id="260827624" lat="48.1632149" lon="11.5875756"/>
  <node id="260827627" lat="48.1622886" lon="11.5870833"/>
  <node id="312385385" lat="48.1614996" lon="11.5881184"/>
  <node id="312385387" lat="48.1608427" lon="11.5876558"/>
  <node id="352662164" lat="48.1642981" lon="11.5876804"/>
  <node id="372811160" lat="48.1641475" lon="11.5877096"/>
  <node id="372815647" lat="48.1643319" lon="11.5873521"/>
  <node id="506827150" lat="48.1638476" lon="11.5877021"/>
  <node id="506827152" lat="48.1637610" lon="11.5876859"/>
  <node id="559544811" lat="48.1644258" lon="11.5873751"/>
  <node id="658951458" lat="48.1634789" lon="11.5893824"/>
  <node id="1305559155" lat="48.1643188" lon="11.5877509"/>
  <node id="1305559169" lat="48.1642750" lon="11.5875211"/>
  <node id="1415228598" lat="48.1617413" lon="11.5867708"/>
  <node id="1679383773" lat="48.1622745" lon="11.5876962"/>
  <node id="1679383774" lat="48.1622921" lon="11.5880893"/>
  <node id="1679383777" lat="48.1631198" lon="11.5880440"/>
  <node id="1679383778" lat="48.1631842" lon="11.5881053"/>
  <node id="1854999673" lat="48.1643112" lon="11.5879006"/>
  <node id="2119981362" lat="48.1654200" lon="11.5876762"/>
  <node id="2607185468" lat="48.1609182" lon="11.5871450"/>
  <node id="2619993447" lat="48.1615731" lon="11.5877951"/>
  <node id="2904937024" lat="48.1615304" lon="11.5879910"/>
  <node id="3415747867" lat="48.1655808" lon="11.5877124"/>
  <node id="3691000711" lat="48.1616423" lon="11.5874107"/>
  <node id="4080970216" lat="48.1653840" lon="11.5876691"/>
  <node id="4209636482" lat="48.1639685" lon="11.5877385"/>
  <node id="4209636487" lat="48.1640285" lon="11.5877558"/>
  <node id="4209636488" lat="48.1641063" lon="11.5877961"/>
  <node id="4209636489" lat="48.1641099" lon="11.5877397"/>
  <node id="4209636492" lat="48.1641628" lon="11.5878243"/>
  <node id="4209636493" lat="48.1641698" lon="11.5876653"/>
  <node id="4209636494" lat="48.1641860" lon="11.5876224"/>
  <node id="4209636495" lat="48.1641850" lon="11.5873846"/>
  <node id="4209636496" lat="48.1642081" lon="11.5874574"/>
  <node id="4209636497" lat="48.1642323" lon="11.5876670"/>
  <node id="4209636498" lat="48.1642405" lon="11.5878725"/>
  <node id="4209636499" lat="48.1642663" lon="11.5877904"/>
  <node id="4209636500" lat="48.1642816" lon="11.5879188"/>
  <node id="4209636501" lat="48.1643112" lon="11.5879536"/>
  <node id="4209636503" lat="48.1643407" lon="11.5879691"/>
  <node id="4696951069" lat="48.1605510" lon="11.5871257"/>
  <node id="4696951072" lat="48.1603272" lon="11.5870303"/>
  <node id="5216312449" lat="48.1643546" lon="11.5878303"/>
  <node id="5216312450" lat="48.1642826" lon="11.5876003"/>
  <node id="5216312451" lat="48.1642097" lon="11.5868157"/>
  <node id="13678338508" lat="48.1655295" lon="11.5892412"/>
  <node id="13714791414" lat="48.1613821" lon="11.5885825"/>
  <node id="13715974554" lat="48.1612860" lon="11.5887077"/>
  <node id="13715974582" lat="48.1613746" lon="11.5886039"/>
  <node id="13716027632" lat="48.1623266" lon="11.5883738"/>
  <node id="13716034719" lat="48.1607057" lon="11.5882977"/>
  <node id="13716068881" lat="48.1636774" lon="11.5881107"/>
  <node id="13716068883" lat="48.1636204" lon="11.5879617"/>
  <node id="13716068893" lat="48.1631657" lon="11.5881170"/>
  <node id="13743122199" lat="48.1639414" lon="11.5877317"/>
  <node id="21495321" lat="48.1666445" lon="11.5902520"/>
  <node id="54788211" lat="48.1659964" lon="11.5878061"/>
  <node id="54788228" lat="48.1673948" lon="11.5882174"/>
  <node id="54794234" lat="48.1661554" lon="11.5878482"/>
  <node id="54794239" lat="48.1657556" lon="11.5893417"/>
  <node id="3697603866" lat="48.1660499" lon="11.5897842"/>
  <node id="8187702152" lat="48.1662516" lon="11.5878776"/>
  <node id="13100964920" lat="48.1669159" lon="11.5880807"/>
  <node id="13100965059" lat="48.1672875" lon="11.5881944"/>
  <node id="13100965061" lat="48.1673299" lon="11.5882057"/>

</osm>
