<?xml version="1.0" encoding="UTF-8"?>
<osm version="0.6" generator="Overpass API 0.7.62.11 87bfad18">
<note>The data included in this document is from www.openstreetmap.org. The data is made available under ODbL.</note>
<meta osm_base="2026-05-20T15:18:31Z"/>

  <node id="1954309" lat="48.1540458" lon="11.5721703">
    <tag k="highway" v="traffic_signals"/>
    <tag k="odbl" v="clean"/>
  </node>
  <node id="1954365" lat="48.1482135" lon="11.5746071">
    <tag k="highway" v="traffic_signals"/>
  </node>
  <node id="1954411" lat="48.1517315" lon="11.5737246"/>
  <node id="1954419" lat="48.1489839" lon="11.5805644">
    <tag k="highway" v="traffic_signals"/>
  </node>
  <node id="1954421" lat="48.1500034" lon="11.5769013"/>
  <node id="1954425" lat="48.1502783" lon="11.5759606"/>
  <node id="1954430" lat="48.1533012" lon="11.5747329">
    <tag k="highway" v="traffic_signals"/>
  </node>
  <node id="1954431" lat="48.1545205" lon="11.5754691"/>
  <node id="1955500" lat="48.1531849" lon="11.5686070"/>
  <node id="1955506" lat="48.1547379" lon="11.5726259"/>
  <node id="1955535" lat="48.1542923" lon="11.5680381"/>
  <node id="7983325" lat="48.1539980" lon="11.5751781"/>
  <node id="7983327" lat="48.1544041" lon="11.5738274"/>
  <node id="7983328" lat="48.1536989" lon="11.5733706"/>
  <node id="7983334" lat="48.1531258" lon="11.5778277"/>
  <node id="7983336" lat="48.1496775" lon="11.5780304">
    <tag k="highway" v="traffic_signals"/>
  </node>
  <node id="7983337" lat="48.1526610" lon="11.5799805"/>
  <node id="7983343" lat="48.1524255" lon="11.5683285">
    <tag k="button_operated" v="no"/>
    <tag k="crossing" v="traffic_signals"/>
    <tag k="highway" v="traffic_signals"/>
    <tag k="tactile_paving" v="no"/>
    <tag k="traffic_signals" v="signal"/>
    <tag k="traffic_signals:direction" v="forward"/>
    <tag k="traffic_signals:sound" v="yes"/>
    <tag k="traffic_signals:vibration" v="yes"/>
  </node>
  <node id="18280273" lat="48.1476155" lon="11.5767013">
    <tag k="highway" v="traffic_signals"/>
  </node>
  <node id="20835091" lat="48.1516934" lon="11.5709141">
    <tag k="highway" v="traffic_signals"/>
    <tag k="traffic_signals" v="signal"/>
    <tag k="traffic_signals:direction" v="forward"/>
  </node>
  <node id="20835174" lat="48.1533374" lon="11.5680934"/>
  <node id="20835181" lat="48.1538628" lon="11.5756238"/>
  <node id="21543940" lat="48.1518608" lon="11.5759799"/>
  <node id="21543941" lat="48.1530078" lon="11.5757761"/>
  <node id="21543998" lat="48.1527834" lon="11.5765445"/>
  <node id="25575941" lat="48.1525027" lon="11.5742201"/>
  <node id="25575942" lat="48.1528955" lon="11.5728786"/>
  <node id="25576121" lat="48.1549516" lon="11.5690212">
    <tag k="barrier" v="bollard"/>
    <tag k="bollard" v="removable"/>
    <tag k="maxwidth:physical" v="1.1"/>
  </node>
  <node id="25576273" lat="48.1521186" lon="11.5723795"/>
  <node id="25576274" lat="48.1514087" lon="11.5719416"/>
  <node id="27193408" lat="48.1545141" lon="11.5807046"/>
  <node id="27479756" lat="48.1529453" lon="11.5717250"/>
  <node id="27479757" lat="48.1529925" lon="11.5719509"/>
  <node id="27479758" lat="48.1532805" lon="11.5721347"/>
  <node id="27479759" lat="48.1534194" lon="11.5720608"/>
  <node id="27487414" lat="48.1521736" lon="11.5740088"/>
  <node id="27487415" lat="48.1517108" lon="11.5768897"/>
  <node id="27487416" lat="48.1539608" lon="11.5763455"/>
  <node id="27487417" lat="48.1537056" lon="11.5781887"/>
  <node id="27487421" lat="48.1474149" lon="11.5773824"/>
  <node id="27487423" lat="48.1529987" lon="11.5714891"/>
  <node id="27487424" lat="48.1531324" lon="11.5720860"/>
  <node id="27487425" lat="48.1535235" lon="11.5718305"/>
  <node id="29564155" lat="48.1476037" lon="11.5680120">
    <tag k="highway" v="traffic_signals"/>
  </node>
  <node id="29565896" lat="48.1489626" lon="11.5719385"/>
  <node id="82732145" lat="48.1491730" lon="11.5798602"/>
  <node id="83870461" lat="48.1507764" lon="11.5700601"/>
  <node id="185978484" lat="48.1504290" lon="11.5805972"/>
  <node id="201967333" lat="48.1508302" lon="11.5806353"/>
  <node id="201978400" lat="48.1509014" lon="11.5807016"/>
  <node id="201978401" lat="48.1505176" lon="11.5805626"/>
  <node id="201978402" lat="48.1502736" lon="11.5807322"/>
  <node id="244213411" lat="48.1491429" lon="11.5799704">
    <tag k="bus" v="yes"/>
    <tag k="description" v="Bus Stop, 153/154 Ri.Hochschule München/Nordbad"/>
    <tag k="mvv:zone" v="M"/>
    <tag k="name" v="Universität"/>
    <tag k="public_transport" v="stop_position"/>
    <tag k="wheelchair" v="no"/>
  </node>
  <node id="244213412" lat="48.1509801" lon="11.5734521">
    <tag k="bus" v="yes"/>
    <tag k="description" v="Schellingstraße, Stop Bus 153/154 Richtung Hochschule München/Nordbad"/>
    <tag k="mvv:zone" v="M"/>
    <tag k="name" v="Schellingstraße"/>
    <tag k="public_transport" v="stop_position"/>
    <tag k="wheelchair" v="yes"/>
  </node>
  <node id="244213413" lat="48.1516731" lon="11.5709873">
    <tag k="bus" v="yes"/>
    <tag k="mvv:zone" v="M"/>
    <tag k="name" v="Arcisstraße"/>
    <tag k="public_transport" v="stop_position"/>
    <tag k="wheelchair" v="yes"/>
  </node>
  <node id="246913139" lat="48.1525007" lon="11.5807384"/>
  <node id="246913169" lat="48.1527932" lon="11.5793659"/>
  <node id="258890820" lat="48.1532535" lon="11.5716548"/>
  <node id="265086763" lat="48.1485661" lon="11.5803689"/>
  <node id="296231135" lat="48.1503257" lon="11.5757899">
    <tag k="bus" v="yes"/>
    <tag k="mvv:zone" v="M"/>
    <tag k="name" v="Türkenstraße"/>
    <tag k="public_transport" v="stop_position"/>
    <tag k="wheelchair" v="yes"/>
  </node>
  <node id="345548194" lat="48.1528766" lon="11.5696694"/>
  <node id="358561211" lat="48.1544672" lon="11.5707066"/>
  <node id="363409244" lat="48.1538165" lon="11.5756309"/>
  <node id="372796487" lat="48.1501595" lon="11.5809401">
    <tag k="crossing" v="unmarked"/>
    <tag k="crossing:markings" v="no"/>
    <tag k="highway" v="crossing"/>
    <tag k="tactile_paving" v="no"/>
  </node>
  <node id="372796999" lat="48.1490233" lon="11.5804052">
    <tag k="button_operated" v="no"/>
    <tag k="crossing:signals" v="yes"/>
    <tag k="highway" v="crossing"/>
    <tag k="tactile_paving" v="no"/>
    <tag k="traffic_signals:sound" v="yes"/>
    <tag k="traffic_signals:vibration" v="yes"/>
  </node>
  <node id="433730419" lat="48.1487332" lon="11.5727558"/>
  <node id="618163561" lat="48.1500031" lon="11.5682397"/>
  <node id="618163567" lat="48.1498567" lon="11.5687554"/>
  <node id="618163568" lat="48.1499184" lon="11.5685394"/>
  <node id="618697468" lat="48.1470343" lon="11.5706818"/>
  <node id="618697470" lat="48.1479233" lon="11.5712612"/>
  <node id="618697472" lat="48.1498272" lon="11.5694435"/>
  <node id="618697473" lat="48.1493871" lon="11.5704260"/>
  <node id="618697474" lat="48.1492737" lon="11.5708299"/>
  <node id="618697480" lat="48.1504275" lon="11.5713237"/>
  <node id="618697482" lat="48.1510312" lon="11.5732752"/>
  <node id="637762338" lat="48.1481890" lon="11.5714344"/>
  <node id="637795257" lat="48.1500583" lon="11.5726465"/>
  <node id="639077142" lat="48.1509303" lon="11.5694962"/>
  <node id="647081880" lat="48.1544050" lon="11.5681269"/>
  <node id="647081896" lat="48.1548233" lon="11.5683122"/>
  <node id="647081897" lat="48.1546289" lon="11.5682576"/>
  <node id="658546068" lat="48.1525606" lon="11.5681912">
    <tag k="button_operated" v="no"/>
    <tag k="crossing" v="traffic_signals"/>
    <tag k="crossing:island" v="no"/>
    <tag k="highway" v="crossing"/>
    <tag k="tactile_paving" v="no"/>
    <tag k="traffic_signals:sound" v="yes"/>
    <tag k="traffic_signals:vibration" v="yes"/>
  </node>
  <node id="658546069" lat="48.1528395" lon="11.5683799"/>
  <node id="658546079" lat="48.1530784" lon="11.5685374"/>
  <node id="658546081" lat="48.1533112" lon="11.5681818"/>
  <node id="667534351" lat="48.1522896" lon="11.5782716"/>
  <node id="715327363" lat="48.1478303" lon="11.5759681"/>
  <node id="725632778" lat="48.1498794" lon="11.5686743"/>
  <node id="729534257" lat="48.1482430" lon="11.5745000">
    <tag k="button_operated" v="yes"/>
    <tag k="crossing" v="traffic_signals"/>
    <tag k="crossing:signals" v="yes"/>
    <tag k="highway" v="crossing"/>
    <tag k="tactile_paving" v="no"/>
    <tag k="traffic_signals:sound" v="yes"/>
    <tag k="traffic_signals:vibration" v="yes"/>
  </node>
  <node id="735102750" lat="48.1491333" lon="11.5713301">
    <tag k="bus" v="yes"/>
    <tag k="description" v="Pinakotheken, Bus 100/150 --&gt; Hbf"/>
    <tag k="mvv:zone" v="M"/>
    <tag k="name" v="Pinakotheken"/>
    <tag k="public_transport" v="stop_position"/>
    <tag k="wheelchair" v="yes"/>
  </node>
  <node id="735102763" lat="48.1477122" lon="11.5763626">
    <tag k="bus" v="yes"/>
    <tag k="mvv:zone" v="M"/>
    <tag k="name" v="Amalienstraße"/>
    <tag k="public_transport" v="stop_position"/>
    <tag k="wheelchair" v="yes"/>
  </node>
  <node id="847979769" lat="48.1502103" lon="11.5808285">
    <tag k="barrier" v="bollard"/>
    <tag k="bicycle" v="yes"/>
    <tag k="bollard" v="removable"/>
    <tag k="emergency" v="designated"/>
    <tag k="foot" v="yes"/>
    <tag k="material" v="metal"/>
  </node>
  <node id="885517802" lat="48.1483280" lon="11.5741992">
    <tag k="bus" v="yes"/>
    <tag k="fee:icom_member" v="no"/>
    <tag k="mvv:zone" v="M"/>
    <tag k="name" v="Maxvorstadt/Sammlung Brandhorst"/>
    <tag k="public_transport" v="stop_position"/>
    <tag k="wheelchair" v="yes"/>
  </node>
  <node id="922831058" lat="48.1507970" lon="11.5699764">
    <tag k="crossing:markings" v="no"/>
    <tag k="crossing:signals" v="no"/>
    <tag k="highway" v="crossing"/>
    <tag k="tactile_paving" v="no"/>
  </node>
  <node id="922831072" lat="48.1524721" lon="11.5711464"/>
  <node id="922831081" lat="48.1517749" lon="11.5706206">
    <tag k="button_operated" v="no"/>
    <tag k="crossing" v="traffic_signals"/>
    <tag k="crossing:signals" v="yes"/>
    <tag k="highway" v="crossing"/>
    <tag k="tactile_paving" v="no"/>
    <tag k="traffic_signals:sound" v="yes"/>
    <tag k="traffic_signals:vibration" v="yes"/>
  </node>
  <node id="922831085" lat="48.1547618" lon="11.5725514">
    <tag k="crossing" v="unmarked"/>
    <tag k="crossing:markings" v="no"/>
    <tag k="highway" v="crossing"/>
    <tag k="tactile_paving" v="no"/>
  </node>
  <node id="922831100" lat="48.1540723" lon="11.5720787">
    <tag k="button_operated" v="no"/>
    <tag k="crossing" v="traffic_signals"/>
    <tag k="highway" v="crossing"/>
    <tag k="tactile_paving" v="no"/>
    <tag k="traffic_signals:sound" v="yes"/>
    <tag k="traffic_signals:vibration" v="yes"/>
  </node>
  <node id="922879314" lat="48.1507610" lon="11.5701289">
    <tag k="crossing:markings" v="no"/>
    <tag k="crossing:signals" v="no"/>
    <tag k="highway" v="crossing"/>
    <tag k="tactile_paving" v="no"/>
  </node>
  <node id="922879322" lat="48.1517303" lon="11.5707824">
    <tag k="button_operated" v="yes"/>
    <tag k="crossing" v="traffic_signals"/>
    <tag k="crossing:signals" v="yes"/>
    <tag k="highway" v="crossing"/>
    <tag k="tactile_paving" v="no"/>
    <tag k="traffic_signals:sound" v="yes"/>
    <tag k="traffic_signals:vibration" v="yes"/>
  </node>
  <node id="922879323" lat="48.1524487" lon="11.5712376">
    <tag k="crossing:markings" v="yes"/>
    <tag k="crossing:signals" v="no"/>
    <tag k="highway" v="crossing"/>
    <tag k="tactile_paving" v="no"/>
  </node>
  <node id="922879370" lat="48.1540206" lon="11.5722546">
    <tag k="button_operated" v="no"/>
    <tag k="crossing:signals" v="yes"/>
    <tag k="highway" v="crossing"/>
    <tag k="tactile_paving" v="no"/>
    <tag k="traffic_signals:sound" v="yes"/>
    <tag k="traffic_signals:vibration" v="yes"/>
  </node>
  <node id="922879371" lat="48.1547158" lon="11.5727046">
    <tag k="crossing:markings" v="yes"/>
    <tag k="crossing:signals" v="no"/>
    <tag k="highway" v="crossing"/>
    <tag k="tactile_paving" v="no"/>
  </node>
  <node id="928314836" lat="48.1488715" lon="11.5750522"/>
  <node id="967091728" lat="48.1532295" lon="11.5717383">
    <tag k="crossing:markings" v="no"/>
    <tag k="crossing:signals" v="no"/>
    <tag k="highway" v="crossing"/>
    <tag k="tactile_paving" v="no"/>
  </node>
  <node id="967091759" lat="48.1524926" lon="11.5710664">
    <tag k="crossing:markings" v="yes"/>
    <tag k="crossing:signals" v="no"/>
    <tag k="highway" v="crossing"/>
    <tag k="tactile_paving" v="no"/>
  </node>
  <node id="967091764" lat="48.1496887" lon="11.5693512">
    <tag k="highway" v="traffic_signals"/>
  </node>
  <node id="967091796" lat="48.1475801" lon="11.5680967"/>
  <node id="967091799" lat="48.1529782" lon="11.5715728">
    <tag k="crossing:markings" v="no"/>
    <tag k="crossing:signals" v="no"/>
    <tag k="highway" v="crossing"/>
    <tag k="tactile_paving" v="no"/>
  </node>
  <node id="967091831" lat="48.1534986" lon="11.5719063">
    <tag k="crossing:markings" v="no"/>
    <tag k="crossing:signals" v="no"/>
    <tag k="highway" v="crossing"/>
    <tag k="tactile_paving" v="no"/>
  </node>
  <node id="976966661" lat="48.1487321" lon="11.5774173"/>
  <node id="976966759" lat="48.1480741" lon="11.5769893"/>
  <node id="985216337" lat="48.1543252" lon="11.5753930"/>
  <node id="1041430752" lat="48.1496233" lon="11.5808635"/>
  <node id="1078841350" lat="48.1490647" lon="11.5806022">
    <tag k="button_operated" v="no"/>
    <tag k="crossing" v="traffic_signals"/>
    <tag k="highway" v="crossing"/>
    <tag k="tactile_paving" v="no"/>
    <tag k="traffic_signals:sound" v="yes"/>
    <tag k="traffic_signals:vibration" v="yes"/>
  </node>
  <node id="1078841388" lat="48.1488930" lon="11.5805219">
    <tag k="button_operated" v="yes"/>
    <tag k="check_date:tactile_paving" v="2024-09-08"/>
    <tag k="crossing" v="traffic_signals"/>
    <tag k="crossing:island" v="yes"/>
    <tag k="highway" v="crossing"/>
    <tag k="tactile_paving" v="no"/>
    <tag k="traffic_signals:sound" v="yes"/>
    <tag k="traffic_signals:vibration" v="no"/>
  </node>
  <node id="1133140597" lat="48.1531624" lon="11.5757345"/>
  <node id="1307632421" lat="48.1472689" lon="11.5779191"/>
  <node id="1315348781" lat="48.1487740" lon="11.5726105"/>
  <node id="1318875725" lat="48.1506999" lon="11.5805672"/>
  <node id="1326631482" lat="48.1489292" lon="11.5688635"/>
  <node id="1326631495" lat="48.1482122" lon="11.5714495"/>
  <node id="1344352538" lat="48.1503259" lon="11.5716877"/>
  <node id="1344352547" lat="48.1501321" lon="11.5723821"/>
  <node id="1402091614" lat="48.1503473" lon="11.5806543"/>
  <node id="1562831708" lat="48.1489689" lon="11.5719158"/>
  <node id="1562831710" lat="48.1510353" lon="11.5732596">
    <tag k="crossing:barrier" v="no"/>
    <tag k="railway" v="tram_level_crossing"/>
  </node>
  <node id="1628699897" lat="48.1476463" lon="11.5742363"/>
  <node id="1669909107" lat="48.1519368" lon="11.5795049"/>
  <node id="1669909108" lat="48.1525282" lon="11.5774371">
    <tag k="highway" v="traffic_signals"/>
  </node>
  <node id="1679831907" lat="48.1489562" lon="11.5719612"/>
  <node id="1679831925" lat="48.1491800" lon="11.5720790"/>
  <node id="1679831932" lat="48.1500636" lon="11.5726276"/>
  <node id="1679831934" lat="48.1510271" lon="11.5732908">
    <tag k="crossing:barrier" v="no"/>
    <tag k="railway" v="tram_level_crossing"/>
  </node>
  <node id="1679831940" lat="48.1517367" lon="11.5737094"/>
  <node id="1679831941" lat="48.1521708" lon="11.5740262"/>
  <node id="1679831952" lat="48.1525075" lon="11.5742038"/>
  <node id="1679831954" lat="48.1532963" lon="11.5747498"/>
  <node id="1679831959" lat="48.1533061" lon="11.5747160"/>
  <node id="1679831962" lat="48.1539927" lon="11.5751956"/>
  <node id="1679831965" lat="48.1540033" lon="11.5751606"/>
  <node id="1680052328" lat="48.1544771" lon="11.5754856"/>
  <node id="1680052354" lat="48.1545882" lon="11.5754623"/>
  <node id="1770337075" lat="48.1478661" lon="11.5712239"/>
  <node id="2155840718" lat="48.1482654" lon="11.5746422">
    <tag k="button_operated" v="no"/>
    <tag k="crossing:signals" v="yes"/>
    <tag k="highway" v="crossing"/>
    <tag k="tactile_paving" v="no"/>
    <tag k="traffic_signals:sound" v="yes"/>
    <tag k="traffic_signals:vibration" v="yes"/>
  </node>
  <node id="2155845159" lat="48.1476712" lon="11.5767363">
    <tag k="button_operated" v="no"/>
    <tag k="crossing:markings" v="yes"/>
    <tag k="crossing:signals" v="yes"/>
    <tag k="highway" v="crossing"/>
    <tag k="tactile_paving" v="no"/>
    <tag k="traffic_signals:sound" v="yes"/>
    <tag k="traffic_signals:vibration" v="yes"/>
  </node>
  <node id="2440489870" lat="48.1520062" lon="11.5698057"/>
  <node id="2440489881" lat="48.1523679" lon="11.5685330"/>
  <node id="2440511937" lat="48.1539438" lon="11.5680318"/>
  <node id="2440548596" lat="48.1542035" lon="11.5716265"/>
  <node id="2514355527" lat="48.1537319" lon="11.5779987"/>
  <node id="2518837648" lat="48.1538751" lon="11.5782995"/>
  <node id="2548484600" lat="48.1510171" lon="11.5808820"/>
  <node id="2570330020" lat="48.1546763" lon="11.5792929"/>
  <node id="2570330021" lat="48.1547251" lon="11.5788554"/>
  <node id="2589265347" lat="48.1483237" lon="11.5771516"/>
  <node id="2589265387" lat="48.1485017" lon="11.5747979"/>
  <node id="2602955220" lat="48.1488967" lon="11.5750684"/>
  <node id="2739597253" lat="48.1487661" lon="11.5804625">
    <tag k="bus" v="yes"/>
    <tag k="description" v="Bus Stop, 150/N40/N41/N45 Ri.Hauptbahnhof/Kl.Großhadern/Fürstenried West/Waldperlach"/>
    <tag k="mvv:zone" v="M"/>
    <tag k="name" v="Universität"/>
    <tag k="public_transport" v="stop_position"/>
    <tag k="wheelchair" v="yes"/>
  </node>
  <node id="2739597263" lat="48.1494777" lon="11.5807954">
    <tag k="bus" v="yes"/>
    <tag k="description" v="Bus Stop, 150/N40/N41/N45 Ri.Tivolistraße/Kieferngarten/Dülferstraße/Münchner Freiheit"/>
    <tag k="mvv:zone" v="M"/>
    <tag k="name" v="Universität"/>
    <tag k="public_transport" v="stop_position"/>
  </node>
  <node id="2795288307" lat="48.1510585" lon="11.5809912"/>
  <node id="2795288308" lat="48.1506089" lon="11.5805524"/>
  <node id="2795288311" lat="48.1509643" lon="11.5807846"/>
  <node id="2830274756" lat="48.1520456" lon="11.5748125"/>
  <node id="2830274757" lat="48.1520230" lon="11.5749521"/>
  <node id="2830274768" lat="48.1519499" lon="11.5754162"/>
  <node id="2830289478" lat="48.1527957" lon="11.5744083"/>
  <node id="2830289489" lat="48.1506597" lon="11.5745979"/>
  <node id="2830289616" lat="48.1504335" lon="11.5728890"/>
  <node id="2830289618" lat="48.1498255" lon="11.5724961"/>
  <node id="2830289624" lat="48.1500309" lon="11.5726288"/>
  <node id="2836350886" lat="48.1484844" lon="11.5736444"/>
  <node id="2836350889" lat="48.1485839" lon="11.5732877"/>
  <node id="2836367311" lat="48.1502165" lon="11.5720798"/>
  <node id="2836367313" lat="48.1512746" lon="11.5683090"/>
  <node id="2836367318" lat="48.1512867" lon="11.5682673"/>
  <node id="2844759599" lat="48.1509044" lon="11.5716278"/>
  <node id="2889240729" lat="48.1493261" lon="11.5778032"/>
  <node id="2898180096" lat="48.1498026" lon="11.5689472"/>
  <node id="2898183206" lat="48.1490325" lon="11.5689306"/>
  <node id="2898183208" lat="48.1482500" lon="11.5684276"/>
  <node id="3153419924" lat="48.1492944" lon="11.5707560"/>
  <node id="3153419927" lat="48.1495429" lon="11.5692612"/>
  <node id="3153426217" lat="48.1477564" lon="11.5681121"/>
  <node id="3451083084" lat="48.1486459" lon="11.5686815"/>
  <node id="3451083085" lat="48.1497451" lon="11.5691510"/>
  <node id="3486819301" lat="48.1490669" lon="11.5802428">
    <tag k="bus" v="yes"/>
    <tag k="description" v="Bus Stop, 153/154 Ri.Odeonsplatz/Bruno-Walter-Ring"/>
    <tag k="mvv:zone" v="M"/>
    <tag k="name" v="Universität"/>
    <tag k="public_transport" v="stop_position"/>
    <tag k="wheelchair" v="yes"/>
  </node>
  <node id="3505015540" lat="48.1510060" lon="11.5733645">
    <tag k="button_operated" v="no"/>
    <tag k="crossing" v="traffic_signals"/>
    <tag k="crossing:bicycle" v="no"/>
    <tag k="crossing_ref" v="pelican"/>
    <tag k="highway" v="traffic_signals"/>
    <tag k="tactile_paving" v="no"/>
    <tag k="traffic_signals:sound" v="yes"/>
    <tag k="traffic_signals:vibration" v="yes"/>
  </node>
  <node id="3505015541" lat="48.1510492" lon="11.5732107"/>
  <node id="3580335712" lat="48.1509691" lon="11.5732351">
    <tag k="button_operated" v="no"/>
    <tag k="crossing" v="traffic_signals"/>
    <tag k="crossing:bicycle" v="no"/>
    <tag k="crossing_ref" v="pelican"/>
    <tag k="highway" v="traffic_signals"/>
    <tag k="tactile_paving" v="no"/>
    <tag k="traffic_signals:sound" v="yes"/>
    <tag k="traffic_signals:vibration" v="yes"/>
  </node>
  <node id="3580335715" lat="48.1510581" lon="11.5731793">
    <tag k="button_operated" v="no"/>
    <tag k="crossing" v="traffic_signals"/>
    <tag k="crossing:bicycle" v="no"/>
    <tag k="crossing_ref" v="pelican"/>
    <tag k="highway" v="traffic_signals"/>
    <tag k="tactile_paving" v="no"/>
    <tag k="traffic_signals:sound" v="yes"/>
    <tag k="traffic_signals:vibration" v="yes"/>
  </node>
  <node id="3580335718" lat="48.1510946" lon="11.5733159">
    <tag k="button_operated" v="no"/>
    <tag k="crossing" v="traffic_signals"/>
    <tag k="crossing:bicycle" v="no"/>
    <tag k="crossing_ref" v="pelican"/>
    <tag k="highway" v="traffic_signals"/>
    <tag k="tactile_paving" v="no"/>
    <tag k="traffic_signals:sound" v="yes"/>
    <tag k="traffic_signals:vibration" v="yes"/>
  </node>
  <node id="3580335731" lat="48.1517586" lon="11.5736332"/>
  <node id="3580395763" lat="48.1488952" lon="11.5718946">
    <tag k="button_operated" v="no"/>
    <tag k="crossing" v="traffic_signals"/>
    <tag k="crossing:bicycle" v="no"/>
    <tag k="crossing_ref" v="pelican"/>
    <tag k="highway" v="traffic_signals"/>
    <tag k="tactile_paving" v="no"/>
    <tag k="traffic_signals:sound" v="no"/>
    <tag k="traffic_signals:vibration" v="yes"/>
  </node>
  <node id="3580395765" lat="48.1489408" lon="11.5720159">
    <tag k="button_operated" v="no"/>
    <tag k="crossing" v="traffic_signals"/>
    <tag k="crossing:bicycle" v="no"/>
    <tag k="crossing_ref" v="pelican"/>
    <tag k="highway" v="traffic_signals"/>
    <tag k="tactile_paving" v="no"/>
    <tag k="traffic_signals:sound" v="yes"/>
    <tag k="traffic_signals:vibration" v="yes"/>
  </node>
  <node id="3580395767" lat="48.1489999" lon="11.5718053">
    <tag k="button_operated" v="no"/>
    <tag k="crossing" v="traffic_signals"/>
    <tag k="crossing:bicycle" v="no"/>
    <tag k="crossing_ref" v="pelican"/>
    <tag k="highway" v="traffic_signals"/>
    <tag k="tactile_paving" v="no"/>
    <tag k="traffic_signals:sound" v="yes"/>
    <tag k="traffic_signals:vibration" v="yes"/>
  </node>
  <node id="3580395770" lat="48.1490132" lon="11.5719713">
    <tag k="button_operated" v="no"/>
    <tag k="crossing" v="traffic_signals"/>
    <tag k="crossing:bicycle" v="no"/>
    <tag k="crossing_ref" v="pelican"/>
    <tag k="highway" v="traffic_signals"/>
    <tag k="tactile_paving" v="no"/>
    <tag k="traffic_signals:sound" v="no"/>
    <tag k="traffic_signals:vibration" v="yes"/>
  </node>
  <node id="3580395784" lat="48.1500828" lon="11.5725585">
    <tag k="crossing:markings" v="no"/>
    <tag k="crossing:signals" v="no"/>
    <tag k="highway" v="crossing"/>
    <tag k="tactile_paving" v="no"/>
  </node>
  <node id="3608601612" lat="48.1503353" lon="11.5716542"/>
  <node id="3684105632" lat="48.1470612" lon="11.5786817"/>
  <node id="3684105636" lat="48.1470789" lon="11.5786167"/>
  <node id="3693961640" lat="48.1543113" lon="11.5755544"/>
  <node id="3693961641" lat="48.1543257" lon="11.5762907"/>
  <node id="3757402785" lat="48.1510823" lon="11.5730881">
    <tag k="bus" v="yes"/>
    <tag k="description" v="Schellingstraße, Stop Bus 153/154 Richtung Odeonsplatz/Bruno-Walter-Ring"/>
    <tag k="mvv:zone" v="M"/>
    <tag k="name" v="Schellingstraße"/>
    <tag k="public_transport" v="stop_position"/>
    <tag k="wheelchair" v="yes"/>
  </node>
  <node id="3811556859" lat="48.1518310" lon="11.5704269">
    <tag k="bus" v="yes"/>
    <tag k="mvv:zone" v="M"/>
    <tag k="name" v="Arcisstraße"/>
    <tag k="public_transport" v="stop_position"/>
    <tag k="wheelchair" v="yes"/>
  </node>
  <node id="3811913890" lat="48.1502334" lon="11.5761141">
    <tag k="bus" v="yes"/>
    <tag k="mvv:zone" v="M"/>
    <tag k="name" v="Türkenstraße"/>
    <tag k="public_transport" v="stop_position"/>
    <tag k="wheelchair" v="yes"/>
  </node>
  <node id="3813915947" lat="48.1516851" lon="11.5706426">
    <tag k="button_operated" v="no"/>
    <tag k="crossing" v="traffic_signals"/>
    <tag k="crossing:island" v="yes"/>
    <tag k="crossing:markings" v="dashes"/>
    <tag k="crossing_ref" v="pelican"/>
    <tag k="highway" v="crossing"/>
    <tag k="tactile_paving" v="no"/>
    <tag k="traffic_signals:sound" v="yes"/>
    <tag k="traffic_signals:vibration" v="yes"/>
  </node>
  <node id="3813915949" lat="48.1517227" lon="11.5708085">
    <tag k="button_operated" v="no"/>
    <tag k="crossing" v="traffic_signals"/>
    <tag k="crossing:island" v="yes"/>
    <tag k="crossing:markings" v="dashes"/>
    <tag k="crossing_ref" v="pelican"/>
    <tag k="highway" v="crossing"/>
    <tag k="tactile_paving" v="no"/>
    <tag k="traffic_signals:sound" v="yes"/>
    <tag k="traffic_signals:vibration" v="yes"/>
  </node>
  <node id="3813915952" lat="48.1518357" lon="11.5707391">
    <tag k="button_operated" v="no"/>
    <tag k="crossing" v="traffic_signals"/>
    <tag k="crossing:island" v="yes"/>
    <tag k="crossing:markings" v="dashes"/>
    <tag k="crossing_ref" v="pelican"/>
    <tag k="highway" v="crossing"/>
    <tag k="tactile_paving" v="no"/>
    <tag k="traffic_signals:sound" v="yes"/>
    <tag k="traffic_signals:vibration" v="yes"/>
  </node>
  <node id="3818918482" lat="48.1490427" lon="11.5803328">
    <tag k="button_operated" v="yes"/>
    <tag k="crossing" v="traffic_signals"/>
    <tag k="crossing:island" v="no"/>
    <tag k="crossing_ref" v="pelican"/>
    <tag k="highway" v="crossing"/>
    <tag k="tactile_paving" v="yes"/>
    <tag k="traffic_signals:sound" v="yes"/>
    <tag k="traffic_signals:vibration" v="yes"/>
  </node>
  <node id="3906092200" lat="48.1547834" lon="11.5696335"/>
  <node id="3946157827" lat="48.1502168" lon="11.5759209">
    <tag k="button_operated" v="yes"/>
    <tag k="crossing" v="traffic_signals"/>
    <tag k="crossing:island" v="no"/>
    <tag k="highway" v="crossing"/>
    <tag k="tactile_paving" v="no"/>
    <tag k="traffic_signals:sound" v="yes"/>
    <tag k="traffic_signals:vibration" v="yes"/>
  </node>
  <node id="3946157829" lat="48.1503062" lon="11.5758596">
    <tag k="button_operated" v="no"/>
    <tag k="crossing" v="traffic_signals"/>
    <tag k="crossing:island" v="no"/>
    <tag k="highway" v="crossing"/>
    <tag k="tactile_paving" v="no"/>
    <tag k="traffic_signals:sound" v="yes"/>
    <tag k="traffic_signals:vibration" v="yes"/>
  </node>
  <node id="3946157840" lat="48.1524100" lon="11.5680911">
    <tag k="button_operated" v="no"/>
    <tag k="crossing" v="traffic_signals"/>
    <tag k="crossing:island" v="no"/>
    <tag k="highway" v="crossing"/>
    <tag k="tactile_paving" v="no"/>
    <tag k="traffic_signals:sound" v="yes"/>
    <tag k="traffic_signals:vibration" v="yes"/>
  </node>
  <node id="3946157843" lat="48.1525102" lon="11.5680434">
    <tag k="button_operated" v="no"/>
    <tag k="crossing" v="traffic_signals"/>
    <tag k="crossing:island" v="no"/>
    <tag k="highway" v="crossing"/>
    <tag k="kerb" v="lowered"/>
    <tag k="tactile_paving" v="no"/>
    <tag k="traffic_signals:sound" v="yes"/>
    <tag k="traffic_signals:vibration" v="yes"/>
  </node>
  <node id="3953206286" lat="48.1475641" lon="11.5681539">
    <tag k="button_operated" v="no"/>
    <tag k="crossing" v="traffic_signals"/>
    <tag k="highway" v="crossing"/>
    <tag k="tactile_paving" v="no"/>
    <tag k="traffic_signals:sound" v="yes"/>
    <tag k="traffic_signals:vibration" v="yes"/>
  </node>
  <node id="3953423473" lat="48.1481147" lon="11.5745402">
    <tag k="button_operated" v="no"/>
    <tag k="crossing" v="traffic_signals"/>
    <tag k="highway" v="crossing"/>
    <tag k="kerb" v="lowered"/>
    <tag k="tactile_paving" v="no"/>
    <tag k="traffic_signals:sound" v="no"/>
    <tag k="traffic_signals:vibration" v="yes"/>
  </node>
  <node id="3953423474" lat="48.1481842" lon="11.5747112">
    <tag k="button_operated" v="no"/>
    <tag k="crossing" v="traffic_signals"/>
    <tag k="crossing:island" v="no"/>
    <tag k="highway" v="crossing"/>
    <tag k="tactile_paving" v="no"/>
    <tag k="traffic_signals:sound" v="no"/>
    <tag k="traffic_signals:vibration" v="yes"/>
  </node>
  <node id="3953738573" lat="48.1529451" lon="11.5717868"/>
  <node id="3953738574" lat="48.1529549" lon="11.5718479"/>
  <node id="3953738575" lat="48.1529561" lon="11.5716649"/>
  <node id="3953738576" lat="48.1529719" lon="11.5719078"/>
  <node id="3953738577" lat="48.1530212" lon="11.5719927"/>
  <node id="3953738578" lat="48.1530535" lon="11.5720269"/>
  <node id="3953738579" lat="48.1532093" lon="11.5721225"/>
  <node id="3953738580" lat="48.1532451" lon="11.5721311"/>
  <node id="3953738581" lat="48.1533217" lon="11.5721279"/>
  <node id="3953738582" lat="48.1533576" lon="11.5721169"/>
  <node id="3953738583" lat="48.1533930" lon="11.5720910"/>
  <node id="3953738584" lat="48.1534653" lon="11.5719770"/>
  <node id="3966143623" lat="48.1513497" lon="11.5719049">
    <tag k="crossing:markings" v="no"/>
    <tag k="crossing:signals" v="no"/>
    <tag k="highway" v="crossing"/>
    <tag k="tactile_paving" v="no"/>
  </node>
  <node id="3966267732" lat="48.1503336" lon="11.5716600"/>
  <node id="3966267737" lat="48.1504711" lon="11.5713516">
    <tag k="crossing:markings" v="no"/>
    <tag k="crossing:signals" v="no"/>
    <tag k="highway" v="crossing"/>
    <tag k="tactile_paving" v="no"/>
  </node>
  <node id="4019702605" lat="48.1542385" lon="11.5680021">
    <tag k="crossing" v="unmarked"/>
    <tag k="crossing:island" v="no"/>
    <tag k="crossing:markings" v="no"/>
    <tag k="highway" v="crossing"/>
    <tag k="tactile_paving" v="no"/>
  </node>
  <node id="4019702608" lat="48.1543584" lon="11.5680892">
    <tag k="button_operated" v="yes"/>
    <tag k="crossing" v="traffic_signals"/>
    <tag k="crossing:island" v="no"/>
    <tag k="highway" v="crossing"/>
    <tag k="tactile_paving" v="yes"/>
    <tag k="traffic_signals:sound" v="yes"/>
  </node>
  <node id="4030168339" lat="48.1491264" lon="11.5776744"/>
  <node id="4208491065" lat="48.1506571" lon="11.5730335"/>
  <node id="4213892306" lat="48.1505414" lon="11.5709155"/>
  <node id="4466373441" lat="48.1493306" lon="11.5807266"/>
  <node id="4476505946" lat="48.1491860" lon="11.5798130"/>
  <node id="4532822645" lat="48.1517439" lon="11.5801562"/>
  <node id="4532822653" lat="48.1515968" lon="11.5806532"/>
  <node id="4534215932" lat="48.1512942" lon="11.5790917"/>
  <node id="4534215940" lat="48.1518616" lon="11.5769907"/>
  <node id="4534884740" lat="48.1488224" lon="11.5687949"/>
  <node id="4638819851" lat="48.1511616" lon="11.5703070"/>
  <node id="4639828771" lat="48.1522409" lon="11.5719564"/>
  <node id="4743056825" lat="48.1506228" lon="11.5747292"/>
  <node id="4753785224" lat="48.1496548" lon="11.5808783"/>
  <node id="4958918514" lat="48.1529172" lon="11.5758160"/>
  <node id="5964210859" lat="48.1497031" lon="11.5779481">
    <tag k="button_operated" v="no"/>
    <tag k="crossing" v="traffic_signals"/>
    <tag k="crossing:island" v="no"/>
    <tag k="highway" v="crossing"/>
    <tag k="tactile_paving" v="no"/>
    <tag k="traffic_signals:sound" v="yes"/>
    <tag k="traffic_signals:vibration" v="yes"/>
  </node>
  <node id="5964210860" lat="48.1497385" lon="11.5780723">
    <tag k="button_operated" v="no"/>
    <tag k="crossing" v="traffic_signals"/>
    <tag k="highway" v="crossing"/>
    <tag k="tactile_paving" v="no"/>
    <tag k="traffic_signals:sound" v="yes"/>
    <tag k="traffic_signals:vibration" v="yes"/>
  </node>
  <node id="5964210861" lat="48.1496275" lon="11.5779983">
    <tag k="button_operated" v="no"/>
    <tag k="crossing" v="traffic_signals"/>
    <tag k="highway" v="crossing"/>
    <tag k="tactile_paving" v="no"/>
    <tag k="traffic_signals:sound" v="yes"/>
    <tag k="traffic_signals:vibration" v="yes"/>
  </node>
  <node id="5964210862" lat="48.1496509" lon="11.5781284">
    <tag k="button_operated" v="no"/>
    <tag k="crossing" v="traffic_signals"/>
    <tag k="crossing:island" v="no"/>
    <tag k="highway" v="crossing"/>
    <tag k="tactile_paving" v="no"/>
    <tag k="traffic_signals:sound" v="yes"/>
    <tag k="traffic_signals:vibration" v="yes"/>
  </node>
  <node id="5991588503" lat="48.1507526" lon="11.5805876"/>
  <node id="6032284003" lat="48.1544004" lon="11.5754385"/>
  <node id="6032284004" lat="48.1543583" lon="11.5754130"/>
  <node id="6032284009" lat="48.1544489" lon="11.5754592"/>
  <node id="6258685327" lat="48.1531042" lon="11.5779276">
    <tag k="crossing" v="marked"/>
    <tag k="crossing:island" v="no"/>
    <tag k="crossing:markings" v="yes"/>
    <tag k="highway" v="crossing"/>
    <tag k="kerb" v="lowered"/>
    <tag k="tactile_paving" v="no"/>
  </node>
  <node id="6258685351" lat="48.1547027" lon="11.5790562">
    <tag k="crossing" v="zebra"/>
    <tag k="crossing:island" v="no"/>
    <tag k="flashing_lights" v="no"/>
    <tag k="highway" v="crossing"/>
    <tag k="kerb" v="lowered"/>
    <tag k="tactile_paving" v="yes"/>
  </node>
  <node id="6262887387" lat="48.1508511" lon="11.5701080">
    <tag k="crossing" v="marked"/>
    <tag k="crossing:island" v="no"/>
    <tag k="crossing:markings" v="zebra"/>
    <tag k="highway" v="crossing"/>
    <tag k="kerb" v="lowered"/>
    <tag k="tactile_paving" v="yes"/>
  </node>
  <node id="6342094014" lat="48.1480364" lon="11.5769656"/>
  <node id="6342094026" lat="48.1477913" lon="11.5800064"/>
  <node id="6351290209" lat="48.1474917" lon="11.5798662"/>
  <node id="6386705974" lat="48.1474365" lon="11.5773092"/>
  <node id="6386705975" lat="48.1473200" lon="11.5777316"/>
  <node id="6386705979" lat="48.1473282" lon="11.5777013"/>
  <node id="6386707486" lat="48.1473718" lon="11.5775410"/>
  <node id="6386707490" lat="48.1474461" lon="11.5772764"/>
  <node id="6420639785" lat="48.1482644" lon="11.5771131"/>
  <node id="6532448292" lat="48.1507262" lon="11.5702536"/>
  <node id="7416353777" lat="48.1549306" lon="11.5771137"/>
  <node id="7659237451" lat="48.1547950" lon="11.5782596"/>
  <node id="7729710098" lat="48.1543487" lon="11.5786098"/>
  <node id="7842713634" lat="48.1482726" lon="11.5802316"/>
  <node id="8057974437" lat="48.1510676" lon="11.5690205"/>
  <node id="8132043575" lat="48.1510514" lon="11.5690736"/>
  <node id="8271821933" lat="48.1504880" lon="11.5729242"/>
  <node id="8500644989" lat="48.1478184" lon="11.5711928"/>
  <node id="8748689411" lat="48.1476836" lon="11.5680644">
    <tag k="button_operated" v="no"/>
    <tag k="crossing" v="traffic_signals"/>
    <tag k="crossing:island" v="no"/>
    <tag k="highway" v="crossing"/>
    <tag k="tactile_paving" v="no"/>
    <tag k="traffic_signals:sound" v="yes"/>
    <tag k="traffic_signals:vibration" v="yes"/>
  </node>
  <node id="8748721317" lat="48.1497108" lon="11.5692726">
    <tag k="button_operated" v="no"/>
    <tag k="check_date:tactile_paving" v="2026-02-03"/>
    <tag k="crossing" v="traffic_signals"/>
    <tag k="highway" v="crossing"/>
    <tag k="tactile_paving" v="no"/>
    <tag k="traffic_signals:sound" v="yes"/>
    <tag k="traffic_signals:vibration" v="yes"/>
  </node>
  <node id="8748721318" lat="48.1497489" lon="11.5693911">
    <tag k="button_operated" v="no"/>
    <tag k="check_date:tactile_paving" v="2026-03-21"/>
    <tag k="crossing" v="traffic_signals"/>
    <tag k="crossing:island" v="no"/>
    <tag k="highway" v="crossing"/>
    <tag k="tactile_paving" v="no"/>
    <tag k="traffic_signals:sound" v="yes"/>
    <tag k="traffic_signals:vibration" v="yes"/>
  </node>
  <node id="8748721324" lat="48.1496506" lon="11.5694870">
    <tag k="button_operated" v="no"/>
    <tag k="check_date:tactile_paving" v="2026-03-21"/>
    <tag k="crossing" v="traffic_signals"/>
    <tag k="highway" v="crossing"/>
    <tag k="tactile_paving" v="no"/>
    <tag k="traffic_signals:sound" v="yes"/>
    <tag k="traffic_signals:vibration" v="yes"/>
  </node>
  <node id="8748721326" lat="48.1496302" lon="11.5695596"/>
  <node id="8748721378" lat="48.1485914" lon="11.5732609"/>
  <node id="8748721379" lat="48.1484779" lon="11.5736653"/>
  <node id="8748721380" lat="48.1484037" lon="11.5739296"/>
  <node id="8748721394" lat="48.1503252" lon="11.5759912">
    <tag k="button_operated" v="no"/>
    <tag k="crossing" v="traffic_signals"/>
    <tag k="crossing:island" v="no"/>
    <tag k="highway" v="crossing"/>
    <tag k="tactile_paving" v="no"/>
    <tag k="traffic_signals:sound" v="yes"/>
    <tag k="traffic_signals:vibration" v="yes"/>
  </node>
  <node id="8748721412" lat="48.1525082" lon="11.5775071">
    <tag k="crossing" v="unmarked"/>
    <tag k="crossing:markings" v="no"/>
    <tag k="highway" v="crossing"/>
    <tag k="tactile_paving" v="no"/>
  </node>
  <node id="8748721440" lat="48.1546505" lon="11.5788066">
    <tag k="crossing" v="unmarked"/>
    <tag k="crossing:island" v="no"/>
    <tag k="crossing:markings" v="no"/>
    <tag k="highway" v="crossing"/>
    <tag k="tactile_paving" v="no"/>
  </node>
  <node id="8748721450" lat="48.1537245" lon="11.5780519">
    <tag k="crossing" v="unmarked"/>
    <tag k="crossing:island" v="no"/>
    <tag k="crossing:markings" v="no"/>
    <tag k="highway" v="crossing"/>
    <tag k="tactile_paving" v="no"/>
  </node>
  <node id="8748721452" lat="48.1525600" lon="11.5773258">
    <tag k="crossing" v="unmarked"/>
    <tag k="crossing:markings" v="no"/>
    <tag k="highway" v="crossing"/>
    <tag k="tactile_paving" v="no"/>
  </node>
  <node id="8748721460" lat="48.1517271" lon="11.5767911">
    <tag k="crossing" v="unmarked"/>
    <tag k="crossing:markings" v="no"/>
    <tag k="highway" v="crossing"/>
    <tag k="tactile_paving" v="no"/>
  </node>
  <node id="8748721468" lat="48.1529378" lon="11.5758069">
    <tag k="crossing" v="unmarked"/>
    <tag k="crossing:island" v="no"/>
    <tag k="crossing:markings" v="no"/>
    <tag k="highway" v="crossing"/>
    <tag k="tactile_paving" v="no"/>
  </node>
  <node id="8748721469" lat="48.1518978" lon="11.5759741">
    <tag k="crossing" v="unmarked"/>
    <tag k="crossing:island" v="no"/>
    <tag k="crossing:markings" v="no"/>
    <tag k="highway" v="crossing"/>
    <tag k="tactile_paving" v="no"/>
  </node>
  <node id="8748721479" lat="48.1537597" lon="11.5734100">
    <tag k="crossing" v="unmarked"/>
    <tag k="crossing:markings" v="no"/>
    <tag k="highway" v="crossing"/>
    <tag k="tactile_paving" v="no"/>
  </node>
  <node id="8748721481" lat="48.1533604" lon="11.5747707">
    <tag k="crossing" v="unmarked"/>
    <tag k="crossing:island" v="no"/>
    <tag k="crossing:markings" v="no"/>
    <tag k="highway" v="crossing"/>
    <tag k="tactile_paving" v="no"/>
  </node>
  <node id="8748721483" lat="48.1530793" lon="11.5757445">
    <tag k="crossing" v="unmarked"/>
    <tag k="crossing:island" v="no"/>
    <tag k="crossing:markings" v="no"/>
    <tag k="highway" v="crossing"/>
    <tag k="tactile_paving" v="no"/>
  </node>
  <node id="8748721484" lat="48.1528686" lon="11.5765301">
    <tag k="crossing" v="unmarked"/>
    <tag k="crossing:markings" v="no"/>
    <tag k="highway" v="crossing"/>
    <tag k="tactile_paving" v="no"/>
  </node>
  <node id="8748721494" lat="48.1538808" lon="11.5763610">
    <tag k="crossing" v="unmarked"/>
    <tag k="crossing:markings" v="no"/>
    <tag k="highway" v="crossing"/>
    <tag k="tactile_paving" v="no"/>
  </node>
  <node id="8748721496" lat="48.1540260" lon="11.5763355">
    <tag k="crossing" v="unmarked"/>
    <tag k="crossing:markings" v="no"/>
    <tag k="highway" v="crossing"/>
    <tag k="tactile_paving" v="no"/>
  </node>
  <node id="8748896817" lat="48.1524569" lon="11.5682199">
    <tag k="button_operated" v="no"/>
    <tag k="crossing" v="traffic_signals"/>
    <tag k="crossing:island" v="no"/>
    <tag k="highway" v="crossing"/>
    <tag k="tactile_paving" v="no"/>
    <tag k="traffic_signals:sound" v="yes"/>
    <tag k="traffic_signals:vibration" v="yes"/>
  </node>
  <node id="8748896852" lat="48.1536547" lon="11.5680711"/>
  <node id="8844818000" lat="48.1518877" lon="11.5794724">
    <tag k="crossing" v="unmarked"/>
    <tag k="crossing:island" v="no"/>
    <tag k="crossing:markings" v="no"/>
    <tag k="highway" v="crossing"/>
    <tag k="tactile_paving" v="no"/>
  </node>
  <node id="8844818001" lat="48.1519584" lon="11.5794293">
    <tag k="crossing" v="unmarked"/>
    <tag k="crossing:island" v="no"/>
    <tag k="crossing:markings" v="no"/>
    <tag k="highway" v="crossing"/>
    <tag k="tactile_paving" v="no"/>
  </node>
  <node id="8844818002" lat="48.1519130" lon="11.5795853">
    <tag k="crossing" v="unmarked"/>
    <tag k="crossing:island" v="no"/>
    <tag k="crossing:markings" v="no"/>
    <tag k="highway" v="crossing"/>
    <tag k="tactile_paving" v="no"/>
  </node>
  <node id="8844818003" lat="48.1519958" lon="11.5795436">
    <tag k="crossing" v="unmarked"/>
    <tag k="crossing:island" v="no"/>
    <tag k="crossing:markings" v="no"/>
    <tag k="highway" v="crossing"/>
    <tag k="tactile_paving" v="no"/>
  </node>
  <node id="8867980129" lat="48.1525722" lon="11.5799222">
    <tag k="crossing" v="unmarked"/>
    <tag k="crossing:markings" v="no"/>
    <tag k="highway" v="crossing"/>
    <tag k="tactile_paving" v="no"/>
  </node>
  <node id="8867980130" lat="48.1526473" lon="11.5800451">
    <tag k="crossing" v="unmarked"/>
    <tag k="crossing:island" v="no"/>
    <tag k="crossing:markings" v="no"/>
    <tag k="highway" v="crossing"/>
    <tag k="tactile_paving" v="no"/>
  </node>
  <node id="9130164146" lat="48.1537502" lon="11.5778747"/>
  <node id="9508320100" lat="48.1518541" lon="11.5703470"/>
  <node id="9508320101" lat="48.1514712" lon="11.5719801">
    <tag k="crossing:markings" v="no"/>
    <tag k="crossing:signals" v="no"/>
    <tag k="highway" v="crossing"/>
    <tag k="tactile_paving" v="no"/>
  </node>
  <node id="9508370962" lat="48.1523946" lon="11.5684351"/>
  <node id="9576023917" lat="48.1476686" lon="11.5680546"/>
  <node id="9699117436" lat="48.1515303" lon="11.5808828"/>
  <node id="9717748425" lat="48.1502467" lon="11.5760686">
    <tag k="button_operated" v="yes"/>
    <tag k="crossing" v="traffic_signals"/>
    <tag k="crossing:island" v="no"/>
    <tag k="highway" v="crossing"/>
    <tag k="tactile_paving" v="no"/>
    <tag k="traffic_signals:sound" v="yes"/>
    <tag k="traffic_signals:vibration" v="yes"/>
  </node>
  <node id="9717748426" lat="48.1501873" lon="11.5759019">
    <tag k="highway" v="traffic_signals"/>
  </node>
  <node id="9717748427" lat="48.1503167" lon="11.5758222">
    <tag k="direction" v="backward"/>
    <tag k="highway" v="traffic_signals"/>
  </node>
  <node id="9717748428" lat="48.1502370" lon="11.5761019">
    <tag k="direction" v="forward"/>
    <tag k="highway" v="traffic_signals"/>
  </node>
  <node id="10146614933" lat="48.1475957" lon="11.5767684">
    <tag k="button_operated" v="no"/>
    <tag k="crossing:island" v="no"/>
    <tag k="crossing:signals" v="yes"/>
    <tag k="highway" v="crossing"/>
    <tag k="tactile_paving" v="no"/>
    <tag k="traffic_signals:sound" v="yes"/>
    <tag k="traffic_signals:vibration" v="yes"/>
  </node>
  <node id="10146614935" lat="48.1476436" lon="11.5766030">
    <tag k="button_operated" v="no"/>
    <tag k="crossing:island" v="no"/>
    <tag k="crossing:signals" v="yes"/>
    <tag k="highway" v="crossing"/>
    <tag k="tactile_paving" v="no"/>
    <tag k="traffic_signals:sound" v="yes"/>
    <tag k="traffic_signals:vibration" v="yes"/>
  </node>
  <node id="10146614956" lat="48.1475677" lon="11.5766702">
    <tag k="button_operated" v="no"/>
    <tag k="crossing:island" v="no"/>
    <tag k="crossing:signals" v="yes"/>
    <tag k="highway" v="crossing"/>
    <tag k="tactile_paving" v="no"/>
    <tag k="traffic_signals:sound" v="yes"/>
    <tag k="traffic_signals:vibration" v="yes"/>
  </node>
  <node id="10146614957" lat="48.1473650" lon="11.5773530">
    <tag k="crossing:markings" v="no"/>
    <tag k="crossing:signals" v="no"/>
    <tag k="highway" v="crossing"/>
    <tag k="tactile_paving" v="no"/>
  </node>
  <node id="10174605163" lat="48.1532794" lon="11.5748102">
    <tag k="button_operated" v="no"/>
    <tag k="crossing" v="traffic_signals"/>
    <tag k="highway" v="crossing"/>
    <tag k="tactile_paving" v="no"/>
    <tag k="traffic_signals:sound" v="yes"/>
    <tag k="traffic_signals:vibration" v="yes"/>
  </node>
  <node id="10174605164" lat="48.1521566" lon="11.5741151"/>
  <node id="10693711067" lat="48.1530351" lon="11.5756850">
    <tag k="crossing:markings" v="no"/>
    <tag k="crossing:signals" v="no"/>
    <tag k="highway" v="crossing"/>
    <tag k="tactile_paving" v="no"/>
  </node>
  <node id="10693711069" lat="48.1527651" lon="11.5766084">
    <tag k="crossing" v="informal"/>
  </node>
  <node id="10693711071" lat="48.1524731" lon="11.5774002">
    <tag k="button_operated" v="no"/>
    <tag k="crossing" v="traffic_signals"/>
    <tag k="highway" v="crossing"/>
    <tag k="tactile_paving" v="no"/>
    <tag k="traffic_signals:sound" v="yes"/>
    <tag k="traffic_signals:vibration" v="yes"/>
  </node>
  <node id="10693711072" lat="48.1525887" lon="11.5774766">
    <tag k="button_operated" v="no"/>
    <tag k="crossing" v="traffic_signals"/>
    <tag k="highway" v="crossing"/>
    <tag k="tactile_paving" v="no"/>
    <tag k="traffic_signals:sound" v="yes"/>
    <tag k="traffic_signals:vibration" v="yes"/>
  </node>
  <node id="10693711073" lat="48.1529814" lon="11.5758708">
    <tag k="crossing:markings" v="no"/>
    <tag k="crossing:signals" v="no"/>
    <tag k="highway" v="crossing"/>
    <tag k="tactile_paving" v="no"/>
  </node>
  <node id="10693711075" lat="48.1528272" lon="11.5763956">
    <tag k="crossing" v="informal"/>
  </node>
  <node id="10824610463" lat="48.1496312" lon="11.5693157">
    <tag k="button_operated" v="no"/>
    <tag k="crossing" v="traffic_signals"/>
    <tag k="crossing:island" v="no"/>
    <tag k="highway" v="crossing"/>
    <tag k="tactile_paving" v="no"/>
    <tag k="traffic_signals:sound" v="yes"/>
    <tag k="traffic_signals:vibration" v="yes"/>
  </node>
  <node id="10867683249" lat="48.1506046" lon="11.5729996"/>
  <node id="10867703555" lat="48.1494185" lon="11.5722331"/>
  <node id="12073521501" lat="48.1524328" lon="11.5712926">
    <tag k="direction" v="backward"/>
    <tag k="highway" v="give_way"/>
  </node>
  <node id="12120901603" lat="48.1515117" lon="11.5792394"/>
  <node id="12254058112" lat="48.1486679" lon="11.5773755"/>
  <node id="12254058120" lat="48.1488094" lon="11.5774677"/>
  <node id="12254058126" lat="48.1488868" lon="11.5775182"/>
  <node id="12401100453" lat="48.1512194" lon="11.5684988"/>
  <node id="12522636055" lat="48.1549559" lon="11.5761669">
    <tag k="crossing:markings" v="no"/>
    <tag k="crossing:signals" v="no"/>
    <tag k="highway" v="crossing"/>
    <tag k="tactile_paving" v="no"/>
  </node>
  <node id="12617862981" lat="48.1543419" lon="11.5754023"/>
  <node id="12702215483" lat="48.1542892" lon="11.5755592">
    <tag k="direction" v="backward"/>
    <tag k="highway" v="give_way"/>
  </node>
  <node id="12715535132" lat="48.1497063" lon="11.5693629"/>
  <node id="12815436725" lat="48.1547902" lon="11.5793253">
    <tag k="crossing" v="uncontrolled"/>
    <tag k="crossing:island" v="no"/>
    <tag k="crossing:markings" v="zebra"/>
    <tag k="highway" v="crossing"/>
    <tag k="kerb" v="lowered"/>
    <tag k="tactile_paving" v="no"/>
  </node>
  <node id="12866823471" lat="48.1542687" lon="11.5755647"/>
  <node id="13011686616" lat="48.1473313" lon="11.5740320"/>
  <node id="13287276723" lat="48.1539770" lon="11.5783662"/>
  <node id="13287276726" lat="48.1538374" lon="11.5772414"/>
  <node id="13287276818" lat="48.1548772" lon="11.5775648"/>
  <node id="13289601819" lat="48.1548529" lon="11.5683168"/>
  <node id="13289601821" lat="48.1547160" lon="11.5682860"/>
  <node id="13289601822" lat="48.1545393" lon="11.5682143"/>
  <node id="13289601823" lat="48.1544594" lon="11.5681616"/>
  <node id="13725374560" lat="48.1524806" lon="11.5681379"/>
  <node id="13725374562" lat="48.1525996" lon="11.5682176">
    <tag k="button_operated" v="no"/>
    <tag k="crossing" v="traffic_signals"/>
    <tag k="highway" v="traffic_signals"/>
    <tag k="tactile_paving" v="no"/>
    <tag k="traffic_signals" v="signal"/>
    <tag k="traffic_signals:direction" v="backward"/>
    <tag k="traffic_signals:sound" v="yes"/>
    <tag k="traffic_signals:vibration" v="yes"/>
  </node>
  <node id="13725374563" lat="48.1523802" lon="11.5680714">
    <tag k="button_operated" v="no"/>
    <tag k="crossing" v="traffic_signals"/>
    <tag k="highway" v="traffic_signals"/>
    <tag k="tactile_paving" v="no"/>
    <tag k="traffic_signals" v="signal"/>
    <tag k="traffic_signals:direction" v="forward"/>
    <tag k="traffic_signals:sound" v="yes"/>
    <tag k="traffic_signals:vibration" v="yes"/>
  </node>
  <node id="13725374564" lat="48.1517557" lon="11.5706879"/>
  <node id="13725374565" lat="48.1518078" lon="11.5705070">
    <tag k="highway" v="traffic_signals"/>
    <tag k="traffic_signals" v="signal"/>
    <tag k="traffic_signals:direction" v="backward"/>
  </node>
  <node id="13725374566" lat="48.1518717" lon="11.5707622">
    <tag k="highway" v="traffic_signals"/>
    <tag k="traffic_signals" v="signal"/>
    <tag k="traffic_signals:direction" v="backward"/>
  </node>
  <node id="13725374567" lat="48.1516508" lon="11.5706206">
    <tag k="highway" v="traffic_signals"/>
    <tag k="traffic_signals" v="signal"/>
    <tag k="traffic_signals:direction" v="forward"/>
  </node>
  <way id="3845812">
    <nd ref="618697470"/>
    <nd ref="637762338"/>
    <nd ref="1326631495"/>
    <nd ref="3580395763"/>
    <nd ref="29565896"/>
    <tag k="class:bicycle" v="-2"/>
    <tag k="class:bicycle:non_experienced" v="-2"/>
    <tag k="cycleway:both" v="no"/>
    <tag k="foot" v="use_sidepath"/>
    <tag k="highway" v="tertiary"/>
    <tag k="lanes" v="2"/>
    <tag k="lit" v="yes"/>
    <tag k="maxspeed" v="50"/>
    <tag k="name" v="Barer Straße"/>
    <tag k="parking:lane:both" v="parallel"/>
    <tag k="parking:lane:both:parallel" v="street_side"/>
    <tag k="sidewalk" v="separate"/>
    <tag k="smoothness" v="good"/>
    <tag k="surface" v="asphalt"/>
    <tag k="width" v="14.5"/>
  </way>
  <way id="4071767">
    <nd ref="7983325"/>
    <nd ref="1679831962"/>
    <nd ref="20835181"/>
    <tag k="cycleway:both" v="no"/>
    <tag k="highway" v="residential"/>
    <tag k="lit" v="no"/>
    <tag k="maxspeed" v="30"/>
    <tag k="name" v="Neureutherstraße"/>
    <tag k="name:etymology:wikidata" v="Q318886"/>
    <tag k="oneway" v="no"/>
    <tag k="parking:condition:right" v="residents"/>
    <tag k="parking:condition:right:residents" v="Akademieviertel"/>
    <tag k="parking:left" v="no"/>
    <tag k="parking:right" v="lane"/>
    <tag k="parking:right:orientation" v="parallel"/>
    <tag k="postal_code" v="80799"/>
    <tag k="sidewalk" v="both"/>
    <tag k="sidewalk:both:surface" v="paving_stones"/>
    <tag k="smoothness" v="intermediate"/>
    <tag k="source:width" v="ARCore"/>
    <tag k="surface" v="sett"/>
    <tag k="width" v="6"/>
  </way>
  <way id="4071768">
    <nd ref="1954309"/>
    <nd ref="922879370"/>
    <nd ref="7983328"/>
    <nd ref="1679831959"/>
    <nd ref="1954430"/>
    <tag k="bicycle_road" v="yes"/>
    <tag k="class:bicycle" v="1"/>
    <tag k="cycleway:both" v="no"/>
    <tag k="highway" v="residential"/>
    <tag k="lane_markings" v="no"/>
    <tag k="lit" v="yes"/>
    <tag k="maxspeed" v="30"/>
    <tag k="motor_vehicle" v="yes"/>
    <tag k="name" v="Adalbertstraße"/>
    <tag k="name:etymology:wikidata" v="Q60610"/>
    <tag k="oneway" v="yes"/>
    <tag k="oneway:bicycle" v="no"/>
    <tag k="parking:left" v="yes"/>
    <tag k="parking:left:orientation" v="diagonal"/>
    <tag k="parking:right" v="yes"/>
    <tag k="parking:right:orientation" v="parallel"/>
    <tag k="sidewalk" v="both"/>
    <tag k="smoothness" v="good"/>
    <tag k="source:maxspeed" v="DE:bicycle_road"/>
    <tag k="surface" v="asphalt"/>
    <tag k="zone:maxspeed" v="DE:30"/>
    <tag k="zone:traffic" v="DE:urban"/>
  </way>
  <way id="4075783">
    <nd ref="1954431"/>
    <nd ref="1680052328"/>
    <nd ref="3693961640"/>
    <nd ref="12702215483"/>
    <nd ref="12866823471"/>
    <tag k="cycleway:both" v="no"/>
    <tag k="highway" v="residential"/>
    <tag k="lit" v="yes"/>
    <tag k="maxspeed" v="30"/>
    <tag k="name" v="Nordendstraße"/>
    <tag k="parking:both" v="lane"/>
    <tag k="parking:both:orientation" v="parallel"/>
    <tag k="postal_code" v="80799"/>
    <tag k="sidewalk" v="both"/>
    <tag k="sidewalk:both:surface" v="paving_stones"/>
    <tag k="smoothness" v="good"/>
    <tag k="source:width" v="ARCore"/>
    <tag k="surface" v="asphalt"/>
    <tag k="width" v="6.2"/>
  </way>
  <way id="4262211">
    <nd ref="618697480"/>
    <nd ref="3966267737"/>
    <nd ref="2844759599"/>
    <nd ref="3966143623"/>
    <nd ref="25576274"/>
    <nd ref="9508320101"/>
    <nd ref="25576273"/>
    <nd ref="25575942"/>
    <nd ref="7983328"/>
    <nd ref="8748721479"/>
    <nd ref="7983327"/>
    <nd ref="3580259850"/>
    <nd ref="25575939"/>
    <tag k="class:bicycle" v="-1"/>
    <tag k="cycleway:both" v="no"/>
    <tag k="highway" v="residential"/>
    <tag k="lit" v="yes"/>
    <tag k="maxspeed" v="30"/>
    <tag k="name" v="Schraudolphstraße"/>
    <tag k="name:etymology:wikidata" v="Q1405588"/>
    <tag k="oneway" v="yes"/>
    <tag k="oneway:bicycle" v="no"/>
    <tag k="parking:both" v="lane"/>
    <tag k="parking:both:orientation" v="parallel"/>
    <tag k="sidewalk" v="both"/>
    <tag k="sidewalk:both:surface" v="paving_stones"/>
    <tag k="smoothness" v="good"/>
    <tag k="source:width" v="ARCore"/>
    <tag k="surface" v="asphalt"/>
    <tag k="width" v="7.1"/>
  </way>
  <way id="4262221">
    <nd ref="3906092200"/>
    <nd ref="358561211"/>
    <nd ref="2440548596"/>
    <nd ref="922831100"/>
    <tag k="bicycle_road" v="yes"/>
    <tag k="class:bicycle" v="2"/>
    <tag k="highway" v="residential"/>
    <tag k="lane_markings" v="no"/>
    <tag k="lit" v="yes"/>
    <tag k="maxspeed" v="30"/>
    <tag k="motor_vehicle" v="yes"/>
    <tag k="name" v="Adalbertstraße"/>
    <tag k="name:etymology:wikidata" v="Q60610"/>
    <tag k="sidewalk" v="both"/>
    <tag k="sidewalk:both:surface" v="paving_stones"/>
    <tag k="smoothness" v="excellent"/>
    <tag k="source:maxspeed" v="DE:bicycle_road"/>
    <tag k="surface" v="asphalt"/>
    <tag k="traffic_sign" v="DE:244.1"/>
  </way>
  <way id="4262225">
    <nd ref="258890820"/>
    <nd ref="967091728"/>
    <nd ref="27487424"/>
    <nd ref="25575942"/>
    <nd ref="1679831952"/>
    <nd ref="25575941"/>
    <tag k="cycleway:both" v="no"/>
    <tag k="highway" v="residential"/>
    <tag k="lit" v="yes"/>
    <tag k="maxspeed" v="30"/>
    <tag k="name" v="Schnorrstraße"/>
    <tag k="name:etymology:wikidata" v="Q703458"/>
    <tag k="parking:both" v="yes"/>
    <tag k="parking:both:orientation" v="parallel"/>
    <tag k="sidewalk" v="both"/>
    <tag k="sidewalk:both:surface" v="paving_stones"/>
    <tag k="smoothness" v="good"/>
    <tag k="surface" v="asphalt"/>
  </way>
  <way id="4262228">
    <nd ref="1955535"/>
    <nd ref="1088755488"/>
    <nd ref="13289601834"/>
    <nd ref="13289602084"/>
    <nd ref="13289601836"/>
    <nd ref="13289602094"/>
    <nd ref="13289602092"/>
    <nd ref="13289602093"/>
    <nd ref="13289602095"/>
    <nd ref="1362826058"/>
    <nd ref="1954405"/>
    <tag k="class:bicycle" v="1"/>
    <tag k="cycleway:both" v="separate"/>
    <tag k="foot" v="use_sidepath"/>
    <tag k="highway" v="residential"/>
    <tag k="lit" v="yes"/>
    <tag k="maxspeed" v="30"/>
    <tag k="name" v="Görresstraße"/>
    <tag k="name:etymology:wikidata" v="Q215730"/>
    <tag k="sidewalk:both" v="separate"/>
    <tag k="smoothness" v="good"/>
    <tag k="surface" v="asphalt"/>
  </way>
  <way id="4498577">
    <nd ref="27487423"/>
    <nd ref="967091799"/>
    <nd ref="3953738575"/>
    <nd ref="27479756"/>
    <nd ref="3953738573"/>
    <nd ref="3953738574"/>
    <nd ref="3953738576"/>
    <nd ref="27479757"/>
    <nd ref="3953738577"/>
    <nd ref="3953738578"/>
    <nd ref="27487424"/>
    <nd ref="3953738579"/>
    <nd ref="3953738580"/>
    <nd ref="27479758"/>
    <nd ref="3953738581"/>
    <nd ref="3953738582"/>
    <nd ref="3953738583"/>
    <nd ref="27479759"/>
    <nd ref="3953738584"/>
    <nd ref="967091831"/>
    <nd ref="27487425"/>
    <tag k="cycleway:both" v="no"/>
    <tag k="highway" v="residential"/>
    <tag k="lit" v="yes"/>
    <tag k="maxspeed" v="30"/>
    <tag k="name" v="Arcisstraße"/>
    <tag k="oneway" v="yes"/>
    <tag k="sidewalk" v="right"/>
    <tag k="sidewalk:right:surface" v="paving_stones"/>
    <tag k="smoothness" v="excellent"/>
    <tag k="surface" v="asphalt"/>
  </way>
  <way id="4645398">
    <nd ref="315667013"/>
    <nd ref="8748896829"/>
    <nd ref="13725374563"/>
    <nd ref="3946157840"/>
    <tag k="class:bicycle" v="-2"/>
    <tag k="class:bicycle:non_experienced" v="-2"/>
    <tag k="highway" v="residential"/>
    <tag k="lit" v="yes"/>
    <tag k="maxspeed" v="30"/>
    <tag k="name" v="Luisenstraße"/>
    <tag k="name:etymology:wikidata" v="Q57531"/>
    <tag k="sidewalk:both" v="separate"/>
    <tag k="sidewalk:both:surface" v="paving_stones"/>
    <tag k="smoothness" v="excellent"/>
    <tag k="surface" v="asphalt"/>
  </way>
  <way id="4645400">
    <nd ref="27487415"/>
    <nd ref="8748721460"/>
    <nd ref="21543940"/>
    <nd ref="2830274768"/>
    <nd ref="2830274757"/>
    <nd ref="2830274756"/>
    <nd ref="10174605164"/>
    <nd ref="1679831941"/>
    <nd ref="27487414"/>
    <tag k="cycleway:both" v="no"/>
    <tag k="highway" v="residential"/>
    <tag k="lit" v="yes"/>
    <tag k="maxspeed" v="30"/>
    <tag k="name" v="Blütenstraße"/>
    <tag k="oneway" v="yes"/>
    <tag k="oneway:bicycle" v="no"/>
    <tag k="parking:both" v="yes"/>
    <tag k="parking:both:orientation" v="parallel"/>
    <tag k="parking:condition:both" v="residents"/>
    <tag k="parking:condition:both:residents" v="Akademieviertel"/>
    <tag k="postal_code" v="80799"/>
    <tag k="sidewalk" v="both"/>
    <tag k="sidewalk:both:surface" v="paving_stones"/>
    <tag k="smoothness" v="good"/>
    <tag k="surface" v="asphalt"/>
  </way>
  <way id="4645401">
    <nd ref="27487416"/>
    <nd ref="13287276726"/>
    <nd ref="9130164146"/>
    <nd ref="2514355527"/>
    <nd ref="8748721450"/>
    <nd ref="27487417"/>
    <tag k="cycleway:both" v="no"/>
    <tag k="highway" v="residential"/>
    <tag k="lanes" v="2"/>
    <tag k="lit" v="yes"/>
    <tag k="maxspeed" v="30"/>
    <tag k="name" v="Rambergstraße"/>
    <tag k="name:etymology:wikidata" v="Q712240"/>
    <tag k="oneway" v="no"/>
    <tag k="parking:condition:both" v="residents"/>
    <tag k="parking:condition:both:residents" v="Akademieviertel"/>
    <tag k="parking:left" v="street_side"/>
    <tag k="parking:left:orientation" v="parallel"/>
    <tag k="parking:right" v="lane"/>
    <tag k="parking:right:orientation" v="diagonal"/>
    <tag k="postal_code" v="80799"/>
    <tag k="sidewalk" v="both"/>
    <tag k="sidewalk:both:surface" v="paving_stones"/>
    <tag k="smoothness" v="excellent"/>
    <tag k="surface" v="asphalt"/>
  </way>
  <way id="4645403">
    <nd ref="27487421"/>
    <nd ref="10146614957"/>
    <nd ref="27479749"/>
    <nd ref="27479744"/>
    <tag k="class:bicycle" v="1"/>
    <tag k="cycleway:both" v="no"/>
    <tag k="highway" v="residential"/>
    <tag k="lit" v="yes"/>
    <tag k="maxspeed" v="30"/>
    <tag k="name" v="Fürstenstraße"/>
    <tag k="oneway" v="yes"/>
    <tag k="oneway:bicycle" v="no"/>
    <tag k="sidewalk" v="both"/>
    <tag k="sidewalk:both:surface" v="paving_stones"/>
    <tag k="smoothness" v="good"/>
    <tag k="surface" v="asphalt"/>
  </way>
  <way id="4673749">
    <nd ref="1955504"/>
    <nd ref="1088755412"/>
    <nd ref="13289602061"/>
    <nd ref="13289602062"/>
    <nd ref="13289602063"/>
    <nd ref="25576121"/>
    <tag k="class:bicycle" v="1"/>
    <tag k="cycleway:both" v="no"/>
    <tag k="highway" v="residential"/>
    <tag k="lane_markings" v="no"/>
    <tag k="lanes" v="2"/>
    <tag k="lit" v="yes"/>
    <tag k="maxspeed" v="30"/>
    <tag k="name" v="Adalbertstraße"/>
    <tag k="name:etymology:wikidata" v="Q60610"/>
    <tag k="parking:both" v="lane"/>
    <tag k="parking:both:orientation" v="parallel"/>
    <tag k="sidewalk" v="both"/>
    <tag k="sidewalk:both:surface" v="paving_stones"/>
    <tag k="smoothness" v="excellent"/>
    <tag k="source:width" v="ARCore"/>
    <tag k="surface" v="asphalt"/>
    <tag k="width" v="8.1"/>
  </way>
  <way id="16786179">
    <nd ref="1954400"/>
    <nd ref="1362751409"/>
    <nd ref="2440498757"/>
    <nd ref="2836367314"/>
    <nd ref="1954403"/>
    <nd ref="8748896834"/>
    <nd ref="315667013"/>
    <nd ref="8748896836"/>
    <nd ref="2836367318"/>
    <nd ref="2836367313"/>
    <nd ref="12401100453"/>
    <nd ref="8057974437"/>
    <nd ref="8132043575"/>
    <nd ref="639077142"/>
    <nd ref="922831058"/>
    <nd ref="83870461"/>
    <tag k="class:bicycle" v="1"/>
    <tag k="cycleway:both" v="no"/>
    <tag k="highway" v="residential"/>
    <tag k="lanes" v="1"/>
    <tag k="lit" v="yes"/>
    <tag k="maxspeed" v="30"/>
    <tag k="name" v="Heßstraße"/>
    <tag k="name:etymology:wikidata" v="Q388523; Q319140"/>
    <tag k="oneway" v="yes"/>
    <tag k="oneway:bicycle" v="no"/>
    <tag k="parking:both" v="yes"/>
    <tag k="parking:both:orientation" v="parallel"/>
    <tag k="parking:lane:both:parallel" v="parallel"/>
    <tag k="sidewalk:both" v="separate"/>
    <tag k="sidewalk:both:surface" v="paving_stones"/>
    <tag k="smoothness" v="excellent"/>
    <tag k="surface" v="asphalt"/>
    <tag k="width" v="9.0"/>
  </way>
  <way id="19423091">
    <nd ref="847979776"/>
    <nd ref="201978399"/>
    <nd ref="2795288307"/>
    <nd ref="2548484600"/>
    <nd ref="2795288311"/>
    <nd ref="201978400"/>
    <nd ref="201967333"/>
    <nd ref="5991588503"/>
    <nd ref="1318875725"/>
    <nd ref="2795288308"/>
    <nd ref="201978401"/>
    <nd ref="185978484"/>
    <nd ref="1402091614"/>
    <nd ref="201978402"/>
    <nd ref="847979769"/>
    <tag k="bicycle" v="yes"/>
    <tag k="cycleway:both" v="no"/>
    <tag k="foot" v="yes"/>
    <tag k="highway" v="residential"/>
    <tag k="lanes" v="1"/>
    <tag k="lit" v="yes"/>
    <tag k="motor_vehicle" v="no"/>
    <tag k="name" v="Geschwister-Scholl-Platz"/>
    <tag k="name:etymology:wikidata" v="Q566212"/>
    <tag k="oneway" v="no"/>
    <tag k="sidewalk" v="both"/>
    <tag k="sidewalk:both:surface" v="sett"/>
    <tag k="smoothness" v="good"/>
    <tag k="surface" v="asphalt"/>
    <tag k="wikidata" v="Q2618617"/>
  </way>
  <way id="27822839">
    <nd ref="1955535"/>
    <nd ref="4019702608"/>
    <nd ref="647081880"/>
    <nd ref="13289601823"/>
    <nd ref="13289601822"/>
    <nd ref="647081897"/>
    <nd ref="13289601821"/>
    <nd ref="647081896"/>
    <nd ref="13289601819"/>
    <nd ref="1955504"/>
    <nd ref="1955505"/>
    <nd ref="647081908"/>
    <nd ref="6788465247"/>
    <nd ref="27161285"/>
    <nd ref="6788465248"/>
    <nd ref="3586813593"/>
    <nd ref="21090904"/>
    <nd ref="3586792944"/>
    <nd ref="1041077314"/>
    <nd ref="1955512"/>
    <nd ref="1088755390"/>
    <nd ref="21457585"/>
    <nd ref="1384982960"/>
    <nd ref="1088755358"/>
    <nd ref="8867266359"/>
    <nd ref="10291535069"/>
    <nd ref="21090905"/>
    <tag k="bicycle" v="designated"/>
    <tag k="bicycle_road" v="yes"/>
    <tag k="class:bicycle" v="1"/>
    <tag k="highway" v="residential"/>
    <tag k="lane_markings" v="no"/>
    <tag k="lit" v="yes"/>
    <tag k="maxspeed" v="30"/>
    <tag k="name" v="Tengstraße"/>
    <tag k="name:etymology:wikidata" v="Q1351689"/>
    <tag k="parking:both" v="street_side"/>
    <tag k="parking:both:orientation" v="perpendicular"/>
    <tag k="sidewalk" v="separate"/>
    <tag k="smoothness" v="good"/>
    <tag k="source:maxspeed" v="DE:bicycle_road"/>
    <tag k="surface" v="asphalt"/>
    <tag k="traffic_sign" v="DE:244.1"/>
  </way>
  <way id="30603896">
    <nd ref="1954431"/>
    <nd ref="1680052354"/>
    <nd ref="3580259836"/>
    <nd ref="4956834108"/>
    <tag k="bicycle" v="yes"/>
    <tag k="cycleway:both" v="separate"/>
    <tag k="highway" v="tertiary"/>
    <tag k="lanes" v="1"/>
    <tag k="lit" v="yes"/>
    <tag k="maxspeed" v="50"/>
    <tag k="name" v="Nordendstraße"/>
    <tag k="oneway" v="yes"/>
    <tag k="oneway:bicycle" v="no"/>
    <tag k="oneway:bus" v="no"/>
    <tag k="oneway:psv" v="no"/>
    <tag k="oneway:taxi" v="no"/>
    <tag k="oneway:tram" v="no"/>
    <tag k="parking:both" v="no"/>
    <tag k="postal_code" v="80799"/>
    <tag k="sidewalk" v="separate"/>
    <tag k="smoothness" v="excellent"/>
    <tag k="source:width" v="ARCore"/>
    <tag k="surface" v="asphalt"/>
    <tag k="taxi" v="opposite"/>
    <tag k="tram" v="opposite"/>
    <tag k="width" v="6.7"/>
  </way>
  <way id="34114237">
    <nd ref="29565896"/>
    <nd ref="3580395770"/>
    <nd ref="1679831925"/>
    <nd ref="10867703555"/>
    <tag k="class:bicycle" v="-2"/>
    <tag k="class:bicycle:non_experienced" v="-2"/>
    <tag k="cycleway:both" v="no"/>
    <tag k="foot" v="use_sidepath"/>
    <tag k="highway" v="tertiary"/>
    <tag k="lanes" v="2"/>
    <tag k="lit" v="yes"/>
    <tag k="maxspeed" v="50"/>
    <tag k="name" v="Barer Straße"/>
    <tag k="parking:left" v="no"/>
    <tag k="parking:right" v="lane"/>
    <tag k="parking:right:orientation" v="parallel"/>
    <tag k="sidewalk" v="separate"/>
    <tag k="smoothness" v="good"/>
    <tag k="source:maxspeed" v="DE:urban"/>
    <tag k="surface" v="asphalt"/>
    <tag k="width" v="9.5"/>
  </way>
  <way id="34130308">
    <nd ref="9508320100"/>
    <nd ref="2440489870"/>
    <nd ref="2440489881"/>
    <nd ref="9508370962"/>
    <tag k="class:bicycle" v="-1"/>
    <tag k="cycleway:both" v="no"/>
    <tag k="highway" v="residential"/>
    <tag k="lanes" v="2"/>
    <tag k="lit" v="yes"/>
    <tag k="maxspeed" v="30"/>
    <tag k="name" v="Schellingstraße"/>
    <tag k="name:etymology:wikidata" v="Q60070"/>
    <tag k="parking:both" v="yes"/>
    <tag k="parking:both:orientation" v="parallel"/>
    <tag k="sidewalk:both" v="separate"/>
    <tag k="smoothness" v="good"/>
    <tag k="source:maxspeed" v="sign"/>
    <tag k="surface" v="asphalt"/>
  </way>
  <way id="34130309">
    <nd ref="618697482"/>
    <nd ref="3580335718"/>
    <nd ref="1954411"/>
    <tag k="class:bicycle" v="-2"/>
    <tag k="class:bicycle:non_experienced" v="-2"/>
    <tag k="cycleway:both" v="no"/>
    <tag k="foot" v="use_sidepath"/>
    <tag k="highway" v="tertiary"/>
    <tag k="lanes" v="2"/>
    <tag k="lit" v="yes"/>
    <tag k="maxspeed" v="50"/>
    <tag k="name" v="Barer Straße"/>
    <tag k="parking:right" v="no"/>
    <tag k="parking:right:restriction" v="no_parking"/>
    <tag k="sidewalk:left" v="separate"/>
    <tag k="sidewalk:right" v="yes"/>
    <tag k="sidewalk:right:surface" v="paving_stones"/>
    <tag k="smoothness" v="excellent"/>
    <tag k="surface" v="asphalt"/>
  </way>
  <way id="39321854">
    <nd ref="1954419"/>
    <nd ref="1078841350"/>
    <nd ref="4466373441"/>
    <nd ref="2739597263"/>
    <nd ref="1041430752"/>
    <tag k="bicycle" v="use_sidepath"/>
    <tag k="foot" v="use_sidepath"/>
    <tag k="highway" v="secondary"/>
    <tag k="lanes" v="6"/>
    <tag k="lanes:backward" v="3"/>
    <tag k="lanes:forward" v="3"/>
    <tag k="lit" v="yes"/>
    <tag k="maxspeed" v="50"/>
    <tag k="name" v="Ludwigstraße"/>
    <tag k="name:etymology:wikidata" v="Q44361"/>
    <tag k="psv" v="yes"/>
    <tag k="sidewalk" v="separate"/>
    <tag k="smoothness" v="excellent"/>
    <tag k="surface" v="asphalt"/>
    <tag k="tmc" v="DE:27947/46571"/>
    <tag k="turn:lanes:backward" v="through|through|through;right"/>
    <tag k="wikipedia" v="de:Ludwigstraße"/>
  </way>
  <way id="40317920">
    <nd ref="265086763"/>
    <nd ref="7842713634"/>
    <nd ref="6342094026"/>
    <nd ref="6351290209"/>
    <nd ref="2498451733"/>
    <nd ref="1078841372"/>
    <nd ref="1954361"/>
    <tag k="bicycle" v="use_sidepath"/>
    <tag k="foot" v="use_sidepath"/>
    <tag k="highway" v="secondary"/>
    <tag k="lanes" v="6"/>
    <tag k="lanes:backward" v="3"/>
    <tag k="lanes:forward" v="3"/>
    <tag k="lit" v="yes"/>
    <tag k="maxspeed" v="50"/>
    <tag k="name" v="Ludwigstraße"/>
    <tag k="name:etymology:wikidata" v="Q44361"/>
    <tag k="sidewalk" v="separate"/>
    <tag k="smoothness" v="good"/>
    <tag k="surface" v="asphalt"/>
    <tag k="tmc" v="DE:27947/46571"/>
    <tag k="wikipedia" v="de:Ludwigstraße"/>
  </way>
  <way id="47224976">
    <nd ref="372796487"/>
    <nd ref="27270924"/>
    <tag k="check_date:cycleway" v="2025-05-19"/>
    <tag k="cycleway:both" v="no"/>
    <tag k="emergency" v="designated"/>
    <tag k="highway" v="residential"/>
    <tag k="lane_markings" v="no"/>
    <tag k="lit" v="yes"/>
    <tag k="maxspeed:type" v="DE:urban"/>
    <tag k="name" v="Geschwister-Scholl-Platz"/>
    <tag k="name:etymology:wikidata" v="Q566212"/>
    <tag k="sidewalk" v="right"/>
    <tag k="sidewalk:right:surface" v="paving_stones"/>
    <tag k="smoothness" v="good"/>
    <tag k="surface" v="asphalt"/>
  </way>
  <way id="51476080">
    <nd ref="29564155"/>
    <nd ref="9576023917"/>
    <nd ref="8748689411"/>
    <nd ref="3153426217"/>
    <nd ref="2898183208"/>
    <nd ref="3451083084"/>
    <nd ref="4534884740"/>
    <nd ref="1326631482"/>
    <nd ref="2898183206"/>
    <nd ref="3153419927"/>
    <nd ref="10824610463"/>
    <nd ref="967091764"/>
    <tag k="access" v="yes"/>
    <tag k="class:bicycle" v="1"/>
    <tag k="cycleway:both" v="lane"/>
    <tag k="cycleway:both:lane" v="advisory"/>
    <tag k="highway" v="secondary"/>
    <tag k="lanes" v="2"/>
    <tag k="lit" v="yes"/>
    <tag k="maxspeed" v="50"/>
    <tag k="name" v="Arcisstraße"/>
    <tag k="sidewalk:both" v="separate"/>
    <tag k="smoothness" v="good"/>
    <tag k="surface" v="asphalt"/>
    <tag k="width" v="15.3"/>
  </way>
  <way id="51508352">
    <nd ref="967091764"/>
    <nd ref="12715535132"/>
    <nd ref="8748721318"/>
    <nd ref="618697472"/>
    <nd ref="83870461"/>
    <nd ref="6262887387"/>
    <nd ref="4638819851"/>
    <nd ref="13725374567"/>
    <nd ref="3813915947"/>
    <nd ref="13725374564"/>
    <tag k="bicycle" v="yes"/>
    <tag k="class:bicycle" v="-1"/>
    <tag k="cycleway:both" v="separate"/>
    <tag k="foot" v="use_sidepath"/>
    <tag k="highway" v="secondary"/>
    <tag k="lanes" v="2"/>
    <tag k="lit" v="yes"/>
    <tag k="maxspeed" v="50"/>
    <tag k="maxspeed:conditional" v="30 @ (Mo-Fr 07:00-15:30)"/>
    <tag k="name" v="Arcisstraße"/>
    <tag k="shoulder" v="no"/>
    <tag k="sidewalk:both" v="separate"/>
    <tag k="smoothness" v="good"/>
    <tag k="source:maxspeed" v="DE:urban"/>
    <tag k="surface" v="asphalt"/>
    <tag k="width" v="11.2"/>
  </way>
  <way id="53530907">
    <nd ref="1955500"/>
    <nd ref="345548194"/>
    <nd ref="967091759"/>
    <nd ref="922831072"/>
    <nd ref="922879323"/>
    <nd ref="12073521501"/>
    <nd ref="4639828771"/>
    <nd ref="25576273"/>
    <nd ref="3580335731"/>
    <nd ref="1679831940"/>
    <nd ref="1954411"/>
    <tag k="class:bicycle" v="1"/>
    <tag k="cycleway:both" v="no"/>
    <tag k="highway" v="residential"/>
    <tag k="lit" v="yes"/>
    <tag k="maxspeed" v="30"/>
    <tag k="name" v="Zieblandstraße"/>
    <tag k="name:etymology:wikidata" v="Q84473"/>
    <tag k="sidewalk" v="both"/>
    <tag k="surface" v="asphalt"/>
  </way>
  <way id="53530910">
    <nd ref="20835174"/>
    <nd ref="658546081"/>
    <nd ref="1955500"/>
    <tag k="class:bicycle" v="1"/>
    <tag k="cycleway:both" v="no"/>
    <tag k="highway" v="residential"/>
    <tag k="lane_markings" v="no"/>
    <tag k="lanes" v="2"/>
    <tag k="lit" v="yes"/>
    <tag k="maxspeed" v="30"/>
    <tag k="name" v="Zieblandstraße"/>
    <tag k="name:etymology:wikidata" v="Q84473"/>
    <tag k="sidewalk" v="both"/>
    <tag k="sidewalk:both:surface" v="paving_stones"/>
    <tag k="smoothness" v="excellent"/>
    <tag k="surface" v="asphalt"/>
  </way>
  <way id="58561798">
    <nd ref="725632778"/>
    <nd ref="618163568"/>
    <tag k="class:bicycle" v="-1"/>
    <tag k="cycleway:left" v="no"/>
    <tag k="cycleway:right" v="lane"/>
    <tag k="cycleway:right:lane" v="exclusive"/>
    <tag k="highway" v="secondary"/>
    <tag k="lanes" v="2"/>
    <tag k="lit" v="yes"/>
    <tag k="maxheight" v="6"/>
    <tag k="maxspeed" v="50"/>
    <tag k="name" v="Theresienstraße"/>
    <tag k="name:etymology:wikidata" v="Q233198"/>
    <tag k="oneway" v="yes"/>
    <tag k="postal_code" v="80333"/>
    <tag k="sidewalk:both" v="separate"/>
    <tag k="sidewalk:both:surface" v="concrete:plates"/>
    <tag k="smoothness" v="excellent"/>
    <tag k="surface" v="asphalt"/>
    <tag k="tunnel" v="building_passage"/>
    <tag k="width" v="11.2"/>
  </way>
  <way id="58561800">
    <nd ref="618163568"/>
    <nd ref="618163561"/>
    <nd ref="618163559"/>
    <tag k="class:bicycle" v="-1"/>
    <tag k="cycleway:left" v="no"/>
    <tag k="cycleway:right" v="lane"/>
    <tag k="cycleway:right:lane" v="exclusive"/>
    <tag k="highway" v="secondary"/>
    <tag k="lanes" v="2"/>
    <tag k="lit" v="yes"/>
    <tag k="maxspeed" v="50"/>
    <tag k="name" v="Theresienstraße"/>
    <tag k="name:etymology:wikidata" v="Q233198"/>
    <tag k="oneway" v="yes"/>
    <tag k="parking:both" v="yes"/>
    <tag k="parking:both:orientation" v="parallel"/>
    <tag k="postal_code" v="80333"/>
    <tag k="psv" v="yes"/>
    <tag k="sidewalk:both" v="separate"/>
    <tag k="sidewalk:both:surface" v="concrete:plates"/>
    <tag k="smoothness" v="excellent"/>
    <tag k="surface" v="asphalt"/>
    <tag k="width" v="11.2"/>
  </way>
  <way id="58807374">
    <nd ref="372797360"/>
    <nd ref="2498451732"/>
    <nd ref="3684105632"/>
    <nd ref="3684105636"/>
    <nd ref="1307632421"/>
    <nd ref="6386705975"/>
    <nd ref="6386705979"/>
    <nd ref="6386707486"/>
    <nd ref="27487421"/>
    <nd ref="6386705974"/>
    <nd ref="6386707490"/>
    <nd ref="10146614933"/>
    <nd ref="18280273"/>
    <tag k="class:bicycle" v="-1"/>
    <tag k="cycleway:both" v="no"/>
    <tag k="highway" v="residential"/>
    <tag k="lanes" v="2"/>
    <tag k="lit" v="yes"/>
    <tag k="maxspeed" v="50"/>
    <tag k="name" v="Theresienstraße"/>
    <tag k="name:etymology:wikidata" v="Q233198"/>
    <tag k="postal_code" v="80333"/>
    <tag k="psv" v="yes"/>
    <tag k="sidewalk" v="separate"/>
    <tag k="smoothness" v="good"/>
    <tag k="source:maxspeed" v="DE:urban"/>
    <tag k="surface" v="asphalt"/>
  </way>
  <way id="58807376">
    <nd ref="3818918482"/>
    <nd ref="3486819301"/>
    <nd ref="244213411"/>
    <nd ref="82732145"/>
    <nd ref="4476505946"/>
    <nd ref="5964210862"/>
    <nd ref="7983336"/>
    <tag k="class:bicycle" v="-1"/>
    <tag k="cycleway:both" v="no"/>
    <tag k="highway" v="residential"/>
    <tag k="lane_markings" v="no"/>
    <tag k="lit" v="yes"/>
    <tag k="maxspeed" v="30"/>
    <tag k="name" v="Schellingstraße"/>
    <tag k="name:etymology:wikidata" v="Q60070"/>
    <tag k="parking:right:authentication:ticket" v="yes"/>
    <tag k="parking:right:authentication:ticket:conditional" v="no @ residents"/>
    <tag k="parking:right:fee" v="1 EUR/hour; 6 EUR/day"/>
    <tag k="parking:right:fee:conditional" v="none @ residents"/>
    <tag k="parking:right:orientation" v="parallel"/>
    <tag k="parking:right:zone:residents" v="Akademieviertel"/>
    <tag k="psv" v="yes"/>
    <tag k="sidewalk" v="separate"/>
    <tag k="smoothness" v="good"/>
    <tag k="surface" v="asphalt"/>
    <tag k="width" v="12"/>
  </way>
  <way id="80239246">
    <nd ref="1954316"/>
    <nd ref="922879367"/>
    <nd ref="12327549927"/>
    <nd ref="2513030100"/>
    <nd ref="2513030102"/>
    <nd ref="1669909114"/>
    <nd ref="2513030104"/>
    <nd ref="21543996"/>
    <nd ref="185935048"/>
    <nd ref="2513030106"/>
    <nd ref="2524384393"/>
    <nd ref="12815436725"/>
    <nd ref="2570330020"/>
    <tag k="class:bicycle" v="-1"/>
    <tag k="cycleway:both" v="no"/>
    <tag k="highway" v="residential"/>
    <tag k="lit" v="yes"/>
    <tag k="maxspeed" v="30"/>
    <tag k="name" v="Friedrichstraße"/>
    <tag k="name:etymology:wikidata" v="Q58600"/>
    <tag k="parking:condition:both:1" v="residents"/>
    <tag k="parking:condition:both:1:residents" v="Akademieviertel"/>
    <tag k="parking:condition:both:2" v="ticket"/>
    <tag k="parking:condition:both:2:ticket" v="1h=1€; 1d=6€"/>
    <tag k="parking:left" v="yes"/>
    <tag k="parking:left:orientation" v="parallel"/>
    <tag k="parking:right" v="yes"/>
    <tag k="parking:right:orientation" v="diagonal"/>
    <tag k="sidewalk" v="both"/>
    <tag k="sidewalk:both:surface" v="paving_stones"/>
    <tag k="smoothness" v="intermediate"/>
    <tag k="surface" v="asphalt"/>
  </way>
  <way id="89699186">
    <nd ref="7983333"/>
    <nd ref="7416353777"/>
    <nd ref="13287276818"/>
    <nd ref="7659237451"/>
    <nd ref="2570330021"/>
    <nd ref="6258685351"/>
    <nd ref="2570330020"/>
    <tag k="class:bicycle" v="1"/>
    <tag k="cycleway:both" v="no"/>
    <tag k="highway" v="residential"/>
    <tag k="lit" v="yes"/>
    <tag k="maxspeed" v="30"/>
    <tag k="name" v="Georgenstraße"/>
    <tag k="parking:both:orientation" v="parallel"/>
    <tag k="parking:condition:both:1" v="residents"/>
    <tag k="parking:condition:both:1:residents" v="Akademieviertel"/>
    <tag k="parking:condition:both:2" v="ticket"/>
    <tag k="parking:condition:both:2:ticket" v="1h=1€;1d=6€"/>
    <tag k="parking:left" v="half_on_kerb"/>
    <tag k="parking:right" v="lane"/>
    <tag k="sidewalk:left" v="yes"/>
    <tag k="sidewalk:left:surface" v="paving_stones"/>
    <tag k="sidewalk:right" v="separate"/>
    <tag k="smoothness" v="good"/>
    <tag k="source:width" v="ARCore"/>
    <tag k="surface" v="asphalt"/>
    <tag k="width" v="8.1"/>
  </way>
  <way id="89840533">
    <nd ref="1954425"/>
    <nd ref="8748721394"/>
    <nd ref="27487415"/>
    <nd ref="4534215940"/>
    <nd ref="10693711071"/>
    <nd ref="1669909108"/>
    <nd ref="10693711072"/>
    <nd ref="7983334"/>
    <tag k="class:bicycle" v="-1"/>
    <tag k="cycleway:both" v="no"/>
    <tag k="highway" v="residential"/>
    <tag k="lit" v="yes"/>
    <tag k="maxspeed" v="30"/>
    <tag k="name" v="Türkenstraße"/>
    <tag k="name:etymology:wikidata" v="Q2464483"/>
    <tag k="oneway" v="yes"/>
    <tag k="oneway:bicycle" v="no"/>
    <tag k="parking:both" v="yes"/>
    <tag k="parking:both:orientation" v="parallel"/>
    <tag k="parking:condition:both:1" v="residents"/>
    <tag k="parking:condition:both:1:residents" v="Akademieviertel"/>
    <tag k="parking:condition:both:2" v="ticket"/>
    <tag k="parking:condition:both:2:ticket" v="1h=1€;1d=6€"/>
    <tag k="postal_code" v="80799"/>
    <tag k="sidewalk" v="separate"/>
    <tag k="surface" v="asphalt"/>
  </way>
  <way id="89840536">
    <nd ref="8748721483"/>
    <nd ref="21543941"/>
    <nd ref="8748721468"/>
    <nd ref="4958918514"/>
    <tag k="cycleway:both" v="no"/>
    <tag k="highway" v="residential"/>
    <tag k="lit" v="yes"/>
    <tag k="maxspeed" v="30"/>
    <tag k="name" v="Nordendstraße"/>
    <tag k="parking:both" v="no"/>
    <tag k="parking:condition:both" v="residents"/>
    <tag k="parking:condition:both:residents" v="Akademieviertel"/>
    <tag k="postal_code" v="80799"/>
    <tag k="sidewalk" v="both"/>
    <tag k="sidewalk:both:surface" v="paving_stones"/>
    <tag k="smoothness" v="good"/>
    <tag k="source:width" v="ARCore"/>
    <tag k="surface" v="asphalt"/>
    <tag k="width" v="9.4"/>
  </way>
  <way id="89840540">
    <nd ref="1041430752"/>
    <nd ref="4753785224"/>
    <nd ref="27270924"/>
    <tag k="bicycle" v="use_sidepath"/>
    <tag k="foot" v="use_sidepath"/>
    <tag k="highway" v="secondary"/>
    <tag k="lanes" v="5"/>
    <tag k="lanes:backward" v="2"/>
    <tag k="lanes:forward" v="3"/>
    <tag k="lit" v="yes"/>
    <tag k="maxspeed" v="50"/>
    <tag k="name" v="Ludwigstraße"/>
    <tag k="name:etymology:wikidata" v="Q44361"/>
    <tag k="parking:left:authentication:ticket" v="yes"/>
    <tag k="parking:left:authentication:ticket:conditional" v="no @ residents"/>
    <tag k="parking:left:fee" v="1 EUR/hour; 6 EUR/day"/>
    <tag k="parking:left:fee:conditional" v="none @ residents"/>
    <tag k="parking:left:orientation" v="parallel"/>
    <tag k="parking:left:zone:residents" v="Akademieviertel"/>
    <tag k="sidewalk" v="separate"/>
    <tag k="smoothness" v="good"/>
    <tag k="surface" v="asphalt"/>
    <tag k="tmc" v="DE:27947/46571"/>
    <tag k="wikipedia" v="de:Ludwigstraße"/>
  </way>
  <way id="89840543">
    <nd ref="20835181"/>
    <nd ref="363409244"/>
    <nd ref="1133140597"/>
    <nd ref="8748721483"/>
    <tag k="class:bicycle" v="-1"/>
    <tag k="cycleway:both" v="no"/>
    <tag k="highway" v="residential"/>
    <tag k="lit" v="yes"/>
    <tag k="maxspeed" v="30"/>
    <tag k="name" v="Nordendstraße"/>
    <tag k="parking:both" v="lane"/>
    <tag k="parking:both:orientation" v="parallel"/>
    <tag k="parking:condition:both" v="residents"/>
    <tag k="parking:condition:both:residents" v="Akademieviertel"/>
    <tag k="postal_code" v="80799"/>
    <tag k="sidewalk" v="both"/>
    <tag k="sidewalk:both:surface" v="paving_stones"/>
    <tag k="smoothness" v="bad"/>
    <tag k="source:width" v="ARCore"/>
    <tag k="surface" v="sett"/>
    <tag k="width" v="6.4"/>
  </way>
  <way id="89840545">
    <nd ref="7983336"/>
    <nd ref="5964210861"/>
    <nd ref="2889240729"/>
    <nd ref="4030168339"/>
    <nd ref="12254058126"/>
    <nd ref="12254058120"/>
    <nd ref="976966661"/>
    <nd ref="12254058112"/>
    <nd ref="2589265347"/>
    <nd ref="6420639785"/>
    <nd ref="976966759"/>
    <nd ref="6342094014"/>
    <nd ref="2155845159"/>
    <nd ref="18280273"/>
    <tag k="class:bicycle" v="-1"/>
    <tag k="cycleway:both" v="no"/>
    <tag k="highway" v="residential"/>
    <tag k="lit" v="yes"/>
    <tag k="maxspeed" v="30"/>
    <tag k="name" v="Amalienstraße"/>
    <tag k="name:etymology:wikidata" v="Q61221"/>
    <tag k="oneway" v="yes"/>
    <tag k="oneway:bicycle" v="no"/>
    <tag k="sidewalk:both" v="separate"/>
    <tag k="smoothness" v="intermediate"/>
    <tag k="surface" v="asphalt"/>
    <tag k="width" v="3"/>
  </way>
  <way id="89840548">
    <nd ref="7983325"/>
    <nd ref="1679831965"/>
    <nd ref="7983327"/>
    <nd ref="922879371"/>
    <nd ref="1955506"/>
    <nd ref="922831085"/>
    <nd ref="3906092204"/>
    <nd ref="3475248906"/>
    <nd ref="3475248907"/>
    <nd ref="2440534878"/>
    <nd ref="1088755403"/>
    <nd ref="1088755528"/>
    <nd ref="1955505"/>
    <tag k="cycleway:both" v="no"/>
    <tag k="highway" v="residential"/>
    <tag k="lanes" v="2"/>
    <tag k="lit" v="yes"/>
    <tag k="maxspeed" v="30"/>
    <tag k="name" v="Neureutherstraße"/>
    <tag k="name:etymology:wikidata" v="Q318886"/>
    <tag k="parking:both" v="lane"/>
    <tag k="parking:both:orientation" v="parallel"/>
    <tag k="sidewalk" v="both"/>
    <tag k="sidewalk:both:surface" v="paving_stones"/>
    <tag k="smoothness" v="excellent"/>
    <tag k="surface" v="asphalt"/>
  </way>
  <way id="89840550">
    <nd ref="27487414"/>
    <nd ref="25575941"/>
    <nd ref="2830289478"/>
    <nd ref="1954430"/>
    <nd ref="8748721481"/>
    <nd ref="7983325"/>
    <nd ref="985216337"/>
    <tag k="class:bicycle" v="-2"/>
    <tag k="class:bicycle:non_experienced" v="-2"/>
    <tag k="cycleway:both" v="no"/>
    <tag k="highway" v="tertiary"/>
    <tag k="lanes" v="2"/>
    <tag k="lit" v="yes"/>
    <tag k="maxspeed" v="50"/>
    <tag k="name" v="Barer Straße"/>
    <tag k="parking:both" v="lane"/>
    <tag k="parking:both:orientation" v="parallel"/>
    <tag k="parking:right:authentication:ticket" v="yes"/>
    <tag k="parking:right:authentication:ticket:conditional" v="no @ residents"/>
    <tag k="parking:right:fee" v="1 EUR/hour; 6 EUR/day"/>
    <tag k="parking:right:fee:conditional" v="none @ residents"/>
    <tag k="parking:right:zone:residents" v="Akademieviertel"/>
    <tag k="postal_code" v="80799"/>
    <tag k="sidewalk" v="both"/>
    <tag k="smoothness" v="good"/>
    <tag k="surface" v="asphalt"/>
  </way>
  <way id="89840554">
    <nd ref="7983336"/>
    <nd ref="5964210859"/>
    <nd ref="1954421"/>
    <nd ref="3811913890"/>
    <tag k="class:bicycle" v="-1"/>
    <tag k="cycleway:both" v="no"/>
    <tag k="highway" v="residential"/>
    <tag k="lane_markings" v="no"/>
    <tag k="lit" v="yes"/>
    <tag k="maxspeed" v="30"/>
    <tag k="name" v="Schellingstraße"/>
    <tag k="name:etymology:wikidata" v="Q60070"/>
    <tag k="parking:right:access:conditional" v="residents @ 18:00-09:00"/>
    <tag k="parking:right:authentication:ticket" v="yes"/>
    <tag k="parking:right:charge" v="1 EUR/h"/>
    <tag k="parking:right:fee" v="yes"/>
    <tag k="parking:right:fee:conditional" v="no @ residents"/>
    <tag k="parking:right:maxstay:conditional" v="2 hours @ 9:00 - 18:00"/>
    <tag k="parking:right:orientation" v="parallel"/>
    <tag k="parking:right:zone" v="Akademieviertel"/>
    <tag k="sidewalk:both" v="separate"/>
    <tag k="smoothness" v="good"/>
    <tag k="surface" v="asphalt"/>
  </way>
  <way id="89840558">
    <nd ref="1954425"/>
    <nd ref="3946157829"/>
    <nd ref="9717748427"/>
    <nd ref="296231135"/>
    <nd ref="4743056825"/>
    <nd ref="2830289489"/>
    <nd ref="244213412"/>
    <nd ref="3505015540"/>
    <nd ref="1679831934"/>
    <nd ref="618697482"/>
    <tag k="class:bicycle" v="-1"/>
    <tag k="cycleway:both" v="no"/>
    <tag k="highway" v="residential"/>
    <tag k="lanes" v="2"/>
    <tag k="lit" v="yes"/>
    <tag k="maxspeed" v="30"/>
    <tag k="name" v="Schellingstraße"/>
    <tag k="name:etymology:wikidata" v="Q60070"/>
    <tag k="parking:both" v="lane"/>
    <tag k="parking:both:orientation" v="parallel"/>
    <tag k="parking:right:authentication:ticket" v="yes"/>
    <tag k="parking:right:authentication:ticket:conditional" v="no @ residents"/>
    <tag k="parking:right:fee" v="1 EUR/hour; 6 EUR/day"/>
    <tag k="parking:right:fee:conditional" v="none @ residents"/>
    <tag k="parking:right:zone:residents" v="Akademieviertel"/>
    <tag k="sidewalk:both" v="separate"/>
    <tag k="smoothness" v="excellent"/>
    <tag k="source:maxspeed" v="sign"/>
    <tag k="surface" v="asphalt"/>
  </way>
  <way id="93192027">
    <nd ref="1669909107"/>
    <nd ref="8844818000"/>
    <nd ref="12120901603"/>
    <nd ref="4534215932"/>
    <nd ref="5964210860"/>
    <nd ref="7983336"/>
    <tag k="class:bicycle" v="-1"/>
    <tag k="cycleway:both" v="no"/>
    <tag k="highway" v="residential"/>
    <tag k="lit" v="yes"/>
    <tag k="maxspeed" v="30"/>
    <tag k="name" v="Amalienstraße"/>
    <tag k="name:etymology:wikidata" v="Q61221"/>
    <tag k="oneway" v="yes"/>
    <tag k="oneway:bicycle" v="no"/>
    <tag k="parking:both" v="yes"/>
    <tag k="parking:both:orientation" v="parallel"/>
    <tag k="parking:condition:both:1" v="residents"/>
    <tag k="parking:condition:both:1:residents" v="Akademieviertel"/>
    <tag k="parking:condition:both:2" v="ticket"/>
    <tag k="parking:condition:both:2:ticket" v="1h=1€;1d=6€"/>
    <tag k="sidewalk:both" v="separate"/>
    <tag k="smoothness" v="good"/>
    <tag k="surface" v="asphalt"/>
  </way>
  <way id="93192033">
    <nd ref="7983337"/>
    <nd ref="246913169"/>
    <nd ref="6258685327"/>
    <nd ref="7983334"/>
    <tag k="cycleway:both" v="no"/>
    <tag k="highway" v="residential"/>
    <tag k="lane_markings" v="no"/>
    <tag k="lit" v="yes"/>
    <tag k="maxspeed" v="50"/>
    <tag k="name" v="Akademiestraße"/>
    <tag k="parking:both" v="yes"/>
    <tag k="parking:both:orientation" v="perpendicular"/>
    <tag k="parking:condition:both:1" v="residents"/>
    <tag k="parking:condition:both:1:residents" v="Akademieviertel"/>
    <tag k="parking:condition:both:2" v="ticket"/>
    <tag k="parking:condition:both:2:ticket" v="1h=1€;1d=6€"/>
    <tag k="sidewalk:both" v="separate"/>
    <tag k="smoothness" v="bad"/>
    <tag k="source:maxspeed" v="DE:urban"/>
    <tag k="surface" v="sett"/>
  </way>
  <way id="93192045">
    <nd ref="368339489"/>
    <nd ref="8042787360"/>
    <nd ref="246913139"/>
    <nd ref="8867980130"/>
    <nd ref="7983337"/>
    <tag k="cycleway:both" v="no"/>
    <tag k="highway" v="residential"/>
    <tag k="lane_markings" v="no"/>
    <tag k="lit" v="yes"/>
    <tag k="maxspeed" v="50"/>
    <tag k="name" v="Akademiestraße"/>
    <tag k="parking:both" v="yes"/>
    <tag k="parking:both:orientation" v="perpendicular"/>
    <tag k="parking:condition:both:1" v="residents"/>
    <tag k="parking:condition:both:1:residents" v="Akademieviertel"/>
    <tag k="parking:condition:both:2" v="ticket"/>
    <tag k="parking:condition:both:2:ticket" v="1h=1€;1d=6€"/>
    <tag k="sidewalk:both" v="separate"/>
    <tag k="smoothness" v="intermediate"/>
    <tag k="source:maxspeed" v="DE:urban"/>
    <tag k="surface" v="sett"/>
  </way>
  <way id="93195854">
    <nd ref="1669909107"/>
    <nd ref="8844818002"/>
    <nd ref="4532822645"/>
    <tag k="bicycle_road" v="yes"/>
    <tag k="class:bicycle" v="1"/>
    <tag k="cycleway:both" v="no"/>
    <tag k="highway" v="residential"/>
    <tag k="lanes" v="1"/>
    <tag k="lit" v="yes"/>
    <tag k="maxspeed" v="30"/>
    <tag k="motor_vehicle" v="yes"/>
    <tag k="name" v="Adalbertstraße"/>
    <tag k="name:etymology:wikidata" v="Q60610"/>
    <tag k="oneway" v="yes"/>
    <tag k="oneway:bicycle" v="no"/>
    <tag k="parking:condition:both:1" v="residents"/>
    <tag k="parking:condition:both:1:residents" v="Akademieviertel"/>
    <tag k="parking:condition:both:2" v="ticket"/>
    <tag k="parking:condition:both:2:ticket" v="1h=1€;1d=6€"/>
    <tag k="parking:left" v="yes"/>
    <tag k="parking:left:orientation" v="diagonal"/>
    <tag k="parking:right" v="yes"/>
    <tag k="parking:right:orientation" v="parallel"/>
    <tag k="sidewalk" v="separate"/>
    <tag k="smoothness" v="good"/>
    <tag k="source:maxspeed" v="DE:bicycle_road"/>
    <tag k="surface" v="asphalt"/>
    <tag k="zone:maxspeed" v="DE:30"/>
    <tag k="zone:traffic" v="DE:urban"/>
  </way>
  <way id="134929400">
    <nd ref="83870461"/>
    <nd ref="922879314"/>
    <nd ref="6532448292"/>
    <nd ref="4213892306"/>
    <nd ref="618697480"/>
    <nd ref="3608601612"/>
    <nd ref="3966267732"/>
    <nd ref="1344352538"/>
    <nd ref="2836367311"/>
    <nd ref="1344352547"/>
    <nd ref="3580395784"/>
    <nd ref="1679831932"/>
    <nd ref="637795257"/>
    <tag k="class:bicycle" v="-1"/>
    <tag k="cycleway:both" v="no"/>
    <tag k="foot" v="use_sidepath"/>
    <tag k="highway" v="residential"/>
    <tag k="lit" v="yes"/>
    <tag k="maxspeed" v="30"/>
    <tag k="name" v="Heßstraße"/>
    <tag k="name:etymology:wikidata" v="Q388523; Q319140"/>
    <tag k="note" v="Einbahnstraße 2013 für Radverkehr geöffnet"/>
    <tag k="oneway" v="yes"/>
    <tag k="oneway:bicycle" v="no"/>
    <tag k="parking:left" v="yes"/>
    <tag k="parking:left:orientation" v="parallel"/>
    <tag k="parking:right" v="yes"/>
    <tag k="parking:right:orientation" v="diagonal"/>
    <tag k="sidewalk:both" v="separate"/>
    <tag k="smoothness" v="good"/>
    <tag k="surface" v="asphalt"/>
    <tag k="width" v="9"/>
  </way>
  <way id="147557401">
    <nd ref="1954365"/>
    <nd ref="729534257"/>
    <nd ref="885517802"/>
    <tag k="busway:right" v="lane"/>
    <tag k="class:bicycle" v="-1"/>
    <tag k="cycleway:left" v="no"/>
    <tag k="cycleway:right" v="share_busway"/>
    <tag k="foot" v="use_sidepath"/>
    <tag k="highway" v="secondary"/>
    <tag k="lanes" v="2"/>
    <tag k="lanes:psv" v="1"/>
    <tag k="lit" v="yes"/>
    <tag k="maxspeed" v="50"/>
    <tag k="name" v="Theresienstraße"/>
    <tag k="name:etymology:wikidata" v="Q233198"/>
    <tag k="oneway" v="yes"/>
    <tag k="sidewalk" v="separate"/>
    <tag k="smoothness" v="good"/>
    <tag k="source:maxspeed" v="DE:urban"/>
    <tag k="surface" v="asphalt"/>
  </way>
  <way id="149935566">
    <nd ref="967091764"/>
    <nd ref="8748721317"/>
    <nd ref="3451083085"/>
    <nd ref="2898180096"/>
    <nd ref="618163567"/>
    <nd ref="725632778"/>
    <tag k="class:bicycle" v="-1"/>
    <tag k="cycleway:left" v="no"/>
    <tag k="cycleway:right" v="lane"/>
    <tag k="cycleway:right:lane" v="exclusive"/>
    <tag k="highway" v="secondary"/>
    <tag k="lanes" v="2"/>
    <tag k="lit" v="yes"/>
    <tag k="maxspeed" v="50"/>
    <tag k="name" v="Theresienstraße"/>
    <tag k="name:etymology:wikidata" v="Q233198"/>
    <tag k="oneway" v="yes"/>
    <tag k="parking:both" v="yes"/>
    <tag k="parking:both:orientation" v="parallel"/>
    <tag k="postal_code" v="80333"/>
    <tag k="psv" v="yes"/>
    <tag k="sidewalk:both" v="separate"/>
    <tag k="sidewalk:both:surface" v="concrete:plates"/>
    <tag k="smoothness" v="excellent"/>
    <tag k="surface" v="asphalt"/>
    <tag k="width" v="11.2"/>
  </way>
  <way id="149935567">
    <nd ref="20982445"/>
    <nd ref="11254062395"/>
    <nd ref="11254062394"/>
    <nd ref="1628699894"/>
    <nd ref="13011686616"/>
    <nd ref="1628699897"/>
    <nd ref="3953423473"/>
    <tag k="class:bicycle" v="-1"/>
    <tag k="cycleway:both" v="no"/>
    <tag k="highway" v="secondary"/>
    <tag k="lanes" v="3"/>
    <tag k="lit" v="yes"/>
    <tag k="maxspeed" v="50"/>
    <tag k="name" v="Türkenstraße"/>
    <tag k="name:etymology:wikidata" v="Q2464483"/>
    <tag k="oneway" v="yes"/>
    <tag k="oneway:bicycle" v="no"/>
    <tag k="parking:left" v="no"/>
    <tag k="parking:right" v="lane"/>
    <tag k="parking:right:orientation" v="parallel"/>
    <tag k="sidewalk:left" v="separate"/>
    <tag k="sidewalk:left:bicycle" v="yes"/>
    <tag k="sidewalk:left:bicycle:signed" v="yes"/>
    <tag k="sidewalk:left:oneway:bicycle" v="-1"/>
    <tag k="sidewalk:right" v="yes"/>
    <tag k="sidewalk:right:surface" v="paving_stones"/>
    <tag k="smoothness" v="good"/>
    <tag k="surface" v="asphalt"/>
  </way>
  <way id="152118091">
    <nd ref="18280273"/>
    <nd ref="10146614956"/>
    <nd ref="12251388817"/>
    <nd ref="2830218278"/>
    <nd ref="3188376660"/>
    <nd ref="10146614938"/>
    <nd ref="682198286"/>
    <tag k="class:bicycle" v="1"/>
    <tag k="cycleway:both" v="no"/>
    <tag k="highway" v="residential"/>
    <tag k="lit" v="yes"/>
    <tag k="maxspeed" v="30"/>
    <tag k="name" v="Amalienstraße"/>
    <tag k="name:etymology:wikidata" v="Q61221"/>
    <tag k="sidewalk" v="separate"/>
    <tag k="smoothness" v="excellent"/>
    <tag k="surface" v="asphalt"/>
  </way>
  <way id="152118096">
    <nd ref="1954365"/>
    <nd ref="2155840718"/>
    <nd ref="2589265387"/>
    <nd ref="928314836"/>
    <nd ref="2602955220"/>
    <nd ref="9717748426"/>
    <nd ref="3946157827"/>
    <tag k="class:bicycle" v="-1"/>
    <tag k="cycleway:both" v="no"/>
    <tag k="highway" v="residential"/>
    <tag k="lit" v="yes"/>
    <tag k="maxspeed" v="30"/>
    <tag k="name" v="Türkenstraße"/>
    <tag k="name:etymology:wikidata" v="Q2464483"/>
    <tag k="oneway" v="yes"/>
    <tag k="oneway:bicycle" v="no"/>
    <tag k="parking:both" v="lane"/>
    <tag k="parking:both:orientation" v="parallel"/>
    <tag k="postal_code" v="80799"/>
    <tag k="sidewalk" v="both"/>
    <tag k="sidewalk:both:surface" v="paving_stones"/>
    <tag k="smoothness" v="intermediate"/>
    <tag k="surface" v="asphalt"/>
  </way>
  <way id="152130806">
    <nd ref="658546068"/>
    <nd ref="13725374562"/>
    <nd ref="658546069"/>
    <nd ref="658546079"/>
    <nd ref="1955500"/>
    <tag k="class:bicycle" v="-2"/>
    <tag k="class:bicycle:non_experienced" v="-2"/>
    <tag k="cycleway:both" v="no"/>
    <tag k="foot" v="use_sidepath"/>
    <tag k="highway" v="residential"/>
    <tag k="lane_markings" v="no"/>
    <tag k="lanes" v="2"/>
    <tag k="lit" v="yes"/>
    <tag k="maxspeed" v="30"/>
    <tag k="name" v="Luisenstraße"/>
    <tag k="name:etymology:wikidata" v="Q57531"/>
    <tag k="parking:both" v="yes"/>
    <tag k="parking:both:orientation" v="parallel"/>
    <tag k="sidewalk:both:surface" v="paving_stones"/>
    <tag k="sidewalk:left" v="yes"/>
    <tag k="sidewalk:right" v="separate"/>
    <tag k="smoothness" v="excellent"/>
    <tag k="surface" v="asphalt"/>
  </way>
  <way id="154470138">
    <nd ref="1954430"/>
    <nd ref="1679831954"/>
    <nd ref="10174605163"/>
    <nd ref="10693711067"/>
    <nd ref="21543941"/>
    <nd ref="10693711073"/>
    <nd ref="10693711075"/>
    <nd ref="21543998"/>
    <nd ref="10693711069"/>
    <nd ref="8748721452"/>
    <nd ref="1669909108"/>
    <nd ref="8748721412"/>
    <nd ref="667534351"/>
    <nd ref="8844818001"/>
    <nd ref="1669909107"/>
    <tag k="bicycle_road" v="yes"/>
    <tag k="class:bicycle" v="1"/>
    <tag k="cycleway:both" v="no"/>
    <tag k="highway" v="residential"/>
    <tag k="lane_markings" v="no"/>
    <tag k="lit" v="yes"/>
    <tag k="maxspeed" v="30"/>
    <tag k="motor_vehicle" v="yes"/>
    <tag k="name" v="Adalbertstraße"/>
    <tag k="name:etymology:wikidata" v="Q60610"/>
    <tag k="oneway" v="yes"/>
    <tag k="oneway:bicycle" v="no"/>
    <tag k="parking:both" v="lane"/>
    <tag k="parking:condition:both:1" v="residents"/>
    <tag k="parking:condition:both:1:residents" v="Akademieviertel"/>
    <tag k="parking:condition:both:2" v="ticket"/>
    <tag k="parking:condition:both:2:ticket" v="1h=1€; 1d=6€"/>
    <tag k="parking:left:orientation" v="diagonal"/>
    <tag k="parking:right:orientation" v="parallel"/>
    <tag k="postal_code" v="80799"/>
    <tag k="sidewalk" v="separate"/>
    <tag k="smoothness" v="good"/>
    <tag k="source:maxspeed" v="DE:bicycle_road"/>
    <tag k="surface" v="asphalt"/>
    <tag k="zone:maxspeed" v="DE:30"/>
    <tag k="zone:traffic" v="DE:urban"/>
  </way>
  <way id="154470139">
    <nd ref="7983337"/>
    <nd ref="8867980129"/>
    <nd ref="8844818003"/>
    <nd ref="1669909107"/>
    <tag k="class:bicycle" v="-1"/>
    <tag k="cycleway:both" v="no"/>
    <tag k="highway" v="residential"/>
    <tag k="lit" v="yes"/>
    <tag k="maxspeed" v="30"/>
    <tag k="maxspeed:type" v="DE:zone30"/>
    <tag k="name" v="Amalienstraße"/>
    <tag k="name:etymology:wikidata" v="Q61221"/>
    <tag k="oneway" v="yes"/>
    <tag k="oneway:bicycle" v="no"/>
    <tag k="parking:both" v="yes"/>
    <tag k="parking:both:orientation" v="parallel"/>
    <tag k="parking:condition:both:1" v="residents"/>
    <tag k="parking:condition:both:1:residents" v="Akademieviertel"/>
    <tag k="parking:condition:both:2" v="ticket"/>
    <tag k="parking:condition:both:2:ticket" v="1h=1€;1d=6€"/>
    <tag k="sidewalk:both" v="separate"/>
    <tag k="smoothness" v="intermediate"/>
    <tag k="surface" v="asphalt"/>
  </way>
  <way id="154470146">
    <nd ref="675088767"/>
    <nd ref="12522636055"/>
    <nd ref="3693961641"/>
    <nd ref="8748721496"/>
    <nd ref="27487416"/>
    <nd ref="8748721494"/>
    <nd ref="8748721484"/>
    <nd ref="21543998"/>
    <tag k="class:bicycle" v="1"/>
    <tag k="cycleway:both" v="no"/>
    <tag k="highway" v="residential"/>
    <tag k="lit" v="yes"/>
    <tag k="maxspeed" v="30"/>
    <tag k="name" v="Kurfürstenstraße"/>
    <tag k="name:etymology:wikidata" v="Q57628"/>
    <tag k="oneway" v="yes"/>
    <tag k="oneway:bicycle" v="no"/>
    <tag k="parking:both:orientation" v="parallel"/>
    <tag k="parking:condition:both:1" v="residents"/>
    <tag k="parking:condition:both:1:residents" v="Akademieviertel"/>
    <tag k="parking:condition:both:2" v="ticket"/>
    <tag k="parking:condition:both:2:ticket" v="1h=1€;1d=6€"/>
    <tag k="parking:left" v="half_on_kerb"/>
    <tag k="parking:right" v="lane"/>
    <tag k="postal_code" v="80799"/>
    <tag k="sidewalk" v="both"/>
    <tag k="sidewalk:both:surface" v="paving_stones"/>
    <tag k="smoothness" v="good"/>
    <tag k="source:width" v="ARCore"/>
    <tag k="surface" v="asphalt"/>
    <tag k="width" v="6.4"/>
  </way>
  <way id="154470151">
    <nd ref="7983334"/>
    <nd ref="27487417"/>
    <nd ref="2518837648"/>
    <nd ref="13287276723"/>
    <nd ref="7729710098"/>
    <nd ref="8748721440"/>
    <nd ref="2570330021"/>
    <tag k="class:bicycle" v="-1"/>
    <tag k="highway" v="residential"/>
    <tag k="lit" v="yes"/>
    <tag k="maxspeed" v="30"/>
    <tag k="maxspeed:type" v="DE:zone30"/>
    <tag k="name" v="Türkenstraße"/>
    <tag k="name:etymology:wikidata" v="Q2464483"/>
    <tag k="parking:both" v="yes"/>
    <tag k="parking:both:orientation" v="parallel"/>
    <tag k="parking:condition:both" v="residents"/>
    <tag k="parking:condition:both:residents" v="Akademieviertel"/>
    <tag k="sidewalk:both" v="separate"/>
    <tag k="smoothness" v="good"/>
    <tag k="surface" v="asphalt"/>
  </way>
  <way id="155040999">
    <nd ref="8748896852"/>
    <nd ref="13289602100"/>
    <nd ref="265280126"/>
    <tag k="highway" v="residential"/>
    <tag k="lanes" v="1"/>
    <tag k="lit" v="yes"/>
    <tag k="maxspeed" v="30"/>
    <tag k="name" v="Tengstraße"/>
    <tag k="sidewalk" v="right"/>
    <tag k="sidewalk:right:surface" v="paving_stones"/>
    <tag k="smoothness" v="excellent"/>
    <tag k="surface" v="asphalt"/>
  </way>
  <way id="155041000">
    <nd ref="20835174"/>
    <nd ref="8748896852"/>
    <nd ref="2440511937"/>
    <nd ref="13289602106"/>
    <nd ref="4019702605"/>
    <nd ref="1955535"/>
    <tag k="bicycle" v="designated"/>
    <tag k="bicycle_road" v="yes"/>
    <tag k="class:bicycle" v="-1"/>
    <tag k="highway" v="residential"/>
    <tag k="lane_markings" v="no"/>
    <tag k="lanes" v="2"/>
    <tag k="lit" v="yes"/>
    <tag k="maxspeed" v="30"/>
    <tag k="name" v="Tengstraße"/>
    <tag k="smoothness" v="good"/>
    <tag k="source:maxspeed" v="DE:bicycle_road"/>
    <tag k="surface" v="asphalt"/>
    <tag k="traffic_sign" v="DE:244.1"/>
  </way>
  <way id="155041002">
    <nd ref="20835182"/>
    <nd ref="8748896724"/>
    <nd ref="1362751392"/>
    <nd ref="6730038"/>
    <nd ref="1362751391"/>
    <nd ref="13289602073"/>
    <nd ref="265280126"/>
    <nd ref="658546080"/>
    <nd ref="20835174"/>
    <tag k="cycleway:both" v="no"/>
    <tag k="highway" v="residential"/>
    <tag k="lit" v="yes"/>
    <tag k="maxspeed" v="30"/>
    <tag k="name" v="Zieblandstraße"/>
    <tag k="name:etymology:wikidata" v="Q84473"/>
    <tag k="parking:both" v="lane"/>
    <tag k="parking:both:orientation" v="parallel"/>
    <tag k="sidewalk:both" v="separate"/>
    <tag k="source:width" v="ARCore"/>
    <tag k="surface" v="asphalt"/>
    <tag k="width" v="9.6"/>
  </way>
  <way id="242358064">
    <nd ref="265086763"/>
    <nd ref="2739597253"/>
    <nd ref="1078841388"/>
    <nd ref="1954419"/>
    <tag k="bicycle" v="use_sidepath"/>
    <tag k="foot" v="use_sidepath"/>
    <tag k="highway" v="secondary"/>
    <tag k="lanes" v="7"/>
    <tag k="lanes:backward" v="3"/>
    <tag k="lanes:forward" v="4"/>
    <tag k="lit" v="yes"/>
    <tag k="maxspeed" v="50"/>
    <tag k="name" v="Ludwigstraße"/>
    <tag k="name:etymology:wikidata" v="Q44361"/>
    <tag k="sidewalk" v="separate"/>
    <tag k="smoothness" v="excellent"/>
    <tag k="surface" v="asphalt"/>
    <tag k="tmc" v="DE:27947/46571"/>
    <tag k="turn:lanes:forward" v="left|through|through|through"/>
    <tag k="wikipedia" v="de:Ludwigstraße"/>
  </way>
  <way id="316273517">
    <nd ref="922831100"/>
    <nd ref="1954309"/>
    <tag k="bicycle_road" v="yes"/>
    <tag k="class:bicycle:non_experienced" v="1"/>
    <tag k="highway" v="residential"/>
    <tag k="lit" v="yes"/>
    <tag k="maxspeed" v="30"/>
    <tag k="name" v="Adalbertstraße"/>
    <tag k="name:etymology:wikidata" v="Q60610"/>
    <tag k="sidewalk" v="both"/>
    <tag k="smoothness" v="excellent"/>
    <tag k="surface" v="asphalt"/>
    <tag k="traffic_sign" v="DE:244.1"/>
  </way>
  <way id="344664988">
    <nd ref="3514129370"/>
    <nd ref="2064183917"/>
    <nd ref="3953206285"/>
    <nd ref="29564155"/>
    <tag k="class:bicycle" v="1"/>
    <tag k="class:bicycle:non_experienced" v="1"/>
    <tag k="cycleway:left" v="lane"/>
    <tag k="cycleway:left:lane" v="advisory"/>
    <tag k="cycleway:right" v="separate"/>
    <tag k="foot" v="use_sidepath"/>
    <tag k="highway" v="secondary"/>
    <tag k="lanes" v="2"/>
    <tag k="lit" v="yes"/>
    <tag k="maxspeed" v="50"/>
    <tag k="name" v="Arcisstraße"/>
    <tag k="sidewalk:both" v="separate"/>
    <tag k="smoothness" v="good"/>
    <tag k="surface" v="asphalt"/>
  </way>
  <way id="362368395">
    <nd ref="29564155"/>
    <nd ref="967091796"/>
    <nd ref="3953206286"/>
    <nd ref="13381882285"/>
    <nd ref="8748721373"/>
    <nd ref="1562831706"/>
    <nd ref="29565897"/>
    <tag k="class:bicycle" v="1"/>
    <tag k="cycleway:left" v="no"/>
    <tag k="cycleway:right" v="lane"/>
    <tag k="cycleway:right:lane" v="exclusive"/>
    <tag k="highway" v="secondary"/>
    <tag k="lanes" v="2"/>
    <tag k="lit" v="yes"/>
    <tag k="maxspeed" v="50"/>
    <tag k="name" v="Gabelsbergerstraße"/>
    <tag k="name:etymology:wikidata" v="Q62137"/>
    <tag k="oneway" v="yes"/>
    <tag k="parking:both" v="yes"/>
    <tag k="parking:both:orientation" v="parallel"/>
    <tag k="psv" v="yes"/>
    <tag k="sidewalk" v="both"/>
    <tag k="sidewalk:both:maxwidth" v="2.2"/>
    <tag k="sidewalk:both:surface" v="paving_stones"/>
    <tag k="sidewalk:both:width" v="3"/>
    <tag k="smoothness" v="excellent"/>
    <tag k="surface" v="asphalt"/>
    <tag k="width" v="13.8"/>
  </way>
  <way id="376401312">
    <nd ref="29565896"/>
    <nd ref="1562831708"/>
    <nd ref="3580395767"/>
    <nd ref="735102750"/>
    <nd ref="618697474"/>
    <nd ref="3153419924"/>
    <nd ref="618697473"/>
    <nd ref="8748721326"/>
    <nd ref="8748721324"/>
    <nd ref="967091764"/>
    <tag k="access:lanes" v="yes|no"/>
    <tag k="class:bicycle" v="-1"/>
    <tag k="cycleway:left" v="no"/>
    <tag k="cycleway:right" v="lane"/>
    <tag k="cycleway:right:lane" v="exclusive"/>
    <tag k="highway" v="secondary"/>
    <tag k="lanes" v="2"/>
    <tag k="lanes:bus" v="1"/>
    <tag k="lit" v="yes"/>
    <tag k="maxspeed" v="50"/>
    <tag k="name" v="Theresienstraße"/>
    <tag k="name:etymology:wikidata" v="Q233198"/>
    <tag k="oneway" v="yes"/>
    <tag k="postal_code" v="80333"/>
    <tag k="psv" v="yes"/>
    <tag k="sidewalk:left" v="yes"/>
    <tag k="sidewalk:left:smoothness" v="excellent"/>
    <tag k="sidewalk:left:surface" v="paving_stones"/>
    <tag k="sidewalk:left:width" v="2"/>
    <tag k="sidewalk:right" v="separate"/>
    <tag k="surface" v="asphalt"/>
    <tag k="width" v="6"/>
  </way>
  <way id="376401313">
    <nd ref="1315348781"/>
    <nd ref="3580395765"/>
    <nd ref="1679831907"/>
    <nd ref="29565896"/>
    <tag k="access:lanes" v="yes|no"/>
    <tag k="busway:right" v="lane"/>
    <tag k="class:bicycle" v="-1"/>
    <tag k="cycleway:left" v="no"/>
    <tag k="cycleway:right" v="share_busway"/>
    <tag k="cycleway:right:lane" v="exclusive"/>
    <tag k="highway" v="secondary"/>
    <tag k="lanes" v="2"/>
    <tag k="lanes:psv" v="1"/>
    <tag k="lit" v="yes"/>
    <tag k="maxspeed" v="50"/>
    <tag k="name" v="Theresienstraße"/>
    <tag k="name:etymology:wikidata" v="Q233198"/>
    <tag k="oneway" v="yes"/>
    <tag k="parking:right" v="lane"/>
    <tag k="parking:right:capacity" v="6"/>
    <tag k="parking:right:orientation" v="parallel"/>
    <tag k="sidewalk" v="separate"/>
    <tag k="smoothness" v="good"/>
    <tag k="source:maxspeed" v="DE:urban"/>
    <tag k="surface" v="asphalt"/>
  </way>
  <way id="376401314">
    <nd ref="2836350886"/>
    <nd ref="2836350889"/>
    <tag k="busway:right" v="lane"/>
    <tag k="class:bicycle" v="-1"/>
    <tag k="cycleway:left" v="no"/>
    <tag k="cycleway:right" v="share_busway"/>
    <tag k="foot" v="use_sidepath"/>
    <tag k="highway" v="secondary"/>
    <tag k="lanes" v="2"/>
    <tag k="lanes:psv" v="1"/>
    <tag k="lit" v="yes"/>
    <tag k="maxspeed" v="50"/>
    <tag k="name" v="Theresienstraße"/>
    <tag k="name:etymology:wikidata" v="Q233198"/>
    <tag k="oneway" v="yes"/>
    <tag k="parking:right" v="lane"/>
    <tag k="parking:right:capacity" v="5"/>
    <tag k="parking:right:orientation" v="parallel"/>
    <tag k="sidewalk" v="separate"/>
    <tag k="smoothness" v="good"/>
    <tag k="surface" v="asphalt"/>
  </way>
  <way id="376401315">
    <nd ref="885517802"/>
    <nd ref="8748721380"/>
    <nd ref="8748721379"/>
    <nd ref="2836350886"/>
    <tag k="busway:right" v="lane"/>
    <tag k="class:bicycle" v="-1"/>
    <tag k="cycleway:left" v="no"/>
    <tag k="cycleway:right" v="share_busway"/>
    <tag k="highway" v="secondary"/>
    <tag k="lanes" v="2"/>
    <tag k="lanes:psv" v="1"/>
    <tag k="lit" v="yes"/>
    <tag k="maxspeed" v="50"/>
    <tag k="name" v="Theresienstraße"/>
    <tag k="name:etymology:wikidata" v="Q233198"/>
    <tag k="oneway" v="yes"/>
    <tag k="parking:right" v="lane"/>
    <tag k="parking:right:capacity" v="13"/>
    <tag k="parking:right:orientation" v="parallel"/>
    <tag k="sidewalk" v="separate"/>
    <tag k="smoothness" v="good"/>
    <tag k="source:maxspeed" v="DE:urban"/>
    <tag k="surface" v="asphalt"/>
  </way>
  <way id="376401316">
    <nd ref="2836350889"/>
    <nd ref="8748721378"/>
    <nd ref="433730419"/>
    <nd ref="1315348781"/>
    <tag k="busway:right" v="lane"/>
    <tag k="class:bicycle" v="-1"/>
    <tag k="cycleway:left" v="no"/>
    <tag k="cycleway:right" v="share_busway"/>
    <tag k="foot" v="use_sidepath"/>
    <tag k="highway" v="secondary"/>
    <tag k="lanes" v="2"/>
    <tag k="lanes:psv" v="1"/>
    <tag k="lit" v="yes"/>
    <tag k="maxspeed" v="50"/>
    <tag k="name" v="Theresienstraße"/>
    <tag k="name:etymology:wikidata" v="Q233198"/>
    <tag k="oneway" v="yes"/>
    <tag k="parking:right" v="lane"/>
    <tag k="parking:right:capacity" v="7"/>
    <tag k="parking:right:orientation" v="parallel"/>
    <tag k="sidewalk" v="separate"/>
    <tag k="smoothness" v="good"/>
    <tag k="source:maxspeed" v="DE:urban"/>
    <tag k="surface" v="asphalt"/>
  </way>
  <way id="392069504">
    <nd ref="637795257"/>
    <nd ref="2830289616"/>
    <tag k="check_date:cycleway" v="2025-05-19"/>
    <tag k="class:bicycle" v="-2"/>
    <tag k="class:bicycle:non_experienced" v="-2"/>
    <tag k="cycleway:both" v="no"/>
    <tag k="highway" v="tertiary"/>
    <tag k="lanes" v="2"/>
    <tag k="lit" v="yes"/>
    <tag k="maxspeed" v="50"/>
    <tag k="name" v="Barer Straße"/>
    <tag k="parking:both" v="lane"/>
    <tag k="parking:both:orientation" v="parallel"/>
    <tag k="sidewalk" v="separate"/>
    <tag k="smoothness" v="good"/>
    <tag k="surface" v="asphalt"/>
  </way>
  <way id="392069505">
    <nd ref="1954411"/>
    <nd ref="27487414"/>
    <tag k="class:bicycle" v="-2"/>
    <tag k="class:bicycle:non_experienced" v="-2"/>
    <tag k="cycleway:both" v="no"/>
    <tag k="highway" v="tertiary"/>
    <tag k="lanes" v="2"/>
    <tag k="lit" v="yes"/>
    <tag k="maxspeed" v="50"/>
    <tag k="name" v="Barer Straße"/>
    <tag k="parking:right" v="no"/>
    <tag k="parking:right:restriction" v="no_parking"/>
    <tag k="sidewalk" v="both"/>
    <tag k="sidewalk:both:surface" v="paving_stones"/>
    <tag k="smoothness" v="good"/>
    <tag k="source:maxspeed" v="DE:urban"/>
    <tag k="surface" v="asphalt"/>
  </way>
  <way id="392069506">
    <nd ref="10867683249"/>
    <nd ref="4208491065"/>
    <nd ref="3580335712"/>
    <nd ref="618697482"/>
    <tag k="class:bicycle" v="-2"/>
    <tag k="class:bicycle:non_experienced" v="-2"/>
    <tag k="cycleway:both" v="no"/>
    <tag k="foot" v="use_sidepath"/>
    <tag k="highway" v="tertiary"/>
    <tag k="lanes" v="2"/>
    <tag k="lit" v="yes"/>
    <tag k="maxspeed" v="50"/>
    <tag k="name" v="Barer Straße"/>
    <tag k="parking:left" v="lane"/>
    <tag k="parking:left:orientation" v="parallel"/>
    <tag k="parking:right" v="no"/>
    <tag k="sidewalk" v="separate"/>
    <tag k="smoothness" v="good"/>
    <tag k="surface" v="asphalt"/>
  </way>
  <way id="392069507">
    <nd ref="29565897"/>
    <nd ref="8748721388"/>
    <nd ref="618697468"/>
    <nd ref="8500644989"/>
    <nd ref="1770337075"/>
    <nd ref="618697470"/>
    <tag k="class:bicycle" v="-2"/>
    <tag k="class:bicycle:non_experienced" v="-2"/>
    <tag k="cycleway:both" v="no"/>
    <tag k="highway" v="tertiary"/>
    <tag k="lanes" v="2"/>
    <tag k="lit" v="yes"/>
    <tag k="maxspeed" v="50"/>
    <tag k="name" v="Barer Straße"/>
    <tag k="parking:left" v="no"/>
    <tag k="parking:right" v="lane"/>
    <tag k="parking:right:orientation" v="parallel"/>
    <tag k="sidewalk" v="separate"/>
    <tag k="smoothness" v="good"/>
    <tag k="surface" v="asphalt"/>
    <tag k="width" v="14.5"/>
  </way>
  <way id="392069508">
    <nd ref="618697482"/>
    <nd ref="1562831710"/>
    <nd ref="3505015541"/>
    <nd ref="3580335715"/>
    <nd ref="3757402785"/>
    <tag k="cycleway:both" v="no"/>
    <tag k="foot" v="use_sidepath"/>
    <tag k="highway" v="residential"/>
    <tag k="lanes" v="2"/>
    <tag k="lit" v="yes"/>
    <tag k="maxspeed" v="30"/>
    <tag k="name" v="Schellingstraße"/>
    <tag k="name:etymology:wikidata" v="Q60070"/>
    <tag k="sidewalk:both" v="separate"/>
    <tag k="sidewalk:both:surface" v="paving_stones"/>
    <tag k="smoothness" v="excellent"/>
    <tag k="source:maxspeed" v="sign"/>
    <tag k="surface" v="asphalt"/>
  </way>
  <way id="392088973">
    <nd ref="3811913890"/>
    <nd ref="9717748428"/>
    <nd ref="9717748425"/>
    <nd ref="1954425"/>
    <tag k="class:bicycle" v="-1"/>
    <tag k="cycleway:both" v="no"/>
    <tag k="foot" v="use_sidepath"/>
    <tag k="highway" v="residential"/>
    <tag k="lanes" v="2"/>
    <tag k="lit" v="yes"/>
    <tag k="maxspeed" v="30"/>
    <tag k="name" v="Schellingstraße"/>
    <tag k="name:etymology:wikidata" v="Q60070"/>
    <tag k="parking:right:access:conditional" v="residents @ 18:00-09:00"/>
    <tag k="parking:right:authentication:ticket" v="yes"/>
    <tag k="parking:right:charge" v="1 EUR/h"/>
    <tag k="parking:right:fee" v="yes"/>
    <tag k="parking:right:fee:conditional" v="no @ residents"/>
    <tag k="parking:right:maxstay:conditional" v="2 hours @ 9:00 - 18:00"/>
    <tag k="parking:right:orientation" v="parallel"/>
    <tag k="parking:right:zone" v="Akademieviertel"/>
    <tag k="sidewalk:both" v="separate"/>
    <tag k="smoothness" v="excellent"/>
    <tag k="surface" v="asphalt"/>
  </way>
  <way id="392088974">
    <nd ref="3757402785"/>
    <nd ref="25576274"/>
    <nd ref="244213413"/>
    <nd ref="20835091"/>
    <nd ref="3813915949"/>
    <tag k="class:bicycle" v="-1"/>
    <tag k="cycleway:both" v="no"/>
    <tag k="highway" v="residential"/>
    <tag k="lanes" v="2"/>
    <tag k="lit" v="yes"/>
    <tag k="maxspeed" v="30"/>
    <tag k="name" v="Schellingstraße"/>
    <tag k="name:etymology:wikidata" v="Q60070"/>
    <tag k="parking:both" v="yes"/>
    <tag k="parking:both:orientation" v="parallel"/>
    <tag k="sidewalk:both" v="separate"/>
    <tag k="source:maxspeed" v="sign"/>
    <tag k="surface" v="asphalt"/>
  </way>
  <way id="392088975">
    <nd ref="3813915949"/>
    <nd ref="922879322"/>
    <nd ref="13725374564"/>
    <tag k="class:bicycle" v="-1"/>
    <tag k="cycleway:both" v="no"/>
    <tag k="foot" v="use_sidepath"/>
    <tag k="highway" v="residential"/>
    <tag k="lanes" v="2"/>
    <tag k="lit" v="yes"/>
    <tag k="maxspeed" v="30"/>
    <tag k="name" v="Schellingstraße"/>
    <tag k="name:etymology:wikidata" v="Q60070"/>
    <tag k="sidewalk" v="both"/>
    <tag k="sidewalk:both:surface" v="paving_stones"/>
    <tag k="source:maxspeed" v="sign"/>
    <tag k="surface" v="asphalt"/>
  </way>
  <way id="392088976">
    <nd ref="3946157827"/>
    <nd ref="1954425"/>
    <tag k="cycleway:both" v="no"/>
    <tag k="foot" v="use_sidepath"/>
    <tag k="highway" v="residential"/>
    <tag k="lit" v="yes"/>
    <tag k="maxspeed" v="30"/>
    <tag k="name" v="Türkenstraße"/>
    <tag k="name:etymology:wikidata" v="Q2464483"/>
    <tag k="oneway" v="yes"/>
    <tag k="oneway:bicycle" v="no"/>
    <tag k="parking:both" v="no"/>
    <tag k="postal_code" v="80799"/>
    <tag k="sidewalk" v="both"/>
    <tag k="sidewalk:both:surface" v="paving_stones"/>
    <tag k="smoothness" v="intermediate"/>
    <tag k="surface" v="asphalt"/>
  </way>
  <way id="392103886">
    <nd ref="3946157840"/>
    <nd ref="13725374560"/>
    <tag k="class:bicycle" v="-2"/>
    <tag k="class:bicycle:non_experienced" v="-2"/>
    <tag k="foot" v="use_sidepath"/>
    <tag k="highway" v="residential"/>
    <tag k="lanes" v="2"/>
    <tag k="lit" v="yes"/>
    <tag k="maxspeed" v="30"/>
    <tag k="name" v="Luisenstraße"/>
    <tag k="name:etymology:wikidata" v="Q57531"/>
    <tag k="sidewalk:both" v="separate"/>
    <tag k="sidewalk:both:surface" v="paving_stones"/>
    <tag k="smoothness" v="excellent"/>
    <tag k="surface" v="asphalt"/>
  </way>
  <way id="392103888">
    <nd ref="13725374560"/>
    <nd ref="658546068"/>
    <tag k="class:bicycle" v="-2"/>
    <tag k="class:bicycle:non_experienced" v="-2"/>
    <tag k="foot" v="use_sidepath"/>
    <tag k="highway" v="residential"/>
    <tag k="lanes" v="2"/>
    <tag k="lit" v="yes"/>
    <tag k="maxspeed" v="30"/>
    <tag k="name" v="Luisenstraße"/>
    <tag k="name:etymology:wikidata" v="Q57531"/>
    <tag k="sidewalk:both" v="separate"/>
    <tag k="sidewalk:both:surface" v="paving_stones"/>
    <tag k="smoothness" v="bad"/>
    <tag k="surface" v="sett"/>
  </way>
  <way id="392103891">
    <nd ref="9508370962"/>
    <nd ref="7983343"/>
    <nd ref="8748896817"/>
    <nd ref="13725374560"/>
    <nd ref="3946157843"/>
    <nd ref="13725374561"/>
    <nd ref="3811913159"/>
    <nd ref="244213414"/>
    <tag k="bicycle" v="yes"/>
    <tag k="class:bicycle" v="-1"/>
    <tag k="cycleway:both" v="no"/>
    <tag k="highway" v="residential"/>
    <tag k="lanes" v="2"/>
    <tag k="lit" v="yes"/>
    <tag k="maxspeed" v="30"/>
    <tag k="name" v="Schellingstraße"/>
    <tag k="name:etymology:wikidata" v="Q60070"/>
    <tag k="oneway" v="no"/>
    <tag k="sidewalk:both" v="separate"/>
    <tag k="sidewalk:both:surface" v="paving_stones"/>
    <tag k="smoothness" v="excellent"/>
    <tag k="surface" v="asphalt"/>
  </way>
  <way id="392103893">
    <nd ref="18280273"/>
    <nd ref="10146614935"/>
    <nd ref="735102763"/>
    <nd ref="715327363"/>
    <nd ref="3953423474"/>
    <nd ref="1954365"/>
    <tag k="class:bicycle" v="-1"/>
    <tag k="cycleway:both" v="no"/>
    <tag k="foot" v="use_sidepath"/>
    <tag k="highway" v="residential"/>
    <tag k="lanes" v="2"/>
    <tag k="lit" v="yes"/>
    <tag k="maxspeed" v="50"/>
    <tag k="name" v="Theresienstraße"/>
    <tag k="name:etymology:wikidata" v="Q233198"/>
    <tag k="postal_code" v="80333"/>
    <tag k="psv" v="yes"/>
    <tag k="sidewalk" v="separate"/>
    <tag k="smoothness" v="good"/>
    <tag k="source:maxspeed" v="DE:urban"/>
    <tag k="surface" v="asphalt"/>
  </way>
  <way id="456746083">
    <nd ref="1954419"/>
    <nd ref="372796999"/>
    <nd ref="3818918482"/>
    <tag k="class:bicycle" v="-1"/>
    <tag k="cycleway:both" v="no"/>
    <tag k="highway" v="residential"/>
    <tag k="lanes" v="2"/>
    <tag k="lit" v="yes"/>
    <tag k="maxspeed" v="50"/>
    <tag k="name" v="Schellingstraße"/>
    <tag k="name:etymology:wikidata" v="Q60070"/>
    <tag k="parking:right:authentication:ticket" v="yes"/>
    <tag k="parking:right:authentication:ticket:conditional" v="no @ residents"/>
    <tag k="parking:right:fee" v="1 EUR/hour; 6 EUR/day"/>
    <tag k="parking:right:fee:conditional" v="none @ residents"/>
    <tag k="parking:right:orientation" v="parallel"/>
    <tag k="parking:right:zone:residents" v="Akademieviertel"/>
    <tag k="psv" v="yes"/>
    <tag k="sidewalk" v="separate"/>
    <tag k="smoothness" v="good"/>
    <tag k="surface" v="asphalt"/>
  </way>
  <way id="506111188">
    <nd ref="4958918514"/>
    <nd ref="8748721469"/>
    <nd ref="21543940"/>
    <tag k="class:bicycle" v="-1"/>
    <tag k="cycleway:both" v="no"/>
    <tag k="highway" v="residential"/>
    <tag k="maxspeed" v="30"/>
    <tag k="name" v="Nordendstraße"/>
    <tag k="parking:both" v="lane"/>
    <tag k="parking:both:orientation" v="parallel"/>
    <tag k="parking:condition:both" v="residents"/>
    <tag k="parking:condition:both:residents" v="Akademieviertel"/>
    <tag k="postal_code" v="80799"/>
    <tag k="sidewalk" v="both"/>
    <tag k="sidewalk:both:surface" v="paving_stones"/>
    <tag k="smoothness" v="bad"/>
    <tag k="source:width" v="ARCore"/>
    <tag k="surface" v="sett"/>
    <tag k="width" v="7.8"/>
  </way>
  <way id="646878467">
    <nd ref="847979769"/>
    <nd ref="372796487"/>
    <tag k="check_date:smoothness" v="2025-05-19"/>
    <tag k="emergency" v="designated"/>
    <tag k="highway" v="residential"/>
    <tag k="lit" v="yes"/>
    <tag k="maxspeed" v="30"/>
    <tag k="maxspeed:type" v="DE:zone30"/>
    <tag k="name" v="Geschwister-Scholl-Platz"/>
    <tag k="name:etymology:wikidata" v="Q566212"/>
    <tag k="sidewalk" v="both"/>
    <tag k="sidewalk:both:surface" v="sett"/>
    <tag k="smoothness" v="good"/>
    <tag k="surface" v="asphalt"/>
  </way>
  <way id="679007428">
    <nd ref="922831081"/>
    <nd ref="13725374565"/>
    <nd ref="3811556859"/>
    <nd ref="9508320100"/>
    <tag k="class:bicycle" v="-1"/>
    <tag k="highway" v="residential"/>
    <tag k="lanes" v="2"/>
    <tag k="lit" v="yes"/>
    <tag k="maxspeed" v="30"/>
    <tag k="name" v="Schellingstraße"/>
    <tag k="name:etymology:wikidata" v="Q60070"/>
    <tag k="sidewalk:both" v="separate"/>
    <tag k="source:maxspeed" v="sign"/>
    <tag k="surface" v="asphalt"/>
  </way>
  <way id="851113026">
    <nd ref="25576122"/>
    <nd ref="3906092204"/>
    <nd ref="3906092200"/>
    <tag k="class:bicycle" v="1"/>
    <tag k="cycleway:both" v="no"/>
    <tag k="highway" v="residential"/>
    <tag k="lit" v="yes"/>
    <tag k="maxspeed" v="30"/>
    <tag k="name" v="Isabellastraße"/>
    <tag k="name:etymology:wikidata" v="Q62994"/>
    <tag k="parking:both" v="street_side"/>
    <tag k="parking:both:orientation" v="perpendicular"/>
    <tag k="sidewalk" v="both"/>
    <tag k="sidewalk:both:surface" v="paving_stones"/>
    <tag k="smoothness" v="excellent"/>
    <tag k="source:width" v="ARCore"/>
    <tag k="surface" v="asphalt"/>
    <tag k="width" v="5.5"/>
  </way>
  <way id="943540702">
    <nd ref="2959331869"/>
    <nd ref="2898180074"/>
    <nd ref="922831093"/>
    <nd ref="12715559615"/>
    <nd ref="29564155"/>
    <tag k="class:bicycle" v="-1"/>
    <tag k="cycleway:left" v="no"/>
    <tag k="cycleway:right" v="lane"/>
    <tag k="cycleway:right:lane" v="exclusive"/>
    <tag k="highway" v="secondary"/>
    <tag k="lanes" v="2"/>
    <tag k="lit" v="yes"/>
    <tag k="maxspeed" v="50"/>
    <tag k="name" v="Gabelsbergerstraße"/>
    <tag k="name:etymology:wikidata" v="Q62137"/>
    <tag k="oneway" v="yes"/>
    <tag k="parking:both" v="yes"/>
    <tag k="parking:both:orientation" v="parallel"/>
    <tag k="psv" v="yes"/>
    <tag k="sidewalk:both" v="separate"/>
    <tag k="sidewalk:both:maxwidth" v="2.2"/>
    <tag k="sidewalk:both:surface" v="paving_stones"/>
    <tag k="sidewalk:both:width" v="3"/>
    <tag k="smoothness" v="excellent"/>
    <tag k="surface" v="asphalt"/>
    <tag k="width" v="11.0"/>
  </way>
  <way id="1055534870">
    <nd ref="9699117436"/>
    <nd ref="368339684"/>
    <tag k="bicycle_road" v="yes"/>
    <tag k="class:bicycle" v="1"/>
    <tag k="cycleway:both" v="no"/>
    <tag k="highway" v="residential"/>
    <tag k="lane_markings" v="no"/>
    <tag k="lit" v="yes"/>
    <tag k="maxspeed" v="30"/>
    <tag k="motor_vehicle" v="yes"/>
    <tag k="name" v="Adalbertstraße"/>
    <tag k="name:etymology:wikidata" v="Q60610"/>
    <tag k="oneway" v="yes"/>
    <tag k="oneway:bicycle" v="no"/>
    <tag k="parking:condition:both:1" v="residents"/>
    <tag k="parking:condition:both:1:residents" v="Akademieviertel"/>
    <tag k="parking:condition:both:2" v="ticket"/>
    <tag k="parking:condition:both:2:ticket" v="1h=1€;1d=6€"/>
    <tag k="parking:left" v="yes"/>
    <tag k="parking:left:orientation" v="diagonal"/>
    <tag k="parking:right" v="yes"/>
    <tag k="parking:right:orientation" v="parallel"/>
    <tag k="sidewalk" v="separate"/>
    <tag k="smoothness" v="good"/>
    <tag k="source:maxspeed" v="DE:bicycle_road"/>
    <tag k="surface" v="asphalt"/>
    <tag k="zone:maxspeed" v="DE:30"/>
    <tag k="zone:traffic" v="DE:urban"/>
  </way>
  <way id="1055534871">
    <nd ref="4532822645"/>
    <nd ref="4532822653"/>
    <nd ref="9699117436"/>
    <tag k="bicycle_road" v="yes"/>
    <tag k="class:bicycle" v="1"/>
    <tag k="cycleway:both" v="no"/>
    <tag k="highway" v="residential"/>
    <tag k="lit" v="yes"/>
    <tag k="maxspeed" v="30"/>
    <tag k="motor_vehicle" v="yes"/>
    <tag k="name" v="Adalbertstraße"/>
    <tag k="name:etymology:wikidata" v="Q60610"/>
    <tag k="oneway" v="yes"/>
    <tag k="oneway:bicycle" v="no"/>
    <tag k="parking:both" v="yes"/>
    <tag k="parking:both:orientation" v="diagonal"/>
    <tag k="parking:condition:both:1" v="residents"/>
    <tag k="parking:condition:both:1:residents" v="Akademieviertel"/>
    <tag k="parking:condition:both:2" v="ticket"/>
    <tag k="parking:condition:both:2:ticket" v="1h=1€;1d=6€"/>
    <tag k="sidewalk" v="separate"/>
    <tag k="smoothness" v="good"/>
    <tag k="source:maxspeed" v="DE:bicycle_road"/>
    <tag k="surface" v="asphalt"/>
    <tag k="zone:maxspeed" v="DE:30"/>
    <tag k="zone:traffic" v="DE:urban"/>
  </way>
  <way id="1093404773">
    <nd ref="1954309"/>
    <nd ref="1955506"/>
    <nd ref="9672760942"/>
    <nd ref="1955508"/>
    <tag k="bicycle" v="yes"/>
    <tag k="class:bicycle" v="1"/>
    <tag k="cycleway:both" v="separate"/>
    <tag k="foot" v="use_sidepath"/>
    <tag k="highway" v="secondary"/>
    <tag k="lanes" v="2"/>
    <tag k="lit" v="yes"/>
    <tag k="maxspeed" v="50"/>
    <tag k="name" v="Arcisstraße"/>
    <tag k="parking:both" v="lane"/>
    <tag k="parking:both:orientation" v="parallel"/>
    <tag k="sidewalk" v="separate"/>
    <tag k="smoothness" v="good"/>
    <tag k="source:maxspeed" v="DE:urban"/>
    <tag k="surface" v="asphalt"/>
  </way>
  <way id="1107392464">
    <nd ref="3953423473"/>
    <nd ref="1954365"/>
    <tag k="cycleway:both" v="no"/>
    <tag k="highway" v="secondary"/>
    <tag k="lanes" v="3"/>
    <tag k="lit" v="yes"/>
    <tag k="maxspeed" v="50"/>
    <tag k="name" v="Türkenstraße"/>
    <tag k="name:etymology:wikidata" v="Q2464483"/>
    <tag k="oneway" v="yes"/>
    <tag k="oneway:bicycle" v="no"/>
    <tag k="parking:both" v="no"/>
    <tag k="sidewalk" v="separate"/>
    <tag k="sidewalk:left:bicycle" v="yes"/>
    <tag k="sidewalk:left:bicycle:signed" v="yes"/>
    <tag k="sidewalk:left:oneway:bicycle" v="-1"/>
    <tag k="smoothness" v="good"/>
    <tag k="surface" v="asphalt"/>
  </way>
  <way id="1126236841">
    <nd ref="2570330020"/>
    <nd ref="27193408"/>
    <tag k="class:bicycle" v="1"/>
    <tag k="cycleway:both" v="no"/>
    <tag k="highway" v="residential"/>
    <tag k="lit" v="yes"/>
    <tag k="maxspeed" v="30"/>
    <tag k="name" v="Georgenstraße"/>
    <tag k="parking:both" v="yes"/>
    <tag k="parking:both:orientation" v="parallel"/>
    <tag k="parking:condition:both:1" v="residents"/>
    <tag k="parking:condition:both:1:residents" v="Akademieviertel"/>
    <tag k="parking:condition:both:2" v="ticket"/>
    <tag k="parking:condition:both:2:ticket" v="1h=1€;1d=6€"/>
    <tag k="sidewalk:both:surface" v="paving_stones"/>
    <tag k="sidewalk:left" v="yes"/>
    <tag k="sidewalk:right" v="separate"/>
    <tag k="smoothness" v="good"/>
    <tag k="surface" v="asphalt"/>
  </way>
  <way id="1126236842">
    <nd ref="27193408"/>
    <nd ref="2518837662"/>
    <nd ref="2203963770"/>
    <nd ref="371644467"/>
    <tag k="class:bicycle" v="1"/>
    <tag k="highway" v="residential"/>
    <tag k="lit" v="yes"/>
    <tag k="maxspeed" v="30"/>
    <tag k="name" v="Georgenstraße"/>
    <tag k="parking:both" v="yes"/>
    <tag k="parking:both:orientation" v="parallel"/>
    <tag k="parking:condition:both:1" v="residents"/>
    <tag k="parking:condition:both:1:residents" v="Akademieviertel"/>
    <tag k="parking:condition:both:2" v="ticket"/>
    <tag k="parking:condition:both:2:ticket" v="1h=1€;1d=6€"/>
    <tag k="sidewalk:both:surface" v="paving_stones"/>
    <tag k="sidewalk:left" v="yes"/>
    <tag k="sidewalk:right" v="separate"/>
    <tag k="smoothness" v="good"/>
    <tag k="surface" v="asphalt"/>
  </way>
  <way id="1168569265">
    <nd ref="2830289616"/>
    <nd ref="8271821933"/>
    <nd ref="10867683249"/>
    <tag k="class:bicycle" v="-2"/>
    <tag k="class:bicycle:non_experienced" v="-2"/>
    <tag k="cycleway:both" v="no"/>
    <tag k="foot" v="use_sidepath"/>
    <tag k="highway" v="tertiary"/>
    <tag k="lanes" v="2"/>
    <tag k="lit" v="yes"/>
    <tag k="maxspeed" v="50"/>
    <tag k="name" v="Barer Straße"/>
    <tag k="parking:both" v="lane"/>
    <tag k="parking:both:orientation" v="parallel"/>
    <tag k="sidewalk" v="separate"/>
    <tag k="smoothness" v="good"/>
    <tag k="surface" v="asphalt"/>
  </way>
  <way id="1168569266">
    <nd ref="10867703555"/>
    <nd ref="2830289618"/>
    <nd ref="2830289624"/>
    <nd ref="637795257"/>
    <tag k="class:bicycle" v="-2"/>
    <tag k="class:bicycle:non_experienced" v="-2"/>
    <tag k="cycleway:both" v="no"/>
    <tag k="foot" v="use_sidepath"/>
    <tag k="highway" v="tertiary"/>
    <tag k="lanes" v="2"/>
    <tag k="lit" v="yes"/>
    <tag k="maxspeed" v="50"/>
    <tag k="name" v="Barer Straße"/>
    <tag k="parking:both" v="lane"/>
    <tag k="parking:both:orientation" v="parallel"/>
    <tag k="sidewalk" v="separate"/>
    <tag k="smoothness" v="good"/>
    <tag k="surface" v="asphalt"/>
    <tag k="width" v="11.2"/>
  </way>
  <way id="1294707327">
    <nd ref="13725374564"/>
    <nd ref="922831081"/>
    <tag k="class:bicycle" v="-1"/>
    <tag k="cycleway:both" v="no"/>
    <tag k="foot" v="use_sidepath"/>
    <tag k="highway" v="residential"/>
    <tag k="lanes" v="2"/>
    <tag k="lit" v="yes"/>
    <tag k="maxspeed" v="30"/>
    <tag k="name" v="Schellingstraße"/>
    <tag k="name:etymology:wikidata" v="Q60070"/>
    <tag k="sidewalk" v="both"/>
    <tag k="sidewalk:both:surface" v="paving_stones"/>
    <tag k="source:maxspeed" v="sign"/>
    <tag k="surface" v="asphalt"/>
  </way>
  <way id="1294707328">
    <nd ref="13725374564"/>
    <nd ref="3813915952"/>
    <nd ref="13725374566"/>
    <nd ref="922831072"/>
    <nd ref="27487423"/>
    <nd ref="258890820"/>
    <nd ref="27487425"/>
    <nd ref="1954309"/>
    <tag k="bicycle" v="yes"/>
    <tag k="class:bicycle" v="-1"/>
    <tag k="cycleway:both" v="separate"/>
    <tag k="foot" v="use_sidepath"/>
    <tag k="highway" v="secondary"/>
    <tag k="lanes" v="2"/>
    <tag k="lit" v="yes"/>
    <tag k="maxspeed" v="50"/>
    <tag k="name" v="Arcisstraße"/>
    <tag k="shoulder" v="no"/>
    <tag k="sidewalk:both" v="separate"/>
    <tag k="smoothness" v="good"/>
    <tag k="source:maxspeed" v="DE:urban"/>
    <tag k="surface" v="asphalt"/>
  </way>
  <way id="1362813954">
    <nd ref="985216337"/>
    <nd ref="12617862981"/>
    <nd ref="6032284004"/>
    <nd ref="6032284003"/>
    <nd ref="6032284009"/>
    <nd ref="1954431"/>
    <tag k="class:bicycle" v="-2"/>
    <tag k="class:bicycle:non_experienced" v="-2"/>
    <tag k="cycleway:left" v="separate"/>
    <tag k="cycleway:right" v="no"/>
    <tag k="highway" v="tertiary"/>
    <tag k="lanes" v="2"/>
    <tag k="lit" v="yes"/>
    <tag k="maxspeed" v="50"/>
    <tag k="name" v="Barer Straße"/>
    <tag k="parking:both" v="lane"/>
    <tag k="parking:both:orientation" v="parallel"/>
    <tag k="parking:right:authentication:ticket" v="yes"/>
    <tag k="parking:right:authentication:ticket:conditional" v="no @ residents"/>
    <tag k="parking:right:fee" v="1 EUR/hour;6 EUR/day"/>
    <tag k="parking:right:fee:conditional" v="none @ residents"/>
    <tag k="parking:right:zone:residents" v="Akademieviertel"/>
    <tag k="postal_code" v="80799"/>
    <tag k="sidewalk:left" v="separate"/>
    <tag k="sidewalk:right" v="yes"/>
    <tag k="sidewalk:right:surface" v="paving_stones"/>
    <tag k="smoothness" v="good"/>
    <tag k="surface" v="asphalt"/>
  </way>
  <way id="1390073380">
    <nd ref="12866823471"/>
    <nd ref="20835181"/>
    <tag k="cycleway:both" v="no"/>
    <tag k="highway" v="residential"/>
    <tag k="lit" v="yes"/>
    <tag k="maxspeed" v="30"/>
    <tag k="name" v="Nordendstraße"/>
    <tag k="parking:both" v="lane"/>
    <tag k="parking:both:orientation" v="parallel"/>
    <tag k="postal_code" v="80799"/>
    <tag k="sidewalk" v="both"/>
    <tag k="sidewalk:both:surface" v="paving_stones"/>
    <tag k="smoothness" v="intermediate"/>
    <tag k="source:width" v="ARCore"/>
    <tag k="surface" v="sett"/>
    <tag k="width" v="6.2"/>
  </way>
  <node id="682198286" lat="48.1459196" lon="11.5756003"/>
  <node id="10146614938" lat="48.1459507" lon="11.5756131"/>
  <node id="1954400" lat="48.1522168" lon="11.5649463"/>
  <node id="1954403" lat="48.1518871" lon="11.5661583"/>
  <node id="1362751409" lat="48.1522044" lon="11.5650256"/>
  <node id="2440498757" lat="48.1519996" lon="11.5657576"/>
  <node id="2836367314" lat="48.1519013" lon="11.5661089"/>
  <node id="7983343" lat="48.1524255" lon="11.5683285"/>
  <node id="20835091" lat="48.1516934" lon="11.5709141"/>
  <node id="20982445" lat="48.1462501" lon="11.5733359"/>
  <node id="25576273" lat="48.1521186" lon="11.5723795"/>
  <node id="25576274" lat="48.1514087" lon="11.5719416"/>
  <node id="29564155" lat="48.1476037" lon="11.5680120"/>
  <node id="29565896" lat="48.1489626" lon="11.5719385"/>
  <node id="29565897" lat="48.1468858" lon="11.5705850"/>
  <node id="83870461" lat="48.1507764" lon="11.5700601"/>
  <node id="244213412" lat="48.1509801" lon="11.5734521"/>
  <node id="244213413" lat="48.1516731" lon="11.5709873"/>
  <node id="315667013" lat="48.1515107" lon="11.5674950"/>
  <node id="433730419" lat="48.1487332" lon="11.5727558"/>
  <node id="618163559" lat="48.1501545" lon="11.5677214"/>
  <node id="618163561" lat="48.1500031" lon="11.5682397"/>
  <node id="618163567" lat="48.1498567" lon="11.5687554"/>
  <node id="618163568" lat="48.1499184" lon="11.5685394"/>
  <node id="618697468" lat="48.1470343" lon="11.5706818"/>
  <node id="618697470" lat="48.1479233" lon="11.5712612"/>
  <node id="618697472" lat="48.1498272" lon="11.5694435"/>
  <node id="618697473" lat="48.1493871" lon="11.5704260"/>
  <node id="618697474" lat="48.1492737" lon="11.5708299"/>
  <node id="618697480" lat="48.1504275" lon="11.5713237"/>
  <node id="618697482" lat="48.1510312" lon="11.5732752"/>
  <node id="637762338" lat="48.1481890" lon="11.5714344"/>
  <node id="637795257" lat="48.1500583" lon="11.5726465"/>
  <node id="639077142" lat="48.1509303" lon="11.5694962"/>
  <node id="658546068" lat="48.1525606" lon="11.5681912"/>
  <node id="725632778" lat="48.1498794" lon="11.5686743"/>
  <node id="735102750" lat="48.1491333" lon="11.5713301"/>
  <node id="922831058" lat="48.1507970" lon="11.5699764"/>
  <node id="922831072" lat="48.1524721" lon="11.5711464"/>
  <node id="922831081" lat="48.1517749" lon="11.5706206"/>
  <node id="922831093" lat="48.1476271" lon="11.5679372"/>
  <node id="922879314" lat="48.1507610" lon="11.5701289"/>
  <node id="922879322" lat="48.1517303" lon="11.5707824"/>
  <node id="922879323" lat="48.1524487" lon="11.5712376"/>
  <node id="967091759" lat="48.1524926" lon="11.5710664"/>
  <node id="967091764" lat="48.1496887" lon="11.5693512"/>
  <node id="967091796" lat="48.1475801" lon="11.5680967"/>
  <node id="1315348781" lat="48.1487740" lon="11.5726105"/>
  <node id="1326631482" lat="48.1489292" lon="11.5688635"/>
  <node id="1326631495" lat="48.1482122" lon="11.5714495"/>
  <node id="1344352538" lat="48.1503259" lon="11.5716877"/>
  <node id="1344352547" lat="48.1501321" lon="11.5723821"/>
  <node id="1562831706" lat="48.1468914" lon="11.5705649"/>
  <node id="1562831708" lat="48.1489689" lon="11.5719158"/>
  <node id="1562831710" lat="48.1510353" lon="11.5732596"/>
  <node id="1628699894" lat="48.1463232" lon="11.5733782"/>
  <node id="1679831907" lat="48.1489562" lon="11.5719612"/>
  <node id="1679831925" lat="48.1491800" lon="11.5720790"/>
  <node id="1679831932" lat="48.1500636" lon="11.5726276"/>
  <node id="1679831934" lat="48.1510271" lon="11.5732908"/>
  <node id="1770337075" lat="48.1478661" lon="11.5712239"/>
  <node id="2064183917" lat="48.1473602" lon="11.5678576"/>
  <node id="2440489870" lat="48.1520062" lon="11.5698057"/>
  <node id="2440489881" lat="48.1523679" lon="11.5685330"/>
  <node id="2830289616" lat="48.1504335" lon="11.5728890"/>
  <node id="2830289618" lat="48.1498255" lon="11.5724961"/>
  <node id="2830289624" lat="48.1500309" lon="11.5726288"/>
  <node id="2836350886" lat="48.1484844" lon="11.5736444"/>
  <node id="2836350889" lat="48.1485839" lon="11.5732877"/>
  <node id="2836367311" lat="48.1502165" lon="11.5720798"/>
  <node id="2836367313" lat="48.1512746" lon="11.5683090"/>
  <node id="2836367318" lat="48.1512867" lon="11.5682673"/>
  <node id="2844759599" lat="48.1509044" lon="11.5716278"/>
  <node id="2898180074" lat="48.1477057" lon="11.5676504"/>
  <node id="2898180096" lat="48.1498026" lon="11.5689472"/>
  <node id="2898183206" lat="48.1490325" lon="11.5689306"/>
  <node id="2898183208" lat="48.1482500" lon="11.5684276"/>
  <node id="2959331869" lat="48.1477727" lon="11.5674129"/>
  <node id="3153419924" lat="48.1492944" lon="11.5707560"/>
  <node id="3153419927" lat="48.1495429" lon="11.5692612"/>
  <node id="3153426217" lat="48.1477564" lon="11.5681121"/>
  <node id="3451083084" lat="48.1486459" lon="11.5686815"/>
  <node id="3451083085" lat="48.1497451" lon="11.5691510"/>
  <node id="3505015540" lat="48.1510060" lon="11.5733645"/>
  <node id="3505015541" lat="48.1510492" lon="11.5732107"/>
  <node id="3514129370" lat="48.1469169" lon="11.5675733"/>
  <node id="3580335712" lat="48.1509691" lon="11.5732351"/>
  <node id="3580335715" lat="48.1510581" lon="11.5731793"/>
  <node id="3580335718" lat="48.1510946" lon="11.5733159"/>
  <node id="3580335731" lat="48.1517586" lon="11.5736332"/>
  <node id="3580395763" lat="48.1488952" lon="11.5718946"/>
  <node id="3580395765" lat="48.1489408" lon="11.5720159"/>
  <node id="3580395767" lat="48.1489999" lon="11.5718053"/>
  <node id="3580395770" lat="48.1490132" lon="11.5719713"/>
  <node id="3580395784" lat="48.1500828" lon="11.5725585"/>
  <node id="3608601612" lat="48.1503353" lon="11.5716542"/>
  <node id="3757402785" lat="48.1510823" lon="11.5730881"/>
  <node id="3811556859" lat="48.1518310" lon="11.5704269"/>
  <node id="3811913159" lat="48.1525492" lon="11.5679017"/>
  <node id="3813915947" lat="48.1516851" lon="11.5706426"/>
  <node id="3813915949" lat="48.1517227" lon="11.5708085"/>
  <node id="3813915952" lat="48.1518357" lon="11.5707391"/>
  <node id="3946157840" lat="48.1524100" lon="11.5680911"/>
  <node id="3946157843" lat="48.1525102" lon="11.5680434"/>
  <node id="3953206285" lat="48.1475475" lon="11.5679764"/>
  <node id="3953206286" lat="48.1475641" lon="11.5681539"/>
  <node id="3966143623" lat="48.1513497" lon="11.5719049"/>
  <node id="3966267732" lat="48.1503336" lon="11.5716600"/>
  <node id="3966267737" lat="48.1504711" lon="11.5713516"/>
  <node id="4208491065" lat="48.1506571" lon="11.5730335"/>
  <node id="4213892306" lat="48.1505414" lon="11.5709155"/>
  <node id="4534884740" lat="48.1488224" lon="11.5687949"/>
  <node id="4638819851" lat="48.1511616" lon="11.5703070"/>
  <node id="4639828771" lat="48.1522409" lon="11.5719564"/>
  <node id="6262887387" lat="48.1508511" lon="11.5701080"/>
  <node id="6532448292" lat="48.1507262" lon="11.5702536"/>
  <node id="8057974437" lat="48.1510676" lon="11.5690205"/>
  <node id="8132043575" lat="48.1510514" lon="11.5690736"/>
  <node id="8271821933" lat="48.1504880" lon="11.5729242"/>
  <node id="8500644989" lat="48.1478184" lon="11.5711928"/>
  <node id="8748689411" lat="48.1476836" lon="11.5680644"/>
  <node id="8748721317" lat="48.1497108" lon="11.5692726"/>
  <node id="8748721318" lat="48.1497489" lon="11.5693911"/>
  <node id="8748721324" lat="48.1496506" lon="11.5694870"/>
  <node id="8748721326" lat="48.1496302" lon="11.5695596"/>
  <node id="8748721373" lat="48.1469188" lon="11.5704666"/>
  <node id="8748721378" lat="48.1485914" lon="11.5732609"/>
  <node id="8748721388" lat="48.1469690" lon="11.5706392"/>
  <node id="8748896817" lat="48.1524569" lon="11.5682199"/>
  <node id="8748896829" lat="48.1515619" lon="11.5675289"/>
  <node id="8748896834" lat="48.1515296" lon="11.5674279"/>
  <node id="8748896836" lat="48.1514822" lon="11.5675933"/>
  <node id="9508320100" lat="48.1518541" lon="11.5703470"/>
  <node id="9508320101" lat="48.1514712" lon="11.5719801"/>
  <node id="9508370962" lat="48.1523946" lon="11.5684351"/>
  <node id="9576023917" lat="48.1476686" lon="11.5680546"/>
  <node id="10824610463" lat="48.1496312" lon="11.5693157"/>
  <node id="10867683249" lat="48.1506046" lon="11.5729996"/>
  <node id="10867703555" lat="48.1494185" lon="11.5722331"/>
  <node id="11254062394" lat="48.1462872" lon="11.5733563"/>
  <node id="11254062395" lat="48.1462673" lon="11.5733442"/>
  <node id="12073521501" lat="48.1524328" lon="11.5712926"/>
  <node id="12401100453" lat="48.1512194" lon="11.5684988"/>
  <node id="12715535132" lat="48.1497063" lon="11.5693629"/>
  <node id="12715559615" lat="48.1476201" lon="11.5679595"/>
  <node id="13381882285" lat="48.1469545" lon="11.5703386"/>
  <node id="13725374560" lat="48.1524806" lon="11.5681379"/>
  <node id="13725374561" lat="48.1525275" lon="11.5679804"/>
  <node id="13725374563" lat="48.1523802" lon="11.5680714"/>
  <node id="13725374564" lat="48.1517557" lon="11.5706879"/>
  <node id="13725374565" lat="48.1518078" lon="11.5705070"/>
  <node id="13725374566" lat="48.1518717" lon="11.5707622"/>
  <node id="13725374567" lat="48.1516508" lon="11.5706206"/>
  <node id="1954405" lat="48.1547345" lon="11.5665817"/>
  <node id="6730038" lat="48.1539228" lon="11.5660554"/>
  <node id="20835182" lat="48.1544520" lon="11.5642057"/>
  <node id="1362751391" lat="48.1539008" lon="11.5661301"/>
  <node id="1362751392" lat="48.1539556" lon="11.5659387"/>
  <node id="1362826058" lat="48.1547171" lon="11.5666727"/>
  <node id="8748896724" lat="48.1544289" lon="11.5642863"/>
  <node id="13289602073" lat="48.1537409" lon="11.5666884"/>
  <node id="13289602092" lat="48.1545968" lon="11.5670240"/>
  <node id="13289602093" lat="48.1546308" lon="11.5669707"/>
  <node id="13289602094" lat="48.1545798" lon="11.5670639"/>
  <node id="13289602095" lat="48.1546484" lon="11.5669261"/>
  <node id="1954309" lat="48.1540458" lon="11.5721703"/>
  <node id="1955500" lat="48.1531849" lon="11.5686070"/>
  <node id="1955504" lat="48.1550917" lon="11.5683549"/>
  <node id="1955505" lat="48.1558600" lon="11.5684045"/>
  <node id="1955506" lat="48.1547379" lon="11.5726259"/>
  <node id="1955508" lat="48.1557481" lon="11.5732787"/>
  <node id="1955512" lat="48.1589027" lon="11.5690809"/>
  <node id="1955535" lat="48.1542923" lon="11.5680381"/>
  <node id="7983328" lat="48.1536989" lon="11.5733706"/>
  <node id="20835174" lat="48.1533374" lon="11.5680934"/>
  <node id="21090904" lat="48.1575673" lon="11.5688678"/>
  <node id="25575942" lat="48.1528955" lon="11.5728786"/>
  <node id="25576121" lat="48.1549516" lon="11.5690212"/>
  <node id="25576122" lat="48.1564819" lon="11.5707258"/>
  <node id="27161285" lat="48.1567260" lon="11.5685958"/>
  <node id="27479756" lat="48.1529453" lon="11.5717250"/>
  <node id="27479757" lat="48.1529925" lon="11.5719509"/>
  <node id="27479758" lat="48.1532805" lon="11.5721347"/>
  <node id="27479759" lat="48.1534194" lon="11.5720608"/>
  <node id="27487423" lat="48.1529987" lon="11.5714891"/>
  <node id="27487424" lat="48.1531324" lon="11.5720860"/>
  <node id="27487425" lat="48.1535235" lon="11.5718305"/>
  <node id="244213414" lat="48.1526046" lon="11.5677062"/>
  <node id="258890820" lat="48.1532535" lon="11.5716548"/>
  <node id="265280126" lat="48.1534926" lon="11.5675550"/>
  <node id="345548194" lat="48.1528766" lon="11.5696694"/>
  <node id="358561211" lat="48.1544672" lon="11.5707066"/>
  <node id="647081880" lat="48.1544050" lon="11.5681269"/>
  <node id="647081896" lat="48.1548233" lon="11.5683122"/>
  <node id="647081897" lat="48.1546289" lon="11.5682576"/>
  <node id="647081908" lat="48.1563305" lon="11.5684918"/>
  <node id="658546069" lat="48.1528395" lon="11.5683799"/>
  <node id="658546079" lat="48.1530784" lon="11.5685374"/>
  <node id="658546080" lat="48.1533687" lon="11.5679881"/>
  <node id="658546081" lat="48.1533112" lon="11.5681818"/>
  <node id="922831085" lat="48.1547618" lon="11.5725514"/>
  <node id="922831100" lat="48.1540723" lon="11.5720787"/>
  <node id="922879370" lat="48.1540206" lon="11.5722546"/>
  <node id="922879371" lat="48.1547158" lon="11.5727046"/>
  <node id="967091728" lat="48.1532295" lon="11.5717383"/>
  <node id="967091799" lat="48.1529782" lon="11.5715728"/>
  <node id="967091831" lat="48.1534986" lon="11.5719063"/>
  <node id="1041077314" lat="48.1588118" lon="11.5690853"/>
  <node id="1088755390" lat="48.1590059" lon="11.5690758"/>
  <node id="1088755403" lat="48.1558061" lon="11.5688859"/>
  <node id="1088755412" lat="48.1550787" lon="11.5684742"/>
  <node id="1088755488" lat="48.1543270" lon="11.5679257"/>
  <node id="1088755528" lat="48.1558490" lon="11.5685242"/>
  <node id="2440511937" lat="48.1539438" lon="11.5680318"/>
  <node id="2440534878" lat="48.1557386" lon="11.5691722"/>
  <node id="2440548596" lat="48.1542035" lon="11.5716265"/>
  <node id="3475248906" lat="48.1556774" lon="11.5693969"/>
  <node id="3475248907" lat="48.1557061" lon="11.5692976"/>
  <node id="3586792944" lat="48.1576603" lon="11.5688866"/>
  <node id="3586813593" lat="48.1575344" lon="11.5688572"/>
  <node id="3906092200" lat="48.1547834" lon="11.5696335"/>
  <node id="3906092204" lat="48.1554729" lon="11.5700765"/>
  <node id="3953738573" lat="48.1529451" lon="11.5717868"/>
  <node id="3953738574" lat="48.1529549" lon="11.5718479"/>
  <node id="3953738575" lat="48.1529561" lon="11.5716649"/>
  <node id="3953738576" lat="48.1529719" lon="11.5719078"/>
  <node id="3953738577" lat="48.1530212" lon="11.5719927"/>
  <node id="3953738578" lat="48.1530535" lon="11.5720269"/>
  <node id="3953738579" lat="48.1532093" lon="11.5721225"/>
  <node id="3953738580" lat="48.1532451" lon="11.5721311"/>
  <node id="3953738581" lat="48.1533217" lon="11.5721279"/>
  <node id="3953738582" lat="48.1533576" lon="11.5721169"/>
  <node id="3953738583" lat="48.1533930" lon="11.5720910"/>
  <node id="3953738584" lat="48.1534653" lon="11.5719770"/>
  <node id="4019702605" lat="48.1542385" lon="11.5680021"/>
  <node id="4019702608" lat="48.1543584" lon="11.5680892"/>
  <node id="6788465247" lat="48.1566269" lon="11.5685697"/>
  <node id="6788465248" lat="48.1568121" lon="11.5686237"/>
  <node id="8748721479" lat="48.1537597" lon="11.5734100"/>
  <node id="8748896852" lat="48.1536547" lon="11.5680711"/>
  <node id="9672760942" lat="48.1556502" lon="11.5732154"/>
  <node id="13289601819" lat="48.1548529" lon="11.5683168"/>
  <node id="13289601821" lat="48.1547160" lon="11.5682860"/>
  <node id="13289601822" lat="48.1545393" lon="11.5682143"/>
  <node id="13289601823" lat="48.1544594" lon="11.5681616"/>
  <node id="13289601834" lat="48.1544295" lon="11.5675757"/>
  <node id="13289601836" lat="48.1545493" lon="11.5671632"/>
  <node id="13289602061" lat="48.1550716" lon="11.5685492"/>
  <node id="13289602062" lat="48.1550598" lon="11.5686270"/>
  <node id="13289602063" lat="48.1550378" lon="11.5687205"/>
  <node id="13289602084" lat="48.1544897" lon="11.5673698"/>
  <node id="13289602100" lat="48.1536303" lon="11.5679911"/>
  <node id="13289602106" lat="48.1541980" lon="11.5679959"/>
  <node id="13725374562" lat="48.1525996" lon="11.5682176"/>
  <node id="1954361" lat="48.1468282" lon="11.5795559"/>
  <node id="1954365" lat="48.1482135" lon="11.5746071"/>
  <node id="1954411" lat="48.1517315" lon="11.5737246"/>
  <node id="1954421" lat="48.1500034" lon="11.5769013"/>
  <node id="1954425" lat="48.1502783" lon="11.5759606"/>
  <node id="7983336" lat="48.1496775" lon="11.5780304"/>
  <node id="18280273" lat="48.1476155" lon="11.5767013"/>
  <node id="21543940" lat="48.1518608" lon="11.5759799"/>
  <node id="25575941" lat="48.1525027" lon="11.5742201"/>
  <node id="27479744" lat="48.1464437" lon="11.5771561"/>
  <node id="27479749" lat="48.1468559" lon="11.5770522"/>
  <node id="27487414" lat="48.1521736" lon="11.5740088"/>
  <node id="27487415" lat="48.1517108" lon="11.5768897"/>
  <node id="27487421" lat="48.1474149" lon="11.5773824"/>
  <node id="82732145" lat="48.1491730" lon="11.5798602"/>
  <node id="244213411" lat="48.1491429" lon="11.5799704"/>
  <node id="296231135" lat="48.1503257" lon="11.5757899"/>
  <node id="372797360" lat="48.1468688" lon="11.5793960"/>
  <node id="667534351" lat="48.1522896" lon="11.5782716"/>
  <node id="715327363" lat="48.1478303" lon="11.5759681"/>
  <node id="729534257" lat="48.1482430" lon="11.5745000"/>
  <node id="735102763" lat="48.1477122" lon="11.5763626"/>
  <node id="885517802" lat="48.1483280" lon="11.5741992"/>
  <node id="928314836" lat="48.1488715" lon="11.5750522"/>
  <node id="976966661" lat="48.1487321" lon="11.5774173"/>
  <node id="976966759" lat="48.1480741" lon="11.5769893"/>
  <node id="1078841372" lat="48.1469258" lon="11.5796018"/>
  <node id="1307632421" lat="48.1472689" lon="11.5779191"/>
  <node id="1628699897" lat="48.1476463" lon="11.5742363"/>
  <node id="1669909107" lat="48.1519368" lon="11.5795049"/>
  <node id="1669909108" lat="48.1525282" lon="11.5774371"/>
  <node id="1679831940" lat="48.1517367" lon="11.5737094"/>
  <node id="1679831941" lat="48.1521708" lon="11.5740262"/>
  <node id="1679831952" lat="48.1525075" lon="11.5742038"/>
  <node id="2155840718" lat="48.1482654" lon="11.5746422"/>
  <node id="2155845159" lat="48.1476712" lon="11.5767363"/>
  <node id="2498451732" lat="48.1469122" lon="11.5792299"/>
  <node id="2498451733" lat="48.1469673" lon="11.5796210"/>
  <node id="2589265347" lat="48.1483237" lon="11.5771516"/>
  <node id="2589265387" lat="48.1485017" lon="11.5747979"/>
  <node id="2602955220" lat="48.1488967" lon="11.5750684"/>
  <node id="2830218278" lat="48.1465433" lon="11.5760052"/>
  <node id="2830274756" lat="48.1520456" lon="11.5748125"/>
  <node id="2830274757" lat="48.1520230" lon="11.5749521"/>
  <node id="2830274768" lat="48.1519499" lon="11.5754162"/>
  <node id="2830289489" lat="48.1506597" lon="11.5745979"/>
  <node id="2889240729" lat="48.1493261" lon="11.5778032"/>
  <node id="3188376660" lat="48.1463853" lon="11.5759026"/>
  <node id="3684105632" lat="48.1470612" lon="11.5786817"/>
  <node id="3684105636" lat="48.1470789" lon="11.5786167"/>
  <node id="3811913890" lat="48.1502334" lon="11.5761141"/>
  <node id="3946157827" lat="48.1502168" lon="11.5759209"/>
  <node id="3946157829" lat="48.1503062" lon="11.5758596"/>
  <node id="3953423473" lat="48.1481147" lon="11.5745402"/>
  <node id="3953423474" lat="48.1481842" lon="11.5747112"/>
  <node id="4030168339" lat="48.1491264" lon="11.5776744"/>
  <node id="4476505946" lat="48.1491860" lon="11.5798130"/>
  <node id="4532822645" lat="48.1517439" lon="11.5801562"/>
  <node id="4534215932" lat="48.1512942" lon="11.5790917"/>
  <node id="4534215940" lat="48.1518616" lon="11.5769907"/>
  <node id="4743056825" lat="48.1506228" lon="11.5747292"/>
  <node id="5964210859" lat="48.1497031" lon="11.5779481"/>
  <node id="5964210860" lat="48.1497385" lon="11.5780723"/>
  <node id="5964210861" lat="48.1496275" lon="11.5779983"/>
  <node id="5964210862" lat="48.1496509" lon="11.5781284"/>
  <node id="6342094014" lat="48.1480364" lon="11.5769656"/>
  <node id="6342094026" lat="48.1477913" lon="11.5800064"/>
  <node id="6351290209" lat="48.1474917" lon="11.5798662"/>
  <node id="6386705974" lat="48.1474365" lon="11.5773092"/>
  <node id="6386705975" lat="48.1473200" lon="11.5777316"/>
  <node id="6386705979" lat="48.1473282" lon="11.5777013"/>
  <node id="6386707486" lat="48.1473718" lon="11.5775410"/>
  <node id="6386707490" lat="48.1474461" lon="11.5772764"/>
  <node id="6420639785" lat="48.1482644" lon="11.5771131"/>
  <node id="8748721379" lat="48.1484779" lon="11.5736653"/>
  <node id="8748721380" lat="48.1484037" lon="11.5739296"/>
  <node id="8748721394" lat="48.1503252" lon="11.5759912"/>
  <node id="8748721412" lat="48.1525082" lon="11.5775071"/>
  <node id="8748721452" lat="48.1525600" lon="11.5773258"/>
  <node id="8748721460" lat="48.1517271" lon="11.5767911"/>
  <node id="8748721469" lat="48.1518978" lon="11.5759741"/>
  <node id="8844818000" lat="48.1518877" lon="11.5794724"/>
  <node id="8844818001" lat="48.1519584" lon="11.5794293"/>
  <node id="8844818002" lat="48.1519130" lon="11.5795853"/>
  <node id="8844818003" lat="48.1519958" lon="11.5795436"/>
  <node id="8867980129" lat="48.1525722" lon="11.5799222"/>
  <node id="9717748425" lat="48.1502467" lon="11.5760686"/>
  <node id="9717748426" lat="48.1501873" lon="11.5759019"/>
  <node id="9717748427" lat="48.1503167" lon="11.5758222"/>
  <node id="9717748428" lat="48.1502370" lon="11.5761019"/>
  <node id="10146614933" lat="48.1475957" lon="11.5767684"/>
  <node id="10146614935" lat="48.1476436" lon="11.5766030"/>
  <node id="10146614956" lat="48.1475677" lon="11.5766702"/>
  <node id="10146614957" lat="48.1473650" lon="11.5773530"/>
  <node id="10174605164" lat="48.1521566" lon="11.5741151"/>
  <node id="10693711071" lat="48.1524731" lon="11.5774002"/>
  <node id="10693711072" lat="48.1525887" lon="11.5774766"/>
  <node id="12120901603" lat="48.1515117" lon="11.5792394"/>
  <node id="12251388817" lat="48.1467747" lon="11.5761554"/>
  <node id="12254058112" lat="48.1486679" lon="11.5773755"/>
  <node id="12254058120" lat="48.1488094" lon="11.5774677"/>
  <node id="12254058126" lat="48.1488868" lon="11.5775182"/>
  <node id="13011686616" lat="48.1473313" lon="11.5740320"/>
  <node id="1954419" lat="48.1489839" lon="11.5805644"/>
  <node id="27270924" lat="48.1501162" lon="11.5810941"/>
  <node id="185978484" lat="48.1504290" lon="11.5805972"/>
  <node id="201967333" lat="48.1508302" lon="11.5806353"/>
  <node id="201978399" lat="48.1510873" lon="11.5811092"/>
  <node id="201978400" lat="48.1509014" lon="11.5807016"/>
  <node id="201978401" lat="48.1505176" lon="11.5805626"/>
  <node id="201978402" lat="48.1502736" lon="11.5807322"/>
  <node id="246913139" lat="48.1525007" lon="11.5807384"/>
  <node id="265086763" lat="48.1485661" lon="11.5803689"/>
  <node id="368339489" lat="48.1522926" lon="11.5818195"/>
  <node id="368339684" lat="48.1513509" lon="11.5815025"/>
  <node id="372796487" lat="48.1501595" lon="11.5809401"/>
  <node id="372796999" lat="48.1490233" lon="11.5804052"/>
  <node id="847979769" lat="48.1502103" lon="11.5808285"/>
  <node id="847979776" lat="48.1511026" lon="11.5812327"/>
  <node id="1041430752" lat="48.1496233" lon="11.5808635"/>
  <node id="1078841350" lat="48.1490647" lon="11.5806022"/>
  <node id="1078841388" lat="48.1488930" lon="11.5805219"/>
  <node id="1318875725" lat="48.1506999" lon="11.5805672"/>
  <node id="1402091614" lat="48.1503473" lon="11.5806543"/>
  <node id="2548484600" lat="48.1510171" lon="11.5808820"/>
  <node id="2739597253" lat="48.1487661" lon="11.5804625"/>
  <node id="2739597263" lat="48.1494777" lon="11.5807954"/>
  <node id="2795288307" lat="48.1510585" lon="11.5809912"/>
  <node id="2795288308" lat="48.1506089" lon="11.5805524"/>
  <node id="2795288311" lat="48.1509643" lon="11.5807846"/>
  <node id="3486819301" lat="48.1490669" lon="11.5802428"/>
  <node id="3818918482" lat="48.1490427" lon="11.5803328"/>
  <node id="4466373441" lat="48.1493306" lon="11.5807266"/>
  <node id="4532822653" lat="48.1515968" lon="11.5806532"/>
  <node id="4753785224" lat="48.1496548" lon="11.5808783"/>
  <node id="5991588503" lat="48.1507526" lon="11.5805876"/>
  <node id="7842713634" lat="48.1482726" lon="11.5802316"/>
  <node id="8042787360" lat="48.1523111" lon="11.5816621"/>
  <node id="9699117436" lat="48.1515303" lon="11.5808828"/>
  <node id="1954316" lat="48.1578142" lon="11.5798864"/>
  <node id="1954430" lat="48.1533012" lon="11.5747329"/>
  <node id="1954431" lat="48.1545205" lon="11.5754691"/>
  <node id="7983325" lat="48.1539980" lon="11.5751781"/>
  <node id="7983327" lat="48.1544041" lon="11.5738274"/>
  <node id="7983333" lat="48.1550139" lon="11.5762589"/>
  <node id="7983334" lat="48.1531258" lon="11.5778277"/>
  <node id="7983337" lat="48.1526610" lon="11.5799805"/>
  <node id="20835181" lat="48.1538628" lon="11.5756238"/>
  <node id="21543941" lat="48.1530078" lon="11.5757761"/>
  <node id="21543996" lat="48.1557237" lon="11.5795867"/>
  <node id="21543998" lat="48.1527834" lon="11.5765445"/>
  <node id="25575939" lat="48.1554071" lon="11.5744651"/>
  <node id="27487416" lat="48.1539608" lon="11.5763455"/>
  <node id="27487417" lat="48.1537056" lon="11.5781887"/>
  <node id="185935048" lat="48.1556928" lon="11.5795786"/>
  <node id="246913169" lat="48.1527932" lon="11.5793659"/>
  <node id="363409244" lat="48.1538165" lon="11.5756309"/>
  <node id="675088767" lat="48.1550193" lon="11.5761724"/>
  <node id="922879367" lat="48.1577202" lon="11.5798735"/>
  <node id="985216337" lat="48.1543252" lon="11.5753930"/>
  <node id="1133140597" lat="48.1531624" lon="11.5757345"/>
  <node id="1669909114" lat="48.1566154" lon="11.5797045"/>
  <node id="1679831954" lat="48.1532963" lon="11.5747498"/>
  <node id="1679831959" lat="48.1533061" lon="11.5747160"/>
  <node id="1679831962" lat="48.1539927" lon="11.5751956"/>
  <node id="1679831965" lat="48.1540033" lon="11.5751606"/>
  <node id="1680052328" lat="48.1544771" lon="11.5754856"/>
  <node id="1680052354" lat="48.1545882" lon="11.5754623"/>
  <node id="2513030100" lat="48.1570660" lon="11.5797731"/>
  <node id="2513030102" lat="48.1566553" lon="11.5797118"/>
  <node id="2513030104" lat="48.1562415" lon="11.5796529"/>
  <node id="2513030106" lat="48.1556152" lon="11.5795583"/>
  <node id="2514355527" lat="48.1537319" lon="11.5779987"/>
  <node id="2518837648" lat="48.1538751" lon="11.5782995"/>
  <node id="2524384393" lat="48.1553931" lon="11.5794966"/>
  <node id="2570330020" lat="48.1546763" lon="11.5792929"/>
  <node id="2570330021" lat="48.1547251" lon="11.5788554"/>
  <node id="2830289478" lat="48.1527957" lon="11.5744083"/>
  <node id="3580259836" lat="48.1550726" lon="11.5753705"/>
  <node id="3580259850" lat="48.1553523" lon="11.5744302"/>
  <node id="3693961640" lat="48.1543113" lon="11.5755544"/>
  <node id="3693961641" lat="48.1543257" lon="11.5762907"/>
  <node id="4956834108" lat="48.1551519" lon="11.5753528"/>
  <node id="4958918514" lat="48.1529172" lon="11.5758160"/>
  <node id="6032284003" lat="48.1544004" lon="11.5754385"/>
  <node id="6032284004" lat="48.1543583" lon="11.5754130"/>
  <node id="6032284009" lat="48.1544489" lon="11.5754592"/>
  <node id="6258685327" lat="48.1531042" lon="11.5779276"/>
  <node id="6258685351" lat="48.1547027" lon="11.5790562"/>
  <node id="7416353777" lat="48.1549306" lon="11.5771137"/>
  <node id="7659237451" lat="48.1547950" lon="11.5782596"/>
  <node id="7729710098" lat="48.1543487" lon="11.5786098"/>
  <node id="8748721440" lat="48.1546505" lon="11.5788066"/>
  <node id="8748721450" lat="48.1537245" lon="11.5780519"/>
  <node id="8748721468" lat="48.1529378" lon="11.5758069"/>
  <node id="8748721481" lat="48.1533604" lon="11.5747707"/>
  <node id="8748721483" lat="48.1530793" lon="11.5757445"/>
  <node id="8748721484" lat="48.1528686" lon="11.5765301"/>
  <node id="8748721494" lat="48.1538808" lon="11.5763610"/>
  <node id="8748721496" lat="48.1540260" lon="11.5763355"/>
  <node id="8867980130" lat="48.1526473" lon="11.5800451"/>
  <node id="9130164146" lat="48.1537502" lon="11.5778747"/>
  <node id="10174605163" lat="48.1532794" lon="11.5748102"/>
  <node id="10693711067" lat="48.1530351" lon="11.5756850"/>
  <node id="10693711069" lat="48.1527651" lon="11.5766084"/>
  <node id="10693711073" lat="48.1529814" lon="11.5758708"/>
  <node id="10693711075" lat="48.1528272" lon="11.5763956"/>
  <node id="12327549927" lat="48.1572682" lon="11.5798041"/>
  <node id="12522636055" lat="48.1549559" lon="11.5761669"/>
  <node id="12617862981" lat="48.1543419" lon="11.5754023"/>
  <node id="12702215483" lat="48.1542892" lon="11.5755592"/>
  <node id="12815436725" lat="48.1547902" lon="11.5793253"/>
  <node id="12866823471" lat="48.1542687" lon="11.5755647"/>
  <node id="13287276723" lat="48.1539770" lon="11.5783662"/>
  <node id="13287276726" lat="48.1538374" lon="11.5772414"/>
  <node id="13287276818" lat="48.1548772" lon="11.5775648"/>
  <node id="27193408" lat="48.1545141" lon="11.5807046"/>
  <node id="371644467" lat="48.1541095" lon="11.5828223"/>
  <node id="2203963770" lat="48.1541203" lon="11.5827622"/>
  <node id="2518837662" lat="48.1544065" lon="11.5813195"/>
  <node id="21090905" lat="48.1603562" lon="11.5688948"/>
  <node id="21457585" lat="48.1597083" lon="11.5690724"/>
  <node id="1088755358" lat="48.1599746" lon="11.5690352"/>
  <node id="1384982960" lat="48.1598330" lon="11.5690588"/>
  <node id="8867266359" lat="48.1601783" lon="11.5689747"/>
  <node id="10291535069" lat="48.1602621" lon="11.5689356"/>

</osm>
